,0,1,2,3,4,5,6,7,8,9,10,11,12,13,14,15,16,17,18,19,20,21,22,23,24,25,26,27,28,29,30,31,32,33,34,35,36,37,38,39,40,41,42,43,44,45,46,47,48,49,50,51,52,53,54,55,56,57,58,59,60,61,62,63,64,65,66,67,68,69,70,71,72,73,74,75,76,77,78,79,80,81,82,83,84,85,86,87,88,89,90,91,92,93,94,95,96,97,98,99,100,101,102,103,104,105,106,107,108,109,110,111,112,113,114,115,116,117,118,119,120,121,122,123,124,125,126,127,128,129,130,131,132,133,134,135,136,137,138,139,140,141,142,143,144,145,146,147,148,149,150,151,152,153,154,155,156,157,158,159,160,161,162,163,164,165,166,167,168,169,170,171,172,173,174,175,176,177
eIm_005,4.320095410781719,6.070393325657239,2.794400652887397,0.27195085877818137,1.6478895333707302,1.6776751667581287,-4.879979295209986,0.5988549139557855,-1.7340500193328219,3.3631169005374377,1.1853726166573608,-4.785454355424758,-2.8207944955932467,-1.7127504988738123,-5.5340764504858875,3.617586513487145,-1.2211564955665797,0.8357512985543762,-0.952157592361905,1.791582511950137,0.4455811520754586,-1.1086013660188785,-2.0043636954006985,1.1927823660465289,3.0432163189870414,0.03528866423038668,2.182337780175815,1.103137919586828,-1.251784966562778,-0.11950009899079972,0.7265351447097064,4.721268856819594,-1.6896108434084338,-0.4246528706268763,-0.5405733718475625,-0.33681005006031506,4.17928584415582,1.778853385478723,0.7180562756601769,1.8286936477588847,-7.274732799235486,-2.5902273478879074,0.845994985352883,-0.8027887955844616,2.4690120651624086,3.872147213294499,1.2700011119186831,2.733392807310687,-1.8280644789796385,2.881001284932271,-0.0954269569838525,2.196651061527437,3.3399422550115734,-0.09436387711980958,0.3790458897917943,-1.6286190748053473,3.405105423045466,0.33395545770759205,-0.7237206208817398,0.13692556525556016,-3.0532202965334516,-0.46837980316369243,-2.956576655249902,-4.130507486249188,-0.48033982035566014,-1.560069834737582,-4.176042240632094,0.1361654420394638,-1.7073440771782296,-0.859372040880779,2.5761327030572687,0.031473644075441,0.556573589944958,2.055292629821584,-0.91279159177855,-0.3655887032417202,-2.3795617914714025,-0.144565275763068,0.9571446649957718,-0.9631847767170778,0.2213065157031221,-0.6862700181027923,1.11838153085217,-0.3703130239236547,-0.269911822719199,0.6131479999048761,0.9698971311951315,0.566731339917094,0.6891145348610752,0.07314578225242391,-0.9942749732567604,-0.6241942567090065,0.6225970499562538,0.9943468913784625,-0.15451291646818066,-0.2989959445670354,-0.17293863996268466,1.5275610306305687,0.5525306479170072,-0.053419070753160325,-1.1766762427389534,-0.38422536966655757,0.33469870906785926,0.19237824919439622,-0.6725283818494795,0.36611955650873895,-0.9759349775864181,0.5385975616199944,0.5200185104698041,-0.4621991200431339,-0.7154536403394085,0.7123323541950731,0.6420350016831082,-1.2970503439396228,-0.2614887748446454,0.6669585842967068,0.671608009171297,0.46582914845626844,0.13744868647357827,-0.4531019001159012,-0.09545952149187287,-0.27702817302364613,-0.6158250798098335,-0.7064931844806883,0.022064873310078892,0.1622389627277776,0.20412659758665241,0.3998466521440994,0.046572576464110504,-0.8773409134599062,0.12157122316019331,0.17632690280013408,-0.4618268935229861,-0.0104944909704273,-0.5336911772029863,0.37070692238546776,0.5303873932516101,0.005532713233829256,-0.21667328186874166,0.12201166374755423,-0.08580037326665946,-0.08963643367606122,-0.012606659572878376,-0.06839289833310402,-0.16554807572879868,0.03455761340448538,0.048406669995042284,-0.20256544942977328,0.05310699767037036,0.17213194408287347,0.22590373575416128,-0.2492491408003792,-0.0663190795557258,0.03104451681408861,0.15977688545946891,-0.07220746662353517,-0.1827371264814357,0.18092705701856437,-0.030389240663493078,0.0008824943145898656,0.1253590645665048,-0.09726176614070275,0.12417403497944554,0.10846030349205851,0.02296505997833953,-0.04950750226691558,-0.009931289616767813,-0.07058233821012105,-0.025502958398450126,-0.002512648440741838,-0.04418676271973743,0.02144886934374146,0.011218691762295618,-0.020490137395190455,-0.09259361479231865,0.0691418504792658,0.02594428161777551,0.0
eIm_006,-1.1058424913742435,7.452469059837079,-0.8660264542283462,1.8085884100557275,1.67879789930252,-0.40312453262758385,-4.314343640624343,0.02852923166189103,-1.5205654757945535,-0.431662342817447,0.23922690774814173,1.1344409139207576,0.6522868101332535,-0.6202154270788199,-1.1710617706561037,1.3959266138548139,0.03481819126545691,0.5624691607755075,0.8456597646818917,1.3788442867407738,1.6906243509536936,-0.5704106125244396,-1.0175982260911647,0.7859696050566491,1.4170811035411448,-0.26052509174907756,0.6555423159579234,-0.5427902499090596,-0.5639508835610371,-0.4605479648781792,0.20317675988293638,0.4985309464448926,-0.9960932210271429,0.13199105789723758,-0.3476247950135047,-0.051105237755323385,-0.7656734460355427,-0.7400664587975574,-0.32276613291904543,-0.3401436281464843,-0.25672050853558626,0.3526568864655393,-0.9783463268391552,-0.7528151440099374,-0.4116742870542881,0.3344198485955502,1.2691875694132064,-0.17996018169816952,1.5160326258612957,2.0077312558653277,-2.285441145095887,0.7177738049910865,2.5301301488435564,-0.6191341647842719,0.944471433991201,0.8606102768344088,1.2746680434171669,-1.6648669220224122,0.1288373495578431,-0.7255684955410882,0.8478455875382537,-1.1106632123076712,-1.0096875890610728,2.450984312758984,0.4387296110094586,1.0222202865587047,-2.864559481717926,-0.48383805242560374,1.1553880048639102,2.884749605876627,-1.6908268533720183,-0.7754822011176057,-1.04196688332164,-0.3078231356865073,-1.6350297225691248,-1.8255291658314046,1.0650824378825718,0.6881677693993531,0.2156913181651981,3.8252647932227024,0.23852644915603116,-2.2507453685395435,0.37310742835057803,-1.5271000738194822,-1.4377854694201537,-1.2260732676386294,3.1493894140379526,-0.11775859649516285,-0.31874165119450537,1.180205702904538,3.943366973567923,1.9110063488016404,0.2041038580911685,2.38921294124751,1.8282048645220754,0.6570062730844779,0.997631403989421,-3.784602265511026,-0.16707035501246703,1.3269171236974873,3.3103851978056182,2.0049063057438223,-0.23787703781423206,-0.5578225041743055,1.4817298400830903,-1.837489787668663,0.22487103565438685,-1.0811398850480467,-0.47740241905221814,1.0753210114854068,1.7980886737379094,-1.4133390075150272,-0.06508099806970011,-0.6810522170011933,0.46408110851090467,1.4107901523007613,0.3638715413096599,1.1468143100456363,-1.4225266955477247,-0.376573033707369,0.47241277717915164,-0.9511786617623814,-0.3359460986147983,-0.37743656667285297,0.43979856731077305,0.35222463631264633,-0.6045759383653064,0.021581049895260995,-1.2819663911456747,-0.9822475075253854,0.6657563629041522,-0.011395745852942007,0.0192857064933116,-1.5483101337899432,1.0379168800329661,-0.007564880543714736,0.05159129867153567,-0.2786107882319277,0.6949701261526506,-0.4213493825627941,0.011072023228352323,0.48973289078842264,0.6346786223167126,-0.04141142285301613,-0.04799257409713341,-0.6707880496333122,0.262688184965556,-0.29979039512117206,0.16884312416365588,-0.47553780794229783,0.48121079105134945,-0.017028581323708658,0.4413944701388386,-0.14264543327691043,0.3343134424017888,-0.239069371469246,0.14003200336438137,0.10356264441509655,-0.22746406969610278,0.13867246649917087,0.19532864848309495,0.1895600911971448,-0.1269647923745596,0.22670220452248638,0.06381478299087417,-0.047416554357131546,-0.10232914374175217,-0.00832791143422007,-0.021503004810340093,0.11106472414981816,-0.006635593230822634,-0.06711697468618544,0.08534374515375598,-0.012835119078172141,6.998706206917671e-05,0.034862864957140416,-0.02491062670518296,8.881784197001252e-16
eIm_007,0.8246954842926524,6.635266930292722,-1.191827384641584,2.0711796039898944,3.0292602772657515,1.0182070030787849,-6.502760269567051,-1.3096484066879746,-0.9172245919702838,0.481968532243904,1.102147677091346,1.9920130787976642,-1.1268687168959488,-0.8867087658013806,-1.1062631149323303,2.193744630873716,-0.7945087488843451,-0.11109383940554918,-0.2947269533304646,0.7604925317321783,2.1646771147376747,-1.5203844446813437,0.9899622204574725,0.13440640065330184,1.1285146632931815,-0.0647667042111657,-1.4015660341394542,-0.7947587864651513,-1.9736039226152653,0.8053252716428265,-1.652333355128796,0.9068778863800278,-0.7962923332992986,-0.3827608352988221,1.5249377171998144,-1.3028625199529535,2.472469947435176,0.33173731669664624,1.9522110635270857,1.3708763486663154,-1.455585636898591,0.15866889536634976,-0.5510053338135237,-0.9557185340797812,-3.2486491996155773,2.895160809414432,1.4913976242859712,-1.541444778586763,2.8589894556396507,0.2341560906920898,-3.074729109345801,1.8660607595483343,2.8936237637592894,0.17262554503884747,-1.1883459606962141,0.9615691059244582,1.2378371451822323,-0.7564968770911884,-1.003351593428769,-0.4371484545046657,0.6950894303057955,-0.21754377447545925,2.4483343709664482,2.208744207488386,-0.2870479744929715,2.4864633954276876,-0.09198924625960259,1.0294837335898512,0.9542554530542986,-0.6651514004105019,-2.3447563445077444,-2.6436504470304545,1.0848105588937063,-2.57948317234991,5.402873143814836,3.121366284168836,-4.387990866448056,-0.47699210941233305,-1.9492973951032178,1.3807436966204787,1.4224459045992184,1.3656188603106743,-2.3677245049316578,-0.4115277544004541,0.39546991370652007,-0.20417653278341402,-1.1026668427701192,0.1475054994127596,0.726453268453714,1.19884639672336,-0.07527558484174021,-1.3456584253967936,0.40550554802322003,-1.6337283358985715,1.256202447175487,2.044191950301437,-0.17189473594073001,0.2882216330817376,-1.3870758850340723,1.1423620478164391,1.0995059647852055,0.1572353709802224,-0.857232871721072,1.1464833999709587,-0.7342513499242486,1.0017807271726389,0.06356294923737973,-1.0683247884580997,-1.0331638078596002,-0.37089947104798954,-1.268776305725027,0.3830024209836329,-0.5320942829037375,0.9356548041536722,-1.339067269897391,-1.0491350891231648,-0.6205483024506209,-0.6000140567677388,0.21886422276519402,0.5344554020224039,0.37787107506504347,0.9153774415509197,1.190092730435463,0.020123716798049807,0.27662703961672586,-0.5880705972898527,0.06600747813664598,-0.053384665389867414,1.126526450552574,0.4032642977500387,-0.20500992868548584,0.05654027025188679,1.0589711132102642,-0.4105865134435471,-0.55389285223356,0.2674174641067386,-0.3982008797060138,0.08197478192592483,-0.7701309438458999,0.3984941690064898,-0.9174736405847695,0.9365465549515262,-0.29656322956859815,0.11102453466163476,0.3593706350414244,0.43849418352623915,-0.09613944096305138,-0.17627917434145568,-0.41537340837128783,-0.10641047008257742,-0.5627325816064366,-0.05595680816178239,-0.20075002485397508,0.1061174312161327,-0.17918835597532964,0.5969369396336746,-0.21073034489403053,-0.3175451339833717,0.11253864027074567,-0.05225305494696175,-0.020456763768301744,-0.07044466117039239,-0.16079438366920873,-0.20498869365045266,0.034645123955592494,0.07138841877879232,0.04612301588841805,0.12990030776887718,0.01310111490047483,-0.0019581117445637286,0.06251781995291772,0.02757459413864377,0.011640347148819563,0.05159094663360486,0.09472414247614203,0.04642247524587617,-0.008123117715914785,1.7763568394002505e-15
eIm_008,10.964853197825446,-0.15735114989745771,8.010037814461114,-1.056760604018466,0.9926205337360965,3.544508374976318,-5.661722786735296,4.145680351108423,-1.9511841789854136,10.748805301288291,3.31750547348112,-9.703758089481761,-8.278814212164542,2.6622510991603243,0.6634131661278986,-2.693286836381863,0.4389025936489802,-1.5225423051233284,-1.579351353754066,5.796534719436848,1.4688092431242514,2.6583053085540085,7.628733725149394,1.0561309671430066,-1.9951767201391601,2.622526891972709,3.24890527941743,5.568652981598839,0.29463474590832917,-1.089333903088012,0.34158237656825485,-1.1636275857863108,-0.29559501431837365,-4.354030457577672,4.870094521423019,-2.0165343248347343,-3.6397979149620463,1.42573150182318,-1.9112963756809418,-4.31576769638595,-0.0820865976519248,-0.9289816183530216,-2.1047480818840487,1.6106810213561902,1.1641883513604832,-0.0729601574836717,-0.631122280152389,-0.48876192080761394,-0.9092003264300654,-1.8763695449631599,-0.20546221497818717,1.3453538482343002,-2.177779181539691,-1.1006945177704237,1.468326831220751,-0.6055084667898968,-0.15867755933754235,0.8188696718531592,-0.40117361255798367,-1.413051643005837,1.230993338010258,1.2229577334501256,-0.5976449082196402,1.874504371734171,0.03887560051872252,0.6377258782154077,1.3128727870406076,-0.4628705637746576,1.1632421058571045,0.6365639823214261,-0.41662063333600374,-0.47680259187100993,0.2045039181565919,0.02954139173571857,-0.3179863269278803,0.9006343688542101,0.4388977165082703,-0.07688712662082098,0.016240164389744682,-0.08505996582863737,-0.29368527349597656,0.5281453371819451,-0.13990086317871603,-0.3525956702943118,0.14363992536103765,-0.06047772569760479,0.6331826926409148,0.26601909296851645,-0.41604287333930834,-0.13907020943782855,0.33721026658241715,0.057677422000026124,0.13708095069437776,-0.2523167720125725,-0.05509529159035942,0.2935439672658895,-0.07868462333783222,-0.17536927855754963,0.3658781849281597,-0.5416671666011046,0.28165541366790814,-0.4605322369437466,0.6516309979986263,0.03538893417363326,-0.17827650528529293,-0.5053806238646755,-0.10716037449015273,-0.44443318810313237,0.5100045964321329,0.7572375240083882,0.16989783797680968,-0.300830421429948,0.16171505532966582,0.08967133747595894,-0.011277355837880143,-0.6307246885067341,-0.3824553746970876,-0.2769434357547045,-0.4317442534533268,-0.046689501357067564,0.06453703930195731,0.17564600342212877,0.4403593627578263,0.07177875342523088,0.194440551059064,0.1469919277150608,-0.10707490676191678,0.29928257263825075,0.055572565317421274,0.3618557286857378,-0.12478661131804314,0.2520076309795424,0.05564281084340758,-0.3150491461423841,0.013141124047908348,-0.5011552289871155,-0.01875986696851134,-0.19827232620273,-0.08743583377566161,-0.04277120129101353,-0.1615280164743611,0.01400548637297494,-0.08959534946999326,0.1471187917440845,0.05079923432670094,0.012293763270103703,0.029193263646089818,-0.09791344582755035,-0.1289535793696795,0.2658952247175279,-0.08958143112552125,0.09855549532517793,-0.04886073500770016,-0.07378528571384567,0.18105901460871368,0.13486843624709377,0.0006587079077968738,0.10540756641664006,-0.01911241243248285,-0.08916404999649474,0.06121103123239102,0.057646487098975525,-0.05852753442471598,-0.08374731679400002,-0.05595041926756594,-0.039256938388773144,0.0006111618608951597,0.05574843049864292,0.006536436256444456,0.004448546872348524,-0.008647211602576865,0.015528755507700887,0.013699789011068608,0.05655028919803229,0.024598545544601946,-0.017136746983379636,-0.013412182445065146,8.881784197001252e-16
eIm_009,1.4039004972953695,8.0828115107352,-1.8847972455640734,-0.32053579417924993,-5.607849021699798,0.9051214177702722,1.2587009794288928,0.8315999580735622,1.4922027890085174,-0.5848145766670948,-0.23050109947014874,-2.274903687916078,-2.6215721904570564,0.9074724072959892,-0.9691222220943556,1.1156413739068736,-0.31312177713156486,0.3115773522508465,-0.2882185300805824,-0.35847961773146175,-0.05234743813296991,-0.8895340417343852,-0.35979104579755083,0.7364563003117504,-1.2720586731804155,0.6787182939151228,-0.3743782320768789,-0.6921136540707793,1.3672470595482182,0.14178372885436108,-0.07679874657678842,-1.0034475491476564,-1.55665842628368,1.1904631625903885,0.3600419855942632,-1.163272321907842,0.9565484525053081,1.9765486260900031,0.42298015995028115,0.9907279900500362,1.5471303083227117,-0.08377559764108855,-1.1719684266224029,1.710149995390045,1.1720966094773284,2.5391634639310245,0.05631174356948371,1.139970467106628,-0.6291820194226238,0.8954903370402524,3.0684785092865208,-2.069357983494671,-2.7029400312495766,0.1420050465521407,-1.4966031098224515,-0.413462633319307,0.6590875089537026,1.1602415098351717,0.035646116045238596,-2.680535102717452,-0.9515415742071954,-0.24215012350559262,-1.5993797735872968,-1.9639304185172182,1.4465090439749402,2.47231501204714,-1.485836683226106,0.8799815956793433,0.032539403631560715,1.6936323092873808,1.6233851833778015,0.5872676086125957,0.07568981416091836,-1.6789969937677767,1.8586711853291766,-0.7183396383248173,0.2865405729899231,-2.1234584921867103,-1.2262591120142998,2.831795375192393,-1.9947337240805565,-0.18802582139899654,0.8104558923990075,2.2488859439272906,1.5749082136464239,-1.1224578230541453,-1.8097244286891205,0.4722364755130817,-2.1815319083027047,-0.4619367480573854,-0.37581194000979845,-0.9931590606478425,0.24218299244434938,-1.7901890351766447,2.936865451216481,-3.1789234556122334,0.8387705067672924,-0.08510934290975102,-2.13132319291371,1.2885198859743954,-0.18109436717580285,-1.4524851515682131,-2.1569814925265707,1.6593375889813922,2.274526942763203,0.5975330259301165,-0.47817339337779163,-0.8259093083169826,1.425251770155608,-0.0031417004547106275,1.7041127393217725,0.5291804507408684,-0.25189019294353066,2.8563801652900467,0.5671874083010356,2.077226922004674,-0.04071842285837668,1.9334327964390257,0.8524565771032622,0.8767578581849724,0.37966918949280903,-0.6531173441465778,0.6265386686370373,0.7087293600262814,-0.2804899517097499,-0.044453924618533924,-0.29728128356701244,-0.5060228704790253,-1.0520686323570692,-0.11672775719351836,0.2648859001092676,1.1622360306274928,-0.07158394128820109,0.2720942282464665,0.7683401032706181,0.10234979085466711,-0.21784337469491666,0.16637588255290564,-0.02988476990983907,-1.1419732610739826,-1.181439249946034,0.4825429845522282,-0.7618080711030976,0.0184952764265075,-0.8699193796143623,0.2662610493718429,0.03406463180424302,0.03925219068413921,-0.41687737117624846,0.3093628853913435,-0.10484320374868025,0.4996235013524757,0.4218975922327528,-0.5286694469924907,-0.14970198208480626,0.017470753266467742,-0.21419327757114237,-0.40441970616618617,-0.19253051824165446,-0.09463258654686546,0.10822754208989216,-0.10825662868657782,-0.06280079181176373,0.02908757730046943,-0.019950930531148048,-0.12463076715431631,0.0201896287124137,-0.013710955455039975,0.19227158992129284,-0.0455626351877465,0.01911374334939997,0.10549498164221166,-0.014646065405289788,-0.015623499657225093,0.002285324219904128,0.05216273044887476,-0.004092942563664326,-1.3322676295501878e-15
eIm_010,3.8476878368982153,5.420920813291876,2.7137741884857336,0.1893538987119019,0.458473581086454,0.7394038211220895,-4.460362593156142,-2.4609841007393216,-0.4353639479245499,4.952158479413934,-0.6008749041629023,-3.1538969968006283,-2.733253697281818,-2.5953823638327456,-3.09226658174463,2.142465496542927,-1.5741547358583186,-2.443699867051034,-4.058481671149756,0.6675384184473808,1.1411249551946951,0.3068556527401938,-3.776126160593269,1.2207465520796184,1.5879756818081912,-1.9407578370577978,1.1467925709939686,-1.0447879056382876,-1.457309622555329,-3.2923709792856384,-0.540890698415676,0.6762451404323466,1.1939961112271926,4.538063209808025,-9.088096267166659,-1.9997775890310023,-3.8196242462954393,-0.21479470300388276,1.097030015865577,-1.219004057353341,1.348218336637814,-2.751368124912352,0.8771467908008714,0.5645555494048426,-3.7899854633260275,-3.731048606600796,0.3022663588355602,2.228090840232122,3.8298966463925828,-1.0708161818994784,4.148194694446349,0.25025379973563655,3.486646045681091,-0.22824406418186188,-0.9714442184514229,2.9699090387339755,1.8647055804221648,1.2584183875720434,-1.7385938635775326,1.2581550750926735,2.1573742076590516,3.487276633060589,0.05124551387401355,1.67811583241263,0.8907488966840621,-1.311872692858036,1.5653089178545605,0.18813599480795118,0.24914795182203675,1.9504896338691964,-0.05089607455916556,-0.1295687746087451,-0.10966607166976222,1.649030565710052,-0.38677565771200517,0.41271244905621196,1.3585438902335927,2.283629105919026,-0.01865550256575521,-0.3101468908467915,-1.6287248780106465,0.7716770706048398,0.5846340833887202,0.33183493040704715,-0.5974214177867703,0.398416568215178,-1.2583598600760446,-1.6319917756407176,-1.5143355735935242,-1.3331033035682731,-1.0694206138637334,-0.006591901132077083,-0.38547329165852995,-1.062568974489886,0.22004803059595957,-1.2737802264278182,-0.6222348759899625,-0.8168702615079229,-0.5446403179124155,-0.5829482114084579,-0.9009340798330965,0.8434241932003559,-0.6243114873624671,0.23027780496915456,0.739023814846696,0.35210776076117545,-0.0911343186472229,-0.5252538397062714,-1.0963169078910913,-0.3413405645006801,-0.8596706614911749,-0.5293432342967435,-0.4189074527769857,0.43165994924602885,-0.07839296388347339,-0.6561964069527317,0.39542356584652943,-0.03451204598516977,0.4238034322996198,0.22680012902568808,0.28733777358511703,0.16846920959923306,0.18900364028672184,0.18386758823867527,-0.6547801781770219,0.014594097133344697,0.14787295854135274,-0.06897799548492134,0.08555806190538817,-0.654836238714672,-0.007846562485829711,0.2007943211445905,0.07744984553353226,0.25402576582636016,-0.15722013907404275,0.37967241825099496,-0.1747765953485586,0.17193224345675268,0.1821418687874094,-0.04162507228227397,-0.11527845408343973,-0.42143431310780266,-0.060026231090700044,-0.31174388168209155,0.34199935624923294,-0.3180931141445489,0.048172818945687534,0.2606188032491207,0.254684507433647,0.036489745343547986,-0.4235511743195049,-0.12432103775643111,-0.1883847159123615,-0.05787876071805319,0.2623559928710844,-0.16747847742229793,0.24882915929371396,-0.08333257940431738,0.05906442810821022,0.16733400096706696,-0.04883186437075815,-0.15177619130320408,0.0013007821547874054,0.029979164021973675,-0.04080315324732231,0.12296771651349853,0.0029249374411028928,-0.022690105051163256,-0.09825613218047247,-0.11442801794570667,0.021829053325060688,-0.006148305364809037,0.03015004863916726,-0.06769521886891638,0.03155365247905961,0.010691678156923068,0.010563734450967366,2.220446049250313e-15
eIm_013,2.4333523508554578,-3.208802231059018,5.652784718285882,-2.320995592949295,-0.3398600272255783,5.069527566251145,-0.6886792474110773,-0.849493829016376,-0.559106484873508,3.429453644100938,-0.5240695825069722,-4.904539460870267,-5.352473307665029,-1.5022357215199242,-3.905263496025929,0.4079620721359096,2.1106147404080593,-2.8220949905513955,-4.484254584832441,-0.8255143751203324,-4.185601228710327,2.42565255765083,-0.5787876828145497,-0.5130064310623361,4.563645555208595,2.2072948840001736,-8.08085700622548,2.313113857506382,-0.2556890461402087,-4.133611666381335,5.422758611736576,-2.8845637424521327,5.80212189370069,3.3108435431638505,0.09501657503556976,4.847210839701662,3.9166623121362383,-3.61479170873805,0.740361355919372,3.07844340001346,2.59920390529421,0.6465830649574571,2.807907561890498,1.2847179045883235,-0.6522578685914072,-4.174392682721135,2.2324080203685663,-0.9938173799850449,0.7021318679943592,2.0956994952052415,-1.3817410851049232,-2.316360141684572,-1.380899379838686,-1.8932409302480973,0.4187001130227732,0.47054795401800487,-1.106721655578595,-2.758057918630914,0.11284394248402152,-1.3162465354837314,-1.407157738421187,-2.278524849055736,0.5997097818690971,0.07355058187537988,-1.2758510932209028,0.2960453853347745,-2.2637641734855953,-0.8975019757739864,0.010571414961854986,-1.6331440516186213,-1.0050412523235686,-0.4442815034857858,-1.4923674380493714,-1.1558795688360552,0.6750960101241452,-0.7509147959678633,0.5493224527113671,-1.3553485893518455,1.0501435512445754,-0.5232241560878041,1.1388961770007904,-0.3040576806668636,-1.0991634144813345,0.2545162128773206,0.10112975078615438,0.06126685631289444,-0.2660433350146276,0.058285286895630284,0.2173401393330499,0.5347585932536526,-0.593574143595688,0.38575515444541153,0.0858018763059259,0.048022359261441105,0.4393863883427651,-0.005730578843944345,-0.33169475401374693,-0.12262172033358186,0.005065754814616019,0.07424277132040275,0.3920430046006478,-0.46198973164515617,-0.6076665422124765,-0.3324546132377025,-0.47740742758203514,0.09627744739528013,0.5268986246790028,-0.05476996566011602,0.07770079137629171,0.6193371887674151,0.2112558044624998,1.1711409953024314,-0.03355729489236306,-0.3219314994500862,0.4929849689389295,0.056724455731251844,0.20368097827808396,-0.2647260796950577,0.11409658590477662,-0.23108664260945416,0.8397574777177607,-0.3677679835869281,-0.36299250748582024,0.19475667084820247,0.40252825468095266,-0.17728335630483172,0.4299061479977626,0.10831958313647194,-0.3128232406950655,-0.09780155213402653,-0.1288952474765741,-0.046297522340998154,0.2304550198218661,-0.42734225724501756,-0.04068913533219243,-0.03478577598180865,-0.13545998530178904,0.28113377974366266,0.005935443842944699,0.1501919587856151,-0.13998772217929223,-0.021631549690178775,0.24772485618040385,0.35566729663123653,-0.27183939135457225,0.21439938674232747,0.20576227041699213,0.20726785585131613,-0.4032762395525543,0.08580495075774741,0.053834865054572245,-0.10451677962912864,0.26375941896156196,0.06138209562608994,-0.2688429965729703,0.04926727577253864,-0.034094668071923184,0.0975044383024446,0.0881837435624806,-0.1026656661831723,-0.047016573671671,0.03085627519889312,-0.06390531083268403,0.010146775324216067,0.03468995190796642,0.030700446031140693,-0.11673166487254438,-0.004903219222043731,-0.014044460735508968,-0.061548386132498134,0.021240594384432265,-0.018369940371329163,0.03942550092761521,0.004925272329315611,0.03686235424445994,-0.010794149230836991,0.04382262728254471,2.6645352591003757e-15
eIm_014,0.9434828550416992,7.702680625390863,0.005367598223752407,1.5964917295616106,6.238850785840118,1.6761317543192764,-0.1691071799977003,0.0013126036211450476,4.813923145678645,-0.770038360511419,1.488419615207194,-1.5114532255984783,0.1707900878465246,-0.24996054650453398,0.3005774640337112,-1.289929881215993,0.8407827518408508,-1.5890947343278297,1.998566239385219,0.41145282872886557,-0.9993517015990203,-1.1703676262364318,-1.2906065585561166,-0.011298029754112815,0.2421488556401945,0.7436239673185636,-0.03082239701725309,-0.338728606691022,0.725105955557773,0.9920676555846345,0.3651697835813418,-0.23998347049666457,-1.0597757305888247,0.9491062351362853,-0.8145702485257642,-2.1100407538669526,-4.484704398348298,-0.6735243284908636,-2.719555148293219,0.27896057748109904,0.9572064447983599,0.2900433283795445,2.369787175536136,-1.5775864097096401,1.739048483783745,-2.0829480955603867,-1.0847563912436409,-0.9525818099607017,0.22920778586368218,0.827080871024008,3.5196815875819727,1.1931788657124336,-0.09824675301389801,1.0502671560123058,0.804699251929367,0.5616165390810175,2.822037815589716,-1.6665194159751986,0.490843836454955,-1.1092109125046747,-0.6662517756749281,-0.3338498849064201,-1.25858749991433,-3.518327330463656,3.87272667224828,0.6597218254113312,-0.3891408317478201,-2.356476875806578,3.5591885501722196,-0.42323241020651853,0.1750113459381346,3.0846873343877634,0.8430602552856628,1.1307346814245514,4.0983483772376115,-0.9038141630073993,1.8070043151553061,-1.9943359795153774,-0.3546994618005079,-0.16696320716858615,1.2958022626293055,0.19505626256529074,-1.826442741732201,-0.2556427888167836,3.971027914473303,-1.6764323492825306,1.3546889037173249,-0.19925909814732057,3.547638507875518,-0.19142730092513968,-1.5273699727962489,0.871544795609273,0.8489256772868402,0.7978764770081459,1.4478190533775779,1.454858692874647,-1.093477439479474,0.14049997802578718,0.9845699393237194,0.48689411524458637,1.9648019002731614,1.0962119470969065,-0.47858289584296465,-0.8376699168727197,0.5650679027725402,-0.3423867547048213,2.0226324341161837,0.12448067821729067,1.2513504790169523,-1.3713013154001226,-1.5972677865750913,0.08190026445011922,-0.13363168600609723,0.29031566007112614,-0.6812940591997995,-0.23975194588541382,-0.3445730468486155,-0.7846910802746883,0.9485906438519995,-0.1875198873033263,0.20801126822107308,0.481841423836046,0.4844176943835087,-0.6645221501590826,0.41298900557209983,0.6237074772441364,0.1640503307839143,0.13261254350943052,0.3467649356353466,0.659244847198908,0.4534780997233431,0.5816279874951611,0.2240381937284098,0.039635978345619854,-0.06606326457191203,0.06781095774882329,0.4895588559820161,-0.33022047952844474,-0.391636049942101,-0.23661215133175362,1.0212861306746717,-0.8925070886914811,0.7461018223675496,-0.4524072564421001,0.4482590006417351,-0.1427350864346037,-0.35763690328295195,-0.4540856390284002,-0.02749607812895888,-0.028640994878021298,0.7638456293890261,0.03504696598116919,0.30548760123170227,0.397125475204064,-0.29701048086910414,-0.20290537767262007,-0.10175537176903093,0.08235801483241029,0.09054691761144673,-0.11667021767143138,-0.00651533779524871,-0.07083347880651192,-0.1459076003805785,0.0291561074357162,-0.06760293890539315,0.15091208744435447,-0.018471734623020764,0.014153262336418393,0.06679889252038096,-0.04821585495271663,0.04103944840397311,0.021461710798201528,0.08618079645147891,-0.14583206472419108,-0.0408921607958751,-0.10680056742575239,-0.011162380846178377,1.3322676295501878e-15
eIm_015,4.667000215629559,4.934984403283187,2.3368066819862214,-1.6726225650968534,-6.175113730166738,-2.6700426690924033,1.681369909325126,1.733655853750365,-1.313895697723647,4.954601378070734,2.6514255219382714,1.2734015790989874,0.3671536927307607,0.1600934965009545,3.425607352667476,-2.149581496868631,0.9805912035709754,-3.803495671657388,2.6865250406621275,-3.134157164094319,-2.953681503578958,-1.2907207007231722,-2.7319987442614186,1.5699043419979906,1.9996875519450572,-0.12116954826154391,0.02400256219828667,2.3803879081324495,0.9986643067214239,4.7573752741693225,2.519315033188084,-0.023270254921146316,-4.3708248964027305,1.9394159019410468,3.851974749602239,-5.566717758116711,1.2417023519800634,1.4381680267285346,3.256248823547576,0.8769986931762622,-1.165195966602662,-4.884456524572632,1.0660967881136914,0.728042637885335,-3.1490890533108042,-1.0704310166449449,3.263790734808905,1.992772787547924,5.977439695139275,-1.6849326508196372,1.4764506264781614,-0.7700192515009524,0.25846873214907984,1.3668219559634103,4.762008072644108,-1.7592873083261567,-4.036849142187094,0.7885150660863474,-3.013179564959532,0.16716791719070173,-1.3387097967494501,-1.862857953704442,2.2409352604228627,-1.6151991490074948,-2.6800155604242133,2.0188947302639058,0.14113303231868662,-0.7979998638391563,0.45043749866496463,-0.2551222263793143,0.7247734508512476,0.08041718600964495,-0.737541013289668,0.200121155372754,0.22365662141501497,0.3739237841031322,1.9061015006729773,-0.09463958037244136,-0.6411306688943912,-1.1236333549053616,-0.44938330633230367,0.19075750011007386,-0.04749984760882625,-0.6385123071885641,-1.0140789116562794,0.4947334310360275,0.05537637176847801,-1.598482357461406,1.6844248107986206,0.2900915791479808,0.7514526799170156,1.328377991795259,-1.0132359257585533,0.8603306481090334,0.5949274544029055,-0.010783991771343926,0.5498138653958256,0.33306991367981004,-0.7058149181168896,0.8648324765580051,-0.22413881250703693,0.0928815434154259,-0.11792565661152118,-0.3536386394967484,0.1918935055930836,0.009554599311706019,0.19081427164357287,0.9549668848828181,-0.0023112076925080327,0.37953550242758327,0.4209232658785226,-0.12551627554407285,-0.04077677652888742,-0.37949944657421036,-0.5395948196190846,0.6523897838927352,0.5288816538049397,0.2715859916282892,0.25594067489610917,-0.008800398428812473,-0.4788442540973704,0.0037151641192192386,-0.03855996062661515,0.45271597965082,0.2270335124840166,-0.14743943200168608,-0.3373388533831392,-0.07167098082162071,-0.02687985190617148,-0.0476902795905505,-0.010622618585734545,0.09470467328680332,0.2729138560455384,0.6784366891988555,-0.513645834488618,-0.1965907679830592,-0.26608733451384403,-0.19196068585548237,-0.04230263276183488,0.20741505316034414,0.6212756704319726,0.40190645530750185,-0.12249721289482651,0.11052212701645048,-0.04311210894462733,-0.3629126085878145,-0.26347607097628933,-0.22400066751012082,0.2748036414473819,0.006001286663280592,0.355753442421714,0.49917377738407764,-0.020756374219932594,0.3034129839311857,0.025235830879260554,0.1944011487592836,0.4593440762398442,0.07448722017705073,0.060922702526028605,-0.17945313444551214,-0.043200282649710875,-0.01437625284250501,0.03183524644637997,0.022263217757753667,0.0032388097915552194,0.022757712573686972,0.011075895333361396,-0.08822345498067463,0.024908845423665144,-0.03459984640129454,-0.09469730592273162,-0.0036142098046604842,0.004388611934984077,-0.030281085994213086,-0.008756600190637176,-0.06509973523407664,-0.012321376318518817,8.881784197001252e-16
eIm_016,17.038620727413132,-2.4498630295374166,3.30737186022042,20.51497570746163,-2.196829294377752,-2.4268501067128785,1.337663625813329,-1.379070044997217,-1.483581534687335,-0.6792825339280842,-1.3511873113563482,-1.00497344261441,-0.4241702899764134,0.39788724479567716,-1.1367719991583682,-1.5454826304141216,1.2638425106717783,-0.8745582099779445,-0.03692611707425364,-1.8240994105387491,-0.2921387736736237,0.33483624001186224,-1.5271967071147536,0.32303493805412137,1.0945211449038401,0.08715188549781416,-0.3723241116950552,-0.12963689626184913,1.1702878831902603,-0.17567776981437588,-0.6401164397160934,2.0624563040412625,-2.0624478973596823,0.6582230469909973,0.568706005723655,1.129292488376218,-1.6393302346134626,-0.8218606616067157,1.2189866269107863,-1.4383541923649565,0.40083336784689266,-2.6179303064743333,0.4150042452278876,2.2824350470806976,-0.42049919284784354,-0.8810410354837396,1.6583365256103926,-1.4117869553454205,-2.315361203026211,-0.010527096417036419,-1.3849966871893145,3.4065415931151835,-0.12105021943534768,0.3666503758387535,-1.7111483982105073,-0.9760322624816535,0.6009054966102941,-1.6816168606370125,1.00797576116066,0.4681089536121416,-0.3562041107754731,-4.577644937590893,1.7076434029067769,0.9112713399786669,1.0619569943053735,0.4030101412308443,1.0563896372114605,-3.0941572363798073,-1.5330938659421882,1.6410479156056332,1.4615861779099053,2.8084569081923068,-3.233493954806315,-1.87911723065897,-1.1384533434721456,-0.7562799840250765,-2.3685051415023803,0.9907920935363635,-1.9599577000693782,-0.5014551042199537,-2.4691507294445048,3.7336483231271247,1.3306957644920945,0.9458206599758079,1.7215874492740126,1.658907156878213,0.7957787008240613,-0.25089451239229543,-2.3195469039428205,-0.7744227677215156,0.3080951346784312,0.15525176177491218,1.5035303181442545,0.07840309223743158,0.6055186959242498,1.0301030468763648,-1.649941411432599,0.7878682302737634,0.5979391529159804,-0.8799463373280256,1.4822898038739596,0.7820433007955638,0.3917610951095394,-0.12852849515271814,-0.06855500154660799,0.08122683387866664,0.30139265294155426,0.8900922649731162,0.303019035294268,0.2164131462578721,0.29746064146278983,0.9131478290298287,-0.4615620803798578,0.5114356373295509,-0.30075004251690984,-0.48283133917210797,0.9233537554589484,0.2201928255030139,-0.7074512925190016,0.036705055321850644,0.11722780597270488,-0.06396856290914421,-0.04327549891110305,0.3070758992520728,0.46761941626213566,-0.030151126373977988,-0.40823988941771305,-0.5043308336039278,0.3374818741139243,0.09147314990027366,0.005262584020039984,0.5104912424888217,-0.23266327989744204,0.13541697325841548,0.15524593204925652,0.15772049103953112,-0.34150944901207003,-0.016972645526541152,0.19332498189269837,0.5490887611497707,-0.5242962480057114,-0.48464069536795307,-0.6239243081495969,0.09998394229299501,0.0670614288076204,0.00495854560684747,-0.09009951970380306,0.1904616497012367,0.41040311262159335,-0.23307344198216184,0.08703313991351036,-0.03680121085418808,-0.12122193435359496,0.055633208937375736,0.2825741542387481,0.1979441351590564,-0.05442568640455492,0.10236868649255348,0.032876385257352425,0.17900007341698532,0.12579628730504577,-0.03550077772131476,0.12970610009629902,-0.0422971801477304,0.0031598873276017514,0.0735342937814053,0.022457187121669442,0.039457908595279034,-0.020177119592085513,0.025993965998101,-0.0033268945039315323,0.006746322763574508,0.009685805617620113,0.0671122219106941,-0.03288213912098814,-0.017110871335025424,0.0801244393127169,2.6645352591003757e-15
eIm_017,15.515811027622973,-3.554539456441598,-6.501263327292327,-0.9160174693394083,2.1810442828575027,0.3050980559029186,0.6242021672421366,-1.162873400021594,2.253610306539565,0.9589839910341431,1.1117309727385027,2.0136629607439858,-4.2103683874920375,-2.954495645901175,-0.403363952460342,-0.7516284425980582,-0.39766337402965535,1.4994357942915817,1.1300112197689294,-1.8184694128425245,-0.7598304161810798,1.8838222793163202,-3.538976837400652,3.633968537156922,0.34702255902296275,-5.16072854981409,-2.1740342683007925,1.506922074144507,1.4171126470263462,0.5150857155695764,-2.515510518237501,2.639924064999076,-4.0771356827132355,3.995447423520717,0.5286089534630147,0.29881930600097384,-0.3572932394101025,1.1613127577595146,0.00751454009947905,-2.5679430654357094,-4.969812169279756,-0.4493555304156721,3.2136885772365424,2.564797092488559,-1.4896154854152215,-1.290785025184128,-3.10264378607381,-4.08604834991419,-2.891343936882719,-5.462522193989427,-4.620764133725713,0.5464729024663287,0.029135324083425063,-3.039746331202428,-2.926866708240431,1.6618400053975824,-4.055519648950111,1.1528086043973702,2.8724438192967634,-1.6411419464836483,-1.2077545315897935,3.8847412584843153,-1.9340937861814675,0.07592129853896079,0.09181229143757985,0.922759008370147,-1.9584432467668995,-1.0907579522665005,2.799322959581154,-2.13366872536222,0.5320815205833633,-0.35256483937669914,-1.55508927978324,-0.9157133507073167,0.010230472928596857,0.24763552581275994,0.6936695142780054,1.1223754814578961,1.0113892940889337,-0.6280401906055472,-0.03937076191187028,-1.4651124088271117,-0.15715752041074077,-0.7205225901332597,0.383897785134657,-0.13663610409574264,-0.45401850144680267,-0.041136989985995465,0.6184755217628182,-0.11901489711470287,-0.3168835506022286,0.5025290067055806,0.7032541333869354,-0.08708955021026521,-0.8216146566913827,0.3401918114474547,0.014502006056151151,-0.270970844963775,-0.42928573015563387,-0.06676540504938921,-0.4789486249949724,-1.1943752004483532,-1.0529041774205001,0.8420225787082432,0.20286825212117165,-0.23210624895026075,0.9656354329864107,-0.43637973220573023,-0.4287366881316046,-0.4888819537164504,1.2929593161452173,-0.628891629218246,0.4225213517945213,0.19953366749425278,-0.14904927711798843,0.6456982239302325,-0.07367814531236033,-0.13349490489545301,0.4146326940163073,0.14592052829655117,0.31617064831210007,0.09546386472358215,0.40633820045871205,-0.003684101894990688,0.4688838615453359,0.5681436548942229,-0.14047775249899042,0.29784207621759007,-0.34000330445728477,-0.35064759413409496,-0.18012542148157817,0.08124390850221341,-0.13661101265204853,-0.04890277315053354,0.33699970275804236,0.24186371672127005,-0.4706134778302112,0.20991535638872044,-0.2759828131596106,-0.4881200853535679,-0.1282817099025606,0.11537670818746754,0.16806797449893052,0.26214548772850177,-0.11135015082869518,-0.34979262869249084,-0.23847530719238796,-0.14700525368283873,-0.22108118947652106,-0.05219769938943597,0.11533893470951001,-0.14672590743694514,-0.009959002279601892,0.13160369782727416,0.06281164348597115,-0.23726700405296736,0.10495687057283765,0.07939505825341292,-0.07435673458919179,-0.2941472540792282,-0.07865118699667528,0.03730726434513732,-0.09984826485759352,0.07909132372695951,-0.06502399115886415,-0.023595580951988993,-0.08387108249384045,0.09002409927393529,0.11313262789821754,0.011713803676196455,0.0956593763838367,-0.07344435483758299,-0.009489453382832025,-0.036481503040797225,0.004093471173010954,0.004468587231542642,-0.02324332582169164,3.1086244689504383e-15
eIm_018,14.924835961806092,-3.460327234084079,-9.808163775498747,-1.1131200062152988,1.8616793389831308,0.2599165100786298,-0.9983508930606734,1.0815978481286777,1.0470698998886108,0.34426056443635245,0.08604519564604074,1.8696909004876314,-0.4197921491696641,0.3916682830475191,-1.2424471983809715,1.567853919479547,-0.2237781275268397,-1.0709379402457482,-0.9073992144794363,2.4439853439304153,-0.5099708663576197,2.48586456257355,2.5286065353584037,2.242105466163656,-0.6858402740674514,-0.08166085587140182,3.3284396408695165,-1.5592793269864016,-1.6921083020068601,0.9147595197245082,-1.4512307938619882,0.883506659850904,0.26120294115581455,-2.436630173718473,1.9589207322676754,3.3685257056045623,0.5046225948524627,0.5407966658946746,2.0765261408152513,4.255131416103616,0.8636314866090071,1.3755752958797152,-3.567403736155459,-1.6914676155578046,-3.6093576324523515,-2.0495046026664983,0.7399243916081191,3.3063258267876696,0.5634458089860899,-2.6936769543036037,-0.32706813914309724,-1.6142972289539235,-1.8471790218108466,0.03754327503523937,0.4479272956345546,1.3113834155915118,0.3434256448826044,-1.7392221926806235,-2.1899341077078653,3.479478174697447,-0.9321402749633582,-0.5602993995635069,-1.5465123834329322,2.504358679013271,1.3093224341646563,2.0111587280797423,-1.1162398167643688,3.1266817552768025,-0.21524926298936142,-1.8323909289628932,5.009961313642545,1.5995548404730582,-2.9677744065764076,-0.1732321559783805,-0.01479136653185259,-1.844943032489708,1.6566337545009324,2.3657229715283767,3.3078358846054283,2.6120691473179267,0.3173431210487795,2.5409604404067667,0.2647881599688467,0.2504466348562766,0.8322961791524875,1.9700452830980597,-1.8330727988694606,0.6583526233800323,2.391206072579186,1.2837719966128853,0.47678685376842156,-0.435317355015557,1.0469383327555222,0.35017626644163447,0.3371982605165481,1.1555600297503321,-0.8418617412988065,0.4664247921299835,1.1071830646395902,-0.12970590325558273,-0.6662727491335332,0.43492987873012523,-1.7996235169149108,-0.3362489365869337,0.7855551528961374,-0.15049151878598563,0.16451477475651585,-0.12062637380792882,0.6362356445353894,-0.6819756837444999,-1.2319896554559797,-0.5187950778058539,-0.6774327111356199,0.38874264399434433,0.3143932104689192,0.33686047545273434,-0.1549980794581614,-0.504321270946948,-0.07208254628599675,0.2548141667190726,-0.4488252228078674,-0.4373561358295097,-0.1516306710026426,-1.040793034024326,0.4580835776222043,-0.11505228951186935,0.2839402039167893,0.4364521139123857,0.2043238189851847,0.27998228070036535,0.2959388112517167,0.09193593323915505,-0.027658308359184564,0.4996227654452294,0.9609273975620828,0.42613533901559597,-0.4771253545896369,0.08605582825259372,-0.5699896159799136,-0.3574960693907234,0.17039190963218975,0.12192913523135346,-0.11254593191800862,-0.03125507514847059,-0.10506847044287462,-0.2692530965029367,0.021558382516429664,-0.3078500017191277,-0.0370656600926198,0.16753503565211658,0.2922541762135804,-0.1386236287553021,0.23540802068615618,-0.32378566276945425,-0.09297079006353356,0.13356617959846528,0.06360757964883845,0.19739023365983316,-0.09219586704254862,0.10216063174671453,-0.04208451057128948,0.08743171335807215,-0.09715854623683201,0.17207522878002127,0.006189034459984644,-0.00462997560500944,-0.0009748844300534465,0.04001808883572722,-0.046621399439480904,-0.09569079750047249,-0.040367646787558664,0.03054110838651447,0.08641071527977284,-0.021706989321649273,0.01381712824096204,-0.08367006530314947,0.0564200498763584,8.881784197001252e-16
eIm_019,15.709921495707107,-4.873066638044347,8.212546237816143,-0.9665080526121432,-0.10610786962623897,1.3927746195165713,3.6126014145060554,6.829326846202623,0.3430116783601199,0.12516414143370447,2.222975882814232,0.36707530919397735,-8.74753688858517,5.831224517913238,-3.43037988145089,-2.8457990227655463,-7.588057904766994,12.705967782079831,0.6766104978690504,-3.0186838369756632,-5.889393882304967,0.30646797327927655,-3.931090062094408,-0.13981597601547735,-4.140322014466896,-3.137653495229903,3.2171759527850776,-4.643231632899301,-3.9867196474718107,1.1344911430974738,2.228387835190543,-0.061793257134677315,1.1466790097022233,3.2631521657662095,2.868371077186983,-1.5161526162915344,-0.01479175151201162,-2.227596043500962,0.6309860633868272,0.28525209440866456,2.9338128495206584,1.135167181827773,0.7736528856836888,-1.5978813934474267,-0.4707771293751257,-1.2444981145536709,-0.9605086335806947,-0.398004644295191,-0.15907643246163466,0.9800135712696064,-0.466936056834554,0.7973425695132673,1.2475003780522227,1.5943847419794859,0.7652726470689901,0.7642671311643137,0.8050468031506096,0.8506778797803252,-1.4721290963246345,1.44064061613021,0.04330303291992832,-1.3108134580370048,-0.9174500701807521,0.8486841686129212,-0.4661012479564697,0.024950800889651736,0.48079675322744625,0.0753615945066286,-0.46844714002036003,0.061064788800543335,-1.169682296715759,0.48193790318642865,1.3262545710882094,0.3544292140554609,0.31878697220701513,1.5125052869881495,-0.6121635842912136,-0.13465986731368806,-0.4597341956075554,0.9987372315992056,-0.38289498449261905,0.11827853833679175,0.2778108898205938,-0.8691600795104024,0.41767359858744335,-0.7360140547521188,0.1782141483420494,0.14683766518267838,0.0014713457936224028,-0.2111444774643212,0.2968488303205812,-0.22689957169220232,0.046159650499932425,0.6806163083499236,-0.06112102437000666,0.17798297762069937,0.5310692517738326,-0.23135356433148602,-0.040842387269782954,-0.21650618605293892,0.20278386141597093,-0.5913657578370055,-0.6196504084092335,-0.6081927576432344,-0.3306963519682563,-0.19263618930667772,-0.5044903463597251,-0.2373390947648679,0.28980421811847246,-0.27292548831936475,-0.1967734180563548,0.20960164775808665,0.09404503256225064,-0.5809051741793428,0.3686929865222728,-0.2695874970718941,0.33857784753606496,0.05720768016474498,0.013788425069737431,-0.5592880992688347,0.08603815727117303,-0.1507423959184102,-0.3216550655638464,0.16006006751763235,-0.403616252654013,-0.07301846521776956,0.16444075024366311,-0.4933458644571328,-0.22472969927602193,-0.21000979855587443,-0.1254355312591906,0.03866296054902252,0.32164153656010375,0.29488344508162323,-0.1717031819134177,0.2267833243510815,-0.24792440346278166,-0.09866843564358435,-0.13156429650087403,0.3057192825672169,-0.11105264524917313,-0.2748902155411619,0.1191730784946532,0.06516913873490826,0.11870716213278285,0.06889323683732915,0.16318198276465357,-0.08811396362203383,-0.09546428283256558,-0.14872367303272527,-0.04748979259029312,-0.04447133010516713,0.020523986351634216,-0.14216523567060235,0.06901553460497337,0.02916607415915551,0.10001477635246792,0.06920508802459552,0.09016497539741591,0.14219440494852487,-0.047074117694433815,-0.026618032308602928,-0.04998705485923699,-0.03464933345684515,0.012935375199128796,-0.050110613619381184,-0.03374902114506362,-0.03637144534640613,-0.0016150855248299734,0.02774341327417551,0.03603519619162765,0.04069180705037645,0.008599085076556046,-0.03492207981335249,-0.05244826593177143,0.017534387539821283,0.004635995779603941,8.881784197001252e-16
eIm_020,16.767505334714738,-4.738522160441187,-1.5849398622220492,-0.7060612497715972,1.7210767477761564,0.1446658796417426,-0.5485917350209327,-1.0648644260300355,-1.1937110348473796,4.846243453685271,2.519827711287017,5.225992314358218,-2.5981130800445444,-4.190005528507523,2.3381290703857682,-3.76945068274584,-0.420764456180992,-2.5244445842110235,5.34711721899909,1.021312243115053,-1.6565242322301856,2.0603979646235477,-4.9752645207785475,5.031697794668314,2.933910822945001,-4.0050158557195665,-6.997094578968898,0.7789258193892996,2.557584166483563,-3.555842943807334,2.528170357038811,-5.387399066295286,-2.1750645052757034,-2.768275077746622,-1.2091076580824185,0.30729080519438223,2.2846595443089512,-0.5070958841678737,-0.2653932370832741,-4.671834161996817,0.3430756951348371,6.9298959045474655,-1.0077097197879668,-3.662164516145108,2.3590820397970296,3.7470361329675757,-1.5992262293201398,2.7422510286570625,1.1593534365016591,-1.1326396910231544,1.0905228050255291,3.4275267272327183,0.05525135752300439,2.101429393337698,-0.48569409862673263,-2.374344308515235,2.0507326452988335,0.03867391056884606,-1.8144161762138598,0.6697937861935572,0.2997411677092593,-0.2852066284251483,0.17058932594391463,-0.34257884299057206,-0.27988989760829286,0.13641048077111617,1.1975893414619017,1.196915458138749,-1.6225141971686214,1.4488149245643642,0.46880018023577397,0.6638309278488401,-0.1571539959668809,0.3757796137310204,-0.3632438360079379,-1.4034970234147655,-0.47891560486194157,0.46570354253355156,0.5708440766713274,0.7147539785046996,-0.030585763702160762,1.1414881790207514,-0.6202975757089484,-1.0137257879465464,-0.03854202796507478,-0.5838892260693243,-0.2167978597135956,-0.2634626163348339,-0.4695564862774957,-0.5863604207998984,-0.945155474508608,-0.5924170222160697,-0.4318810748045354,-0.8780154216463514,0.020860090898387584,-0.20558118092153577,0.10696480106094708,0.09880537760427542,0.15071749870115303,0.3626646080785066,0.08042575605697753,0.16217052074335037,-0.6079702938185277,-0.7463818781127036,-0.007887205181549617,0.31000565463045615,0.08302016303627593,-0.4546529255725741,0.5757128753403093,0.28104523790115776,0.3974999085787799,-0.3080940906327372,0.6410775569194557,-0.3829414425413809,0.23178434822467175,-0.36272369544581085,-0.5703137576679564,0.05279963858044523,-0.6645435377907664,-0.049519185980345715,0.06555153625045229,0.2141470538250303,-0.058776547433095905,-0.29168191036704016,-0.5169489554082434,-0.34221220875098013,0.1624305265882522,-0.05128068323567325,0.01693238537780184,0.0025030639823941936,0.1823621829430122,0.08957553134936047,-0.27048479938221304,-0.08800978899814502,0.16767558312019948,-0.08063487884232923,0.17498982159297305,-0.050440651278949644,-0.26981292868031415,0.2264276325206802,-0.008638990609846742,-0.06870976827419495,0.17918188013990166,0.06396498474116019,0.08287629337942512,0.11169885606787763,0.09988614260831463,0.13487957290816854,-0.1293030493643406,-0.3474291241922327,-0.5099667406496553,0.12896194497694724,-0.04097548314541033,-0.09793528479600931,0.02973217637218617,-0.13435696036304023,-0.027273383390961525,-0.15993990128014435,-0.11586369285348375,0.029841589712860994,0.13636841377238573,-0.05089380478788524,-0.00826347512548653,-0.07621315069496912,-0.043961448871152387,0.010836947632068161,0.08198476534030052,-0.11323971601168936,0.02731116508022219,0.030311055580687363,-0.025996935549715383,0.06231250521171111,-0.04586200870567314,-0.040186505999572075,0.046573239042509096,-0.024555095568685403,0.01316108742608324,1.3322676295501878e-15
eIm_022,-7.185434321832734,-3.9542448884223833,-0.8349375951969031,0.5602483635888795,-1.0777064575293935,1.7041806414230682,-1.0242098480940922,0.3367739077025711,1.6587601021933094,0.4093585335903107,-1.8941856788632299,-1.3111531262326974,0.4354653934623044,0.6909688893258839,0.2610164897233923,0.10631207661091757,-0.6496395215950242,0.916254125953609,1.614020751442945,-0.23707943517928248,-1.4799255094458974,-1.8555619748439836,2.6072492347071536,0.14584923251785648,1.6858856859132352,-0.11821440892309254,-1.4713523202531538,-0.8606488571700399,-1.2354834256802967,1.329560892231292,1.9363609236142436,2.234593758611942,1.3095518725820638,1.8369726466087453,0.8748845863338222,0.9721989967760203,2.069131222394387,2.682516574609923,-2.4709491065209632,0.581134399409134,1.1021834960271726,0.6949956434926732,2.3292288199412132,-0.3392505644324054,0.45029315826325655,0.5887713326090162,-0.2946487277480208,-0.007344029497599491,2.070132344835543,0.5334701416661899,1.1295507874614976,1.5803892150249046,0.44872550142633355,-1.3733941179042848,-0.14556074465946656,-1.067105276852896,-1.2011339880271072,-0.6616992703194009,0.00196590019819054,-0.25873656297400055,2.2427363696533225,2.8797860589638775,-0.8519843641803894,0.7755117292257597,-1.0564910709539825,-0.27838028560483175,0.795269113913716,-0.7681523844637372,-1.5993193833584107,-0.23934833331550653,4.488982090226754,-0.9437184516523481,0.9056494096552722,-1.0668454509250394,-0.12746937648353496,-0.5915498214973343,-0.4070983582024568,0.1909396837723738,-1.1968005748740642,-0.05446044960067631,0.4197424487090232,0.4403936996387964,-0.532857618317611,-0.2613563558056182,0.9183544877134953,0.8320558292931955,-0.26974703216087664,0.8125149121021968,-0.13211996394222641,-1.3509211358663629,1.0703430502164242,-0.3526243583917751,-0.4747455342079242,1.1880474075860752,0.24458796345019818,-0.44151239876043014,0.2945965043783527,-0.478676233275394,-0.5547983850330367,-0.13481080002656998,0.025374215232247296,1.6164803819493434,0.7836376469280953,0.16019576605554148,0.5893628639676772,-0.6881780865287684,1.5936024333860372,0.1827742831621623,-0.6460163443646315,-0.2613082061080828,0.16189838616249086,-0.6154282963959814,-0.4043345788433066,0.2959910676543077,-0.001056806257094145,0.5003918642299956,-0.8265875824113167,-0.20224697621798993,-1.3058263931608494,0.3583888340764972,-0.3688485013278754,0.18809038080875062,0.665691813558696,0.6949215704119529,-0.3539959098677887,-0.5192459046641779,-0.49883834660255144,0.12468711239989039,-0.29775529658179756,0.3147181919846238,-0.09081591822147539,0.6218281696356991,-0.002638589162713395,-0.0429517751675597,0.135151850599464,-0.01448260090506892,-0.9317329248217181,0.8397933474440076,-1.1933682037803364,-0.6205932544957014,0.9446219839271943,-0.47385122357526266,0.6174024542705221,-0.176577562059412,0.33350793390173616,0.08704174722078228,-0.9235540533064642,0.026603301395810797,0.08465803857916276,0.08128751160659076,-0.3072520240836596,-0.47855131392603967,0.5024740540457933,0.5997853777197228,0.5994086104634059,-0.3438430348930056,-0.6553344500763915,1.18254173151717,0.36678791103179875,0.6954480027358656,0.962808853682045,-0.39396530912113153,1.1983238656282145,-2.523522267490092,-0.2531402916199066,-1.4274175817809756,0.03442105920563754,0.5508597873430301,0.09462253948113736,0.7821138712142965,0.7960611971854372,0.8118355005843361,0.1178954425044838,0.025809469810037733,-0.47506203468830754,0.07891244563925892,0.16127414023271314,8.881784197001252e-16
eIm_023,-6.454104220009192,-4.101460135709716,-0.34440086948562953,0.724038634686023,-0.5213998472265124,1.7357117191901874,-1.3936290473170145,-0.0659936478759291,1.9449723328249036,0.09979388886741658,-2.3870432982014256,-0.8825165553459329,0.09647506979699505,1.2548864800807595,0.3710912068180724,-0.21301904203705524,-0.3340526794881449,0.6612799832755714,2.2927213102419253,-0.28774302550339226,-0.9760424767452249,-1.5186023068117698,2.8293953695426346,0.12670151218557718,1.7936814205524627,0.14944923781638808,-1.5325656306828104,-1.1286644878397583,-1.3132353105397843,1.447960232640725,1.9754767123658354,2.5682341259789125,1.1707966057482908,1.3957633439035737,1.2186072006860464,1.7946318333189,1.9465631961654812,2.6655363556698672,-2.9874893138319925,1.2000509358220954,0.8866987289678144,0.7326655936028168,2.097751728330089,-0.19159423763479422,0.8797746202262078,0.9130635507155752,-0.5492295774946803,-0.5014588752085305,1.6732874037729184,0.5631316136814355,1.5553221007810727,1.6753136946414917,1.3741735626004605,-2.050617807495693,0.06698114301953029,-0.8319766524895678,-1.2532820229164474,0.19736934729743605,-0.2998107336174419,-0.3764834579625837,3.50607603147055,2.7326253997547925,-0.9607411887351929,1.2420754000641199,-1.6070173547906768,0.18503417016211654,1.3630344457821857,-1.77653018756299,-1.317213008795983,-0.7094497482976643,5.881860354600015,-0.3121132421194756,0.5480514507387717,-1.354467411099447,-0.029581372806449846,-0.057838973555100814,-0.5271910406024158,0.1787517716351512,-2.1079779771352976,0.6182061524717097,0.29620781923699624,0.6403368778059254,-0.8691664128264613,-0.852505882518696,1.5130518830956006,0.3997969884443553,0.8788688301976477,0.5607529145080042,-0.28537557343400455,-1.1209700463836956,0.5470870421772689,0.020622541713272824,-0.3196032509818862,0.9061222213813576,-0.0834269174188117,-0.7394460816886127,0.47157989963939784,-0.8111773674583161,-0.6559730791990328,-0.28146155338329837,-0.3270779147038128,1.2730113254799293,0.3276921018284982,0.18835166991916552,0.09108052336247707,-0.4967646793014521,0.6565155088225818,0.1978842424313599,0.06149268426282306,-0.29197085990236943,-0.05781293633626772,-0.10852195779660212,-0.05103621244864673,-0.3577948408412636,0.5712163085212335,0.5234471373194746,0.3213857612343836,-0.5446667300655887,-0.29158323815544096,0.42901236314846974,-0.2543290726314359,0.4026750597919606,0.8521721760858576,-0.28900221601400755,-0.8468899997432227,-0.30568583419379924,0.29129608740796287,-0.5239489590296516,-0.3480331272970587,0.34290541225647875,-0.5495067419732409,0.17782727294610823,-0.027911558628981092,-0.46548987411113335,0.05422651186740779,-0.2517785932943577,0.5411379876865521,-0.2570022221914659,0.5503528548987637,0.8575556222815932,0.4142687609416953,-0.2694336038650881,-0.1630438274170195,0.2890903064463972,-0.44067770234441817,0.41136197298019506,-0.1350178584164373,0.21343164903004586,-0.37645307888819024,-0.32142663333639576,-0.3111104264251479,-0.14934144252250203,-0.7337986069596112,-0.21308698044578972,0.015962611398599807,0.047652149518450204,0.7895609725308317,-1.1787336340030914,-0.8060477341399082,-0.6340882311241003,-1.051968039663208,0.13695665991088835,-1.4354250448726538,2.22369162052091,0.144542820897112,1.135168559260967,0.06194225113739904,-0.40761565940718203,0.010144955441155956,-0.6652756288420913,-0.8135620377182015,-0.7125325700166187,-0.16652729737158212,-0.004249268755207591,0.4364646076432627,-0.2184172484894012,-0.2236178219152577,1.7763568394002505e-15
eIm_024,-6.4734228090255215,-4.741609539037101,0.19248058570036072,0.4096419483155227,-0.5787373830190352,1.6996288286700725,0.4239045117004634,-1.5456165616613662,0.7385416775353734,0.30549111651304606,-1.1306701474810015,0.9468344568711327,0.36528509518246344,0.042787765328399674,-0.25689200342091095,-0.2549660645358838,-0.6758808800915748,0.4923917443715593,1.3658497182295037,-0.2462682899598954,-0.2060167252727262,0.39624862419529633,1.3213101388212491,-1.9706462662827922,0.4728941432669078,-0.23575070201558201,-0.9930797052917552,1.5291406914842403,0.7508707448140947,0.504103452244536,-0.48954365947853196,0.8331295560230259,-0.4042935436792008,0.2572123927772522,0.3650089424186009,0.5235793823052446,0.16975615159640844,-0.08151403849906552,-0.15160297833030756,-2.195709289701265,2.0281508913170914,-0.5860913530009987,-0.022980351799984644,-0.35599639328241206,1.2599742153646725,0.5777421744998724,-0.6240042321787505,0.48463595927054026,2.7714660265498834,-0.1751667748478783,0.5224837957204166,-0.40126143883477117,-0.3915648946189083,-0.9493069402486368,-1.7249876140050793,-0.6962112822778562,0.8137811849299729,1.4301401629412789,-0.5791020470229209,0.7121378591458367,-0.20722728928289247,-0.12916166821785457,-2.380542975380212,0.3191064829881014,1.2864151306600085,0.3245012126039668,-0.8787476680926787,-0.6603282792887756,-1.7294059111403044,-3.637879164606378,0.9359631570524292,1.3036701835601443,0.7646314311252685,-0.006781209530597243,0.22614916825186865,0.25507020031472694,-0.8975823032512449,-0.5421306083990916,-1.9491987501070906,-1.7988799966905398,0.22360950109503375,-0.3726276993612963,0.8784518671617345,-1.030290203183539,-0.6071528561392099,1.1875757423268856,0.706085559573439,-1.8573830032396215,2.044399735155244,0.09316569895479349,1.0383619751921858,2.3949858538759856,-1.4311346161525291,0.3486775518238874,-0.021296733162301518,-0.27418401608599563,-2.055047965316982,-0.6032897212595074,-1.885487917245191,-2.68648022231098,0.7380228022782517,-2.0224494816310252,-2.237956074103431,-0.7445333690465255,1.2495778087494522,0.059174860793569345,-4.0853051070923225,-0.3561599509723891,-2.2238075918526667,0.008990299804425006,-0.23892309000982614,0.7026630363754172,-1.5751933277824652,1.1204105032742706,0.5161306389162318,-1.9983012843660657,-1.5084537389347583,1.338895450188704,0.29674851212336073,0.2097469577344349,1.3568912349745923,0.641260219127334,-1.6358876036911714,-2.63645755815092,0.5826390866157313,0.9536119713764112,-0.27556190665173896,0.9905442605102718,0.577105270127336,1.0660809668845248,1.4035573988688257,0.08582057152622591,1.3275729598965447,-1.213044049870755,0.31668231302087657,-0.33668986397231193,0.060626259401419635,-0.7563640815052881,1.5396740683969987,-0.8136833010550566,-0.89750660336651,-0.10059025362467933,0.0012492557671550664,0.7568599339370268,-0.5038248482920847,-0.637061963274822,0.16971485905828604,-0.02588381210815971,0.5916385053244045,-0.8296579280723081,0.10997717504492155,0.9083782481182092,0.35851729138686195,0.08714466664037636,0.8591948913217089,0.2269840408394379,-0.32220923741912055,-0.17663639429641198,0.8215328164216087,-0.0700971116865281,0.07547470656617894,-0.03228361815315039,0.19621429759135706,-0.12553400310988025,0.1277399315731067,0.0060415527761841226,-0.04155341914724753,0.092603297674695,0.008959405749773455,0.16534164275679974,-0.03954585372953723,0.044372531645038404,-0.025206787355071203,0.08638504928241009,0.010687716290689209,-0.007106814454567956,-0.05267368851440113,2.6645352591003757e-15
eIm_025,0.5252494713303495,8.144963401706692,-2.257995328162159,0.28322035550251545,-5.271223051017169,-0.4930279108772586,1.3636499146351642,0.6065494049569,1.9705206568050255,-2.0586840168809393,-1.442216667616949,-0.7785881673421657,-0.5058101551181781,1.0135593502136064,-0.4071633945676733,1.354366607382722,-2.5862323448729785,0.6112862396338683,-1.9885737562075088,-1.0073211265359583,-0.7194906874839069,0.6565885551433813,1.6044888587406545,1.0159965681478225,0.33645337230800076,0.6316327004415243,-2.3764480527544265,-0.014428671632031487,-0.5572877097606411,-0.8875733432527293,-2.5969357478037107,-0.39761940568486476,-0.09932966838753066,1.1369249358986622,-1.150892201913602,1.3270621588019478,1.163849049049276,2.161148791307388,0.6372813536309871,-2.7261308724736604,0.08048313829664236,-0.711209403734766,1.4043944111340925,-1.3085524722391901,-0.49952353832070995,-1.613057541906379,0.28220995089234147,0.9359892078096594,-1.940132278709529,-0.6156465022360219,-3.302972482026255,-0.4124542644088909,-0.033695697909162714,-0.010982908022707114,2.6370974461988226,-4.280924863810465,-0.4178663959962453,1.2756056689185569,-0.08726894987972411,1.5878477861974098,0.28449002089027176,-1.0128503329018939,0.9379568987100724,-0.32146458653204824,-0.11794197515091365,-0.7374109311942955,-0.13326429383888305,2.597071693572377,0.11653493721743602,0.8066033008334854,0.38172353502379597,0.07050800412615846,0.039023806330935606,-0.09720586911133022,-1.4994777873277956,1.878342156177064,1.017435501035554,-0.1124810525841129,1.0517540725895587,-0.7641324913860627,-0.6722144229160031,-3.1106781357529427,0.9907782469231015,1.137977407380781,1.8101862314381054,1.0269654888486477,2.58703626539745,-0.1087516401394033,-0.2588153881997102,0.3313055369648673,-0.41938619950575995,-1.5990369113911158,-1.1692852322050462,-0.17140695138613382,2.6003468159599468,-0.27309595374476614,-0.9000689617873272,0.12429593085672362,-0.7226720427176587,-1.417293366932219,0.6132497754966879,2.318996740353329,-0.6115902828396906,-3.545116241197833,-1.2418866458287394,0.8273536547760494,-0.302596005295115,-3.2830253883332947,1.1269503736566424,-1.1212392981528785,0.661204489857835,-1.5086878512949078,-1.2024618779736367,1.5710035076642213,-0.2553719785194457,-0.0967615075197148,-1.560289510974936,-0.36501789966676235,0.22557160258496778,0.36322632109017283,-0.12423100538114895,-0.13823680758604961,2.440123660006642,-1.1372034846386914,1.2781593419205977,-0.2973034504379979,-0.2231887132918302,1.013734281581736,0.4788599701674707,0.5697615462039705,0.32555621039001936,-0.30784316195396855,-0.5004895350637429,0.21516477756808414,-2.020718575835877,-0.34519994875639504,0.13383788108142758,-0.8933447498199651,0.009975208745486464,0.37741301219748447,0.6586909848917089,0.23567432394620813,-0.0823474894944547,-0.906262938813278,1.0658027739065614,0.34886497716318,0.3405931792384398,0.9878106305409847,-0.21810048954009043,0.6114154089036228,-0.6614676781010735,0.00508020653661867,-0.3148429260855232,0.5572970780037497,-0.09379344559691002,-0.3493733490108712,-0.6146608043182609,-0.09553241264209522,-0.18502175546540267,-0.3309472516074067,0.16358866316648912,0.17571478418394126,-0.06997402141352355,0.09567809453136053,-0.08528954635672248,0.24619528527309864,-0.013809669544780578,0.004385778146021202,-0.1437263120811202,0.02660462556387233,-0.01848741739430304,0.03340328645949259,0.03713202094913792,0.09844594465451739,0.0521917649469833,0.01730078872889773,-0.06392372103921984,1.3322676295501878e-15
eIm_026,12.822653206830488,-1.4309251502002813,10.67569139765035,-4.907164678976697,-1.007489872386737,-0.6674787228270119,0.9990713341199903,-1.2951450505316415,-5.182039286729187,-6.10914081043914,1.5053028658521748,-1.4532266610341937,3.1646439333322074,0.6517343488176988,-10.824043913441947,-1.7444435651278751,2.544157682197214,-5.119458407578464,3.5315421488764294,-2.1224305875355536,-2.439138980566455,4.663222775471863,2.1625171579729514,-1.036031273524909,-8.203227712126365,-1.28848083202154,-6.120583588545085,2.535684575805442,1.4139667866463292,4.170438083989181,-3.143895506646305,2.288271598236959,3.9429661681769486,3.725418517403542,2.9227628850174647,2.4786159495357634,-4.758728656058962,-1.995187886883369,0.5294524200132229,-0.6174117505770021,-4.3797472110675075,-0.6404806578681296,-1.6031850573096753,-0.14632879281859246,2.131917175655386,2.1291218462633332,1.245212682561291,0.38474381036362604,1.6427025250883827,-2.1023785957973136,1.6771750808135055,-0.09734230475176744,0.5630194162399327,0.3468449655801114,1.072484918570566,0.7305272955989943,2.031240606854446,-0.01670979527062144,-0.9136862435792233,2.8931758125911773,0.47973664756736567,0.8761480183102244,-0.2143850982169866,-0.1785994662418089,-0.25984684152903403,-1.3870674298762586,-0.07708551615646103,1.001666843121674,0.37915294167039604,1.0806022891609957,-0.20475306839118068,0.5790039489999664,-0.23359641092840921,-0.4018648985493174,0.026592827275183806,-0.17654137153232208,-0.8954846809724064,0.25737368401059846,-0.9908721440180353,0.05294612443022498,0.09616973659911776,-0.4035266226624408,-0.7868515071291338,-0.5454699719763241,0.08423338090048804,-0.32581889261650954,-0.5820639368648312,0.18896472929846486,-0.058904561459272364,0.14349384150510414,0.1682241651281268,-0.5377317489034755,-0.8958196811907977,0.43799499875331527,0.4111456589445908,-0.677089175680942,0.32400097538934897,-0.2296629484951775,-0.4623843398417862,0.08433340781958704,0.23868028417185272,0.4199639330894987,-0.16572106994685828,0.3342118760107942,-0.013727886131561173,-0.07481250305981454,0.7503547291239994,-0.23210940307424277,0.01958299699650845,-0.07934358954176424,0.12815046993667945,-0.33770228897424914,0.11356337986666837,-0.028048653523566294,0.2682157198176631,0.049920112822966156,-0.018819827511198373,-0.0554809773960554,-0.3332268027980032,0.3886852416753534,-0.13187652451677256,0.0430929500997741,0.054498389170934414,0.3274833140144008,0.09227953374364417,-0.12342134929403992,-0.3197181164334093,-0.23646845295559643,-0.06925260177712822,-0.06698517589150521,0.03651332268932639,0.04676180517349238,0.016415104342793446,0.15168673557406107,0.024479719373289854,0.1579454757473422,0.29135275037038955,0.02024886531186898,-0.14644988885203508,0.21702598243113447,-0.06508610770628143,0.11213466464989447,0.09732869183499829,0.2464933979108147,0.049785373763015894,-0.04378379483142042,-0.005191610951097936,-0.08919410069346012,-0.19289909525616894,-0.087410022952225,-0.3002187817958784,0.11585979008904634,-0.008289190688171022,0.0654661429353673,0.13509362508476078,-0.038478132013530564,0.07556275294865777,-0.026790393227286047,0.08197676659734221,0.03869896982931009,0.010002202886048472,-0.022366852600667946,0.05973645911142586,-0.0385390236050874,-0.014328369287000209,-0.016876536836091915,0.020587556332980705,0.014706417771206182,-0.02651234822009385,0.04227960740331871,-0.04810161708658289,-0.07837030048034882,-0.0202772932301305,-0.004532464816783266,0.0036770680664912625,-0.0011120071333898807,-0.012826801415391054,2.6645352591003757e-15
eIm_027,1.1759363704404286,6.041996361423436,-3.0479193874572448,-0.26006193450747794,-5.4767850931041195,-1.5569948657915114,-0.8010049226505126,0.38131521057129203,-0.31828350907541847,1.3365385063422184,-0.9602723817855755,0.5983493719954864,3.33030852838024,-1.1725914577111571,-2.31653973792297,0.6044721536452693,1.8474304255939373,-0.193246521320529,0.02280159401391746,-1.0504447113882944,0.15230344456095296,2.4839461679450743,0.7692059308610817,-0.27240307432266136,-0.4231349867573766,0.3390288794152134,0.2425426408941584,-2.010346429039499,-1.8885397367271906,-0.6093839336182034,-2.066656482931754,0.7914233062504188,2.351599417104032,0.18243838908768112,0.5529316739465513,0.686607094438056,2.519109701847487,0.9055975187992207,-3.5850827767167326,-1.0414650894860094,-0.9066948881708844,1.2768620895571579,0.17884951405474797,2.2517684696911027,0.661349500962152,-1.4249482155237645,-1.4948774251667427,2.054948281616001,-2.022021855860069,1.3084833334138652,0.13510607364599736,1.9244124003659013,2.0301024957161786,1.0607091735581735,1.3185990964875425,0.47120883329546137,0.6438501320498856,0.7243617998582099,1.3747395489427494,-1.6251585376024555,2.4950697195570384,-1.4798577051469803,-0.5399097946842573,-1.4697865311094116,-0.9007362714232916,3.5418584257602244,2.0383123380692076,0.19558684499895163,1.0986671795701508,-0.036085125551416075,1.310452026689885,-1.0707410491717064,-0.4375671147279089,3.080421893658587,1.6358536923803793,3.7279445377067915,0.17081124904250028,-0.46616749639492605,2.4929961665905,-0.9442756295097248,-0.9129901364936126,2.610922309756675,-0.8561876334995777,2.7299888061124666,-2.1450401986222225,-0.9327725905932065,-0.5906648893490954,-2.934480372348405,-0.21682081910911233,-0.043010768196992955,2.820524718300116,0.6906475201326626,-1.6391185119528209,0.4493781815622478,-2.203533868025513,1.1991880454659458,-0.2362585635863762,2.0996078730293797,0.07591495951940552,0.1006640606255157,2.240718702766556,-1.9702883855763673,-2.0871919125676506,-1.4219382859800236,1.3006666337182575,-0.602742904695529,0.9124944503425026,-0.33310567940381686,0.831370897146918,-0.8159790486911391,2.012044654176,-0.5089580333884658,-0.16384415660558768,-0.8605681695311598,0.7424733259781332,-0.009516017957532541,0.4964522250315029,-1.3854764406190396,-0.045386885862014226,-0.8308494022412893,0.8700105281856345,0.855717577979318,-0.7419499518024253,-0.15234518538003883,0.2864871389328376,-0.13331910186500917,0.10560919791121948,-0.256823468470205,-0.1291614434519477,-0.783749896998502,-1.6163617485334205,0.8107895969598111,-0.15461214678462906,0.12963399344584267,0.07745054816339803,0.30948618108219783,0.20263518248470314,0.18410560202638854,0.4146563521793552,-0.2914242814905845,0.1272142528866118,-0.6012123719809811,0.24792086012780512,0.029849827247314997,-0.39288063872579393,-0.2251093410684979,0.3711392698313074,0.5900131017721143,-0.8523911918423227,-0.3018497390725383,-0.35008894860836404,0.36582425839412136,0.6692998259903618,-0.3339642219310635,-0.4801818663342275,0.0357553758780208,0.04227507210396597,-0.4193294812074987,0.3005749149603284,0.0032244282332262175,0.30851175104376094,-0.06991327542624703,0.030963503527485614,-0.22359655316946556,-0.10150032521320629,-0.07086575689284319,0.10391852776600397,-0.0652383875832252,0.054255827033145076,-0.03768581882272737,-0.042767762188584246,0.0356913795918502,-0.013993667106238172,-0.056777331536678854,0.05395073240834536,0.11292736607870979,-0.01879395985397969,4.440892098500626e-16
eIm_028,1.1283458693155275,6.616529836890318,-1.72782667009332,-2.0121718637067936,-4.057007762205662,-1.0920218055871524,1.1418908654389306,-0.8331209344272393,-0.6154817885143887,1.5486167108074649,-1.0235781611354868,0.24515078707049165,1.2046848553682608,0.6065197301590848,-1.0389106447499736,-1.026290818487471,0.8879626587657145,-0.04615868660249811,0.5519257517893555,-0.9197473979436543,-1.7844317399699534,2.3246315102755957,-0.6109907048909509,-1.6727052133097893,-1.9133165500887914,1.5351428346449052,-0.33334361988143646,-1.1120559558222993,0.1424001526490214,-1.426377951851001,-0.5921393085581432,0.8668953575740437,1.397277801994004,0.7504247916377473,1.2796547855712104,1.211934119214948,2.9133763609695844,1.4570589000519911,-1.48821188696897,-2.4466505073338554,0.5976325361346179,1.0801319164501073,1.1997735890317551,-0.454649593131603,-1.689430002977891,0.008148642450847387,-1.1363243825070772,0.047244971167735184,0.8887495379161872,1.0595004963270047,-0.03850013453601547,0.3319072640714419,2.54347206508857,3.097768164941518,5.7678827412956775,2.4281727042338064,0.3786219501736684,-2.002725746588513,2.3320738522384623,-3.4349349600918995,0.2865599626220443,2.7552035556653744,1.990261228287649,1.7030268149411525,2.8936461116945114,3.6409704766423223,-1.2179682733912227,-1.0043193024471302,1.0003798138762379,-0.19739168173001576,0.9362278071117573,1.1252774573930533,-1.5617011257692774,2.9478356585941343,-3.0652850022682356,-0.276773609761229,-0.6070455768422758,0.8292678042938341,-1.6777590780186955,1.1435392797301294,-0.12789375590105362,-0.28788279399600225,-0.7643917640448603,-0.038048466213968846,-0.11309371105902688,-0.05981304684283795,0.2322301686924202,1.7083799077899389,-0.6708566708804231,0.9395586941918208,-1.3712103518852718,-1.6674524533537967,0.8120713739676212,-0.3697600320378768,-0.8128697898061337,1.6484267205178733,-2.1383369830160577,-0.0793845631597052,0.07204441597861777,1.4330639044751168,-2.1457374355653895,-0.33642115246322934,2.1447902865739747,0.29925026599476745,-0.7954837654870732,2.722901425534544,-1.628800755593218,0.5706542496883512,-0.10076250775567586,-0.5137299234481457,1.0767633139551536,-0.4146904724373697,1.050458623266568,0.25821829443814714,-0.5646100084503133,-1.259225703746096,-0.2950379697176116,1.8117834462007845,0.9182770998024912,-0.38145979112420797,-0.5169898933425993,-0.07699621092687225,1.0080082072706287,-0.2777505249858685,-0.6632577818051855,0.6560881569242136,0.3193774409606942,-0.25684535497397937,-0.8660268398494488,1.8262759815887075,1.4544638654431525,-0.8311747545992614,0.38731583856934404,-0.3880337739590782,0.40462635815658154,-0.08520650672530494,0.23183171706343808,0.3127743550576426,0.14165471849402006,-0.2892406531252085,-0.2905630262505632,-0.2190617453819631,-0.4062707091551784,0.20854977675987818,-0.5207776949689477,0.15201850212391757,-0.14576393332155135,-0.11289628540837782,0.6695213312366826,-0.3333093918844714,1.0556200716245905,-0.14323379698387817,0.1424596378857037,-0.11859649566116208,0.04726144841836913,0.009472911778353854,-0.33981001964686985,0.08785616921451089,0.40036138474962446,0.03754587829197631,-0.12672292636744809,0.15190679475037416,0.08697012271659293,0.03462927953344211,0.28804685498955496,0.03512672762606517,-0.056628915684733494,-0.08674577924795424,0.11244797700001485,0.17074575717487517,0.22071704086489552,0.008937511392489439,0.04674777062760893,0.0768674498805424,-0.051047673725906684,-0.05176298819702041,0.01188937723651573,1.7763568394002505e-15
eIm_029,0.4422477373213436,5.82125067885283,-1.6537615718253451,-1.4199516891309543,-6.510481755443335,-2.2083004376782203,0.7929785976361781,0.8786514943001007,-1.8499615019566256,2.2001036841306587,-1.3595881588185628,1.2713646156276397,2.167014736493051,-2.00757803245455,0.6071764797122581,-1.022037909461854,0.06338398065604009,-1.1335931372214687,0.023745160689575107,-0.2737704702985819,-0.9594633055741772,1.3372124809855492,0.49581975794460675,-1.3187148866459186,-0.9784844335949144,-0.0844758307410246,4.610378975121859,-0.5387159520609524,1.5235675299297367,1.3046248170633266,2.160832386025162,-0.5656488309545125,0.47114741396047854,0.8451611717452647,1.6568025404083446,1.3758355232416601,1.3551828998543713,-0.10442655314623922,0.31217408282074943,1.015322708918478,-0.7649017083759784,0.12841875473003106,0.6472781717777688,2.5863206229272806,1.3614603950109225,-2.382509877470828,-0.6873655271193497,2.209794954863238,-2.155236327381925,-1.8193666443882006,1.3902617262768748,0.16776033195956105,-1.3186061579554509,-0.6934646215893703,-3.9277671225481994,0.0673333639446747,1.6909274597008097,0.8635536685989933,-0.5076514926519238,0.7055371797022488,-1.2125091522992104,1.9864071980324276,0.710795314970661,-0.56215285434283,-0.2560336846850726,1.176907014642587,-2.2643470256450957,-2.5474514862318243,0.5889425860482875,-0.6591141682702841,-2.4298894397670905,-0.8545587537731149,1.777258544947572,-1.0628700829569193,-1.172025459611989,-0.2653152742279543,-2.0571416013769555,-1.1135453012474785,-0.01169450879098638,1.284897637669078,0.35617283507323305,2.7627124393617364,0.24670473680607857,-1.3826957169447647,-0.9819460779970992,-1.862097797751818,-0.06969953536980888,1.2809309256822954,-1.3521964205529535,0.4908088683872244,0.29379660734702895,1.8967183781383605,0.6116547009965904,-1.8567544030898813,0.6345664957941105,0.0025199688347747884,-0.501810499930466,-0.6119640769550307,-2.1655744072411816,1.001571738922376,-2.2009027167787076,3.6259564892805374,-2.524361412924743,-2.8917547511862645,0.5140263627143374,-0.7392062412426232,0.3730599826774802,-0.6733969843557045,1.0767418830784805,0.34309592851788717,0.0568306013468195,1.0553442096268628,-0.5593688749566881,-2.65052296413298,0.04387844032199317,-1.62001889021327,-0.32987377046059524,0.07946293391365655,-0.35483224862332985,0.3948961639051471,-1.2518752517688898,-0.9147732314262975,0.8439912948125864,-0.16737679612544798,-0.35885615052749986,0.8901352222979415,1.4527704875438217,0.7673535006087594,1.2976203263885961,0.5729045084259702,0.44220008903378516,-0.7570562508552592,0.01875613429770276,-0.13902991707313533,-0.7914129489464828,-0.8417802282112488,0.24318688909680297,1.0122951397007285,-0.12452493616143306,0.2481193198199806,0.7364922890441716,-0.609669907044104,0.4964204783317696,0.22596983618200728,0.08858168259907043,-0.52573706456577,-1.2117529822474553,0.13866752394448467,0.23306649602962104,-0.6946618866773315,-0.39462821531285436,-0.2399426784810682,-0.05439329145693739,-0.2427181482227419,-0.16441182584968886,-0.2856679723461548,-0.22931011992418782,-0.1774914754739405,-0.08774148320932085,0.19002749664857044,0.0781469444270988,-0.05944565381057942,-0.04821690610083679,0.08602352784718628,-0.0385869474014382,0.03427692064782234,0.1032146478363698,0.13827563183951436,-0.13256456016712878,-0.03462467422633697,0.05594492220943437,0.012598907574994711,-0.07991412207576198,0.020850258916441877,0.0016614951084302776,0.11193962210527997,0.10704591103006911,8.881784197001252e-16
eIm_030,0.4811357038723898,6.836727573968193,-2.778228614206712,-1.192040480973617,-4.1994567983942,-2.2510416048246764,1.37171999895966,2.129588876084168,-2.1908434652469113,2.7645934295834254,-0.7359517939488357,1.1912317380648103,2.6821439920937986,-1.4195370816346795,0.07121877956768474,-2.2234405366471535,1.1739737826632515,-1.717148912172739,1.0701115118753584,-0.5830810355188152,-2.2261007319166506,-0.1442845779464893,0.011148782931351686,-2.467904574646501,0.030516906895388773,-1.2095978546918977,1.6881694637353326,0.20721842589824038,0.6266592540454479,-0.5647090496114486,1.6557731188102152,1.2337237513811932,0.575138110741467,-1.0543116860059256,0.3127542373410895,0.8172340907405812,1.3991190053211942,1.6965025768628914,-1.0848733093147525,-0.9406275633970614,0.5238936570089405,1.3421319774638898,2.0392676279324466,-0.13614413664019132,-0.5593343714573148,-3.124551069474915,1.372631137153861,1.6670417685156367,-0.13624465585010148,-3.49497677429107,1.9329344454598232,1.120301233079241,0.5531868444172177,-0.6643070997484812,-2.4415815897815225,0.11677890334760477,0.943578328674297,-2.2937850911769977,1.0637522244568363,0.3310558358309967,0.9045602870860064,-0.2969309680470431,-0.23533901120595513,2.232007788692752,-2.0857744270953904,0.06432233961079314,-1.9141761315484795,-0.29412823392776744,-0.18719444543259045,2.0088179098974033,-0.9573668582156448,0.4828157438651898,3.5396428659174974,-0.4896519831445487,0.5070819782140106,0.19051705820805198,-1.3821243896001454,0.017449612185957863,-0.0580764821858632,-1.6785431128031763,-0.7982632829627723,-3.3038768897078636,1.307683893241307,-1.3553821306098273,0.9287334124605737,-1.396374431846699,-0.29766830262665833,-2.043651972998191,0.43373333775340783,2.3165478103826254,-0.1311187435904099,-2.0966704412974178,4.151325497268812,0.2968849198351591,-0.4602937621975831,-0.7723534448487228,0.666430884686106,1.2386535959144933,1.8521996434978973,-1.4750325602013916,0.39193014780202245,0.7630602677949645,0.25569396691312984,1.8658635568153308,-0.7726240444568668,-1.8224107467094168,-1.8108574300459594,1.8594262241792068,1.6470767884419084,-0.003443157565504451,-0.9626931317243487,-1.419562972619431,-1.8016660312561161,0.5161744506354031,0.5304969416342361,0.8724222343180759,-0.9777106320739763,-1.2605773690283917,-0.1742839685437051,-1.0779365002069698,0.29119549717309123,-0.08845743302984443,-0.16019923141884562,0.056308024297185844,0.4243266431793161,0.1793753946396282,0.1311298815160542,-0.13302622492709382,-1.288908442392597,1.2606610016088449,-0.6099999144041941,0.6396310551971032,1.3907217795307325,0.7753361615918545,1.0077983548473086,1.3642011233856794,-0.38141340450399924,-0.7724477573026725,0.557637089973126,-0.10133159057324836,-1.0910854754819144,0.8482668789035177,-0.4763028398997282,-0.5920788850580391,-0.21798947860308712,0.7282980476527048,0.6323474731470384,0.03631088795036652,-0.8042894996359253,-0.02258468884448006,-0.039181593926746694,0.1598544069578114,-0.058046094141058546,0.268383658191939,-0.14204615967597103,-0.15859215853801445,-0.22878974699749355,0.21412824259046193,0.019991467724000178,-0.10729697411654726,-0.03725261369520316,-0.06432623571301077,0.2835734837865958,0.015024478808636943,0.08081445507611007,0.17932342693921854,-0.13718182787292765,-0.11925002144476737,-0.024322207106942273,0.11238863128436205,0.06638555053070538,0.022786008261378055,0.007927782636090619,0.06678906185894329,0.07067529439950926,-0.032088807293361166,-0.025377557046957544,8.881784197001252e-16
eIm_031,1.0743746061436372,5.981172875355263,-2.7641106270319313,-1.277100496468794,-5.391524644002254,-1.4875874169061938,1.6177637834717515,1.2113887504016378,-1.428293718046771,0.8872873083376914,0.6778946701398851,2.3925688064103863,1.787867927615261,-1.3513673907601667,0.75594452597357,-2.8269013576946627,0.7859518637558615,-0.4044046400502255,0.12548369675766602,-1.4436442754827041,-2.6921474427600702,1.038375130746274,0.6346887102001497,-1.5093792025282267,1.2582094713684044,-1.414059203642467,2.924215026153426,1.5906090593805966,1.8284647040899333,1.7240172090902668,2.0200956509436514,0.6647523526123542,-2.0994690154435314,-0.10503448502769472,0.32808042943552423,0.3040428451191737,2.2522525950943075,-1.3243544836232122,-0.7770420750536717,-0.04066434546496077,0.5431396676405378,-0.37747280984875853,-0.1286342721747113,2.2553146222900087,0.44837588802576955,-4.025763090949562,-0.012426995557119735,3.791715881768818,-0.8061106914328313,-3.1457869607053204,0.9289289786834449,-0.2462024173743265,0.7902725373043646,-2.1732402854549315,-0.6067406087568193,0.8006531125570333,0.6598794452386677,1.1788657826891098,-0.25022260802577223,-0.6824203445637225,1.6490956221734854,-1.1481383361192905,-0.9265677698846558,0.6900523507691929,-0.7916879953210811,-3.5169493736834996,-0.36095993043573094,3.5400290105891976,0.49017708944205673,-0.83597343506654,-0.7561907900797131,-0.03473670605610608,1.7179970891376912,0.23310421674892412,2.762542409637267,-0.9485454925287291,-1.909471095296627,-1.3808563180611564,0.8035294386993556,3.053456148046304,0.5257038259845287,-0.04181579978131572,-0.2902755393130888,0.6667057176267103,1.1538065307042076,2.016910318892746,1.86997391626113,1.9555347975760666,-2.0514812874812347,-1.941150701611443,-1.566976374974789,-0.6872098472315272,-2.3208366414559918,0.9306890241848409,-0.8243209806215521,1.3307001491358001,-0.9766211252119188,0.1958594892090847,1.6460868714802717,-0.4011579521337506,1.2700607124665455,0.07833660460149675,2.0931843161976698,2.2965356603039173,0.19650796080809874,1.5095020330478086,1.106060115972834,-2.628000866330606,-1.2988252242228835,-0.6128214539013741,0.10483628350527807,1.6402003561545613,1.6662616116440307,0.9760950992580534,0.21008286931314346,-0.08374306446048774,1.8704613126063467,-0.5203557657137361,-0.3609099014913366,-0.12378218630010751,0.7049413050728732,1.1431968266212973,-0.2947145221199169,-0.14254280971603872,-0.32485966118979936,0.24103011251423673,-0.6980591611369054,0.37022828399157903,-0.17222246797403518,-0.49618588769404104,1.0999194059074053,-0.36532472345093786,-0.47432397510552937,-2.028587406791082,0.2246382470956364,-0.4952859712378237,-0.10000295795257585,-0.7047150517843486,0.2209865455484777,-0.47192381793008886,0.28421090030899276,-0.2497916328941283,-0.018093365372100156,0.2814120383013591,-0.07262758878720019,0.028689652291997797,0.6934347697931719,-0.23762361024026468,0.4693524480700345,0.2907683371997587,0.6252082549802085,0.23892227358962392,0.26419399817093825,-0.07016786449468777,0.15111444359164813,0.45727762029242025,0.18613916740160374,0.1933545309461948,0.0909147690561567,-0.09733881865425253,-0.09614334790447954,-0.004981315839373439,-0.1213847576414111,-0.05044345763753813,-0.029446965780116408,-0.018573561760561463,-0.06388657164906608,0.045647788980764714,0.09079435648419665,0.10599782739940311,-0.0897848543525499,-0.05000201345627531,-0.014052078412572833,0.0026279668446596016,-0.17743851071834194,-0.021163750426370864,-0.0786248150863268,1.7763568394002505e-15
eIm_032,15.02247385772263,-2.6664633184010698,10.17454876484897,-2.430360428382061,-1.1857458700839834,-2.3089492709486654,-0.041784313728109646,8.495643674754369,2.33930233302837,3.035543451396553,-3.624053865270884,4.7990925209684825,1.6175183470641104,2.168902845356777,3.8327982197445443,-6.8175955522783624,-0.0960627960081479,-1.8646808376224415,-7.027376361537118,-2.390751750847636,7.2169605228432205,11.480915660411142,-2.0133015898293047,-5.399811070641149,0.960491017872662,3.3905738463210677,-2.34450345476568,-1.1839610962718508,-5.737675914810955,3.6412759557606167,3.5086722339674568,1.7595589475846958,-2.4140641403226053,-1.3949253290169457,-3.349713042162354,-0.7862234669269836,-2.4630425857079103,-0.4397925785320777,-0.7053906585901303,2.4319586459920175,-1.8541780805163663,0.11647514421686367,0.07579822737386493,-1.3793752831430175,0.892635945540905,1.3564584404827105,-1.1694832504714368,0.5943864570522057,1.1057301310130687,1.8769691745431043,-1.8684641167204135,0.3454849412369938,0.5114573161765243,-0.7566949663583954,-1.9377591340011378,-1.2223389314815305,0.4018236245522865,-0.6022367823024686,1.2207165342255286,0.07679131334429708,-0.37319249874505067,0.9707367100991056,-0.39069712043614824,-1.1877672794116942,-0.22954514911794477,0.042389112200203694,-0.27641775670854546,0.09942570344201773,0.062266608375359134,-0.7747668967232091,0.36365084336740083,0.13601251143836357,-0.20340207498948715,-0.6182229619914483,-0.44039346738303037,-0.32930350876360404,0.1652957911627388,0.37324314447560925,-0.9105843180776769,-0.24858150818619917,0.21079582585559542,-0.4280933926362783,-0.5649636474984265,0.5672330346046329,0.1754034718076798,0.17141447636724072,-0.08791607650347283,-0.25687962607238424,0.22278933808893742,0.5198822682657797,-0.10393930246711768,-0.5867098039650441,-0.2748549554051799,-0.074334333478693,0.4954231778027812,-0.42850746083229563,0.1450862964524644,-0.4234481420342349,0.19993283298305364,0.4713144936285181,-0.05783542302638715,0.25761586277108955,-0.2312096311137943,0.3005559897025047,0.7499623302747594,0.7424910798872311,0.3359437202187371,0.2621225848438635,-0.0759069200898812,-0.13864774907235186,0.49261927682690565,-0.17461987348433605,-0.014097557012590883,0.7729428004446599,-0.18937725222849988,0.0894286574594948,-0.1321063846289685,0.0823681418659552,-0.27437445810064265,-0.25857186270872595,0.01715064226164542,0.2921419576930404,0.23475020191853424,-0.1065941130824346,-0.0896053415027136,0.17662016452390017,-0.07748689719873081,0.2108621191639014,0.07435247132961154,0.03026227877548049,-0.2295949288387813,0.11432269505513049,-0.020495365690066297,0.012961779055289852,0.45842244441218705,-0.16259568603579333,-0.20685330422032222,0.05278008027644876,0.12407305403404273,0.20054896539503086,-0.0644878230581194,0.04975819613219068,-0.04772437616721725,-0.2464582129184706,0.07439280808927362,0.08161632442479361,0.24616089103184535,0.13361551016877504,0.11467759673278272,0.06624634934445806,0.058888560125805234,-0.0889809542987664,-0.24932718141244137,-0.011316708054255262,-0.06863791194811428,0.09559266944110045,0.015522684746565929,0.05923309171533375,-0.09151164462425421,-0.06842218775752751,0.014307647522824762,0.05728293112914213,0.07940976582799933,-0.027616251051090085,0.015278825317281086,-0.036048711637150954,0.01121858601946879,0.006525214264382129,0.08155510993302062,0.01531505558352464,0.007147353033512438,0.05742991166330824,-0.007367543635974583,-0.007725605953560422,0.007928218092543182,0.019661834401570877,-0.023613903716801166,3.552713678800501e-15
eIm_033,0.9424561222112651,5.965955404120157,-3.3550329151058667,-0.6848850058459757,-4.355492387423358,-2.5148666229059424,-1.8514881011233508,3.136858037592427,-2.2683903998642876,1.116475364953654,-0.27753830371079236,0.1558332361530239,0.09378536284069161,-4.518601393173341,-2.2109772340093965,-4.085734358438633,0.11630392452299884,0.8810807740722557,1.4717458092608728,0.5573879715232896,-3.7271927927541304,-0.8146109388374202,2.469162666117329,-4.142545946679387,2.40842979396219,-2.8913368791845926,1.1058591895258532,0.5467380822806769,1.081801889456523,-3.984244331529216,-1.799191610074389,-0.5074950884902767,0.8024381473841911,-1.1477090456622692,-1.6425886013618107,0.30342734426971596,-4.045514331906753,-1.4984279274862904,0.42574911704096907,3.567752759918161,-0.1277757821019231,-0.035816480605551426,0.09503180716171294,-1.8295637761347545,-0.6908779828838923,2.2045937694938966,-0.8763286045163683,-3.017298105591119,1.9593182810137344,1.6440788834419147,0.26235536207188176,0.5276296089097394,-1.3402100077821453,0.8711206296312127,-0.7183670788467811,0.9710475593994932,-3.4729508773697164,0.2999033576665515,1.4806351847147496,-0.6499221492097425,-1.7754747363375971,0.12177593909058565,-0.28343172515607273,-0.44273352211677297,0.6033468428890381,0.12484213585260057,-0.14235814002266095,1.776743808628985,-0.8131781230702297,0.924255477602498,1.1167638828994735,0.22185203359279415,0.35626523457255865,0.1530205338487156,0.4812580235128786,0.8342114705452236,-0.2111476276489745,-0.1297217469227505,-0.49348796938011846,-0.9789470118566894,-0.9507024462893106,0.22584202490228245,1.5133186761884356,0.7463327368149775,0.13467058214219074,0.8851370120461897,0.603320567664366,-0.050948109567387156,-0.10887533298257634,0.4299110644679478,0.420028907072564,0.58500733185614,-0.11173789809213011,0.9228587379900326,-0.6323453298236446,0.45351135643962426,0.4857399529820897,-0.3324522004823796,0.45027759112783394,0.01851600792136987,-0.4620131379118098,0.45578702670956817,-0.5239569810768743,-0.1750439007141638,-1.2420201293693962,0.07103037781480495,0.14218759322093313,-0.6818782637005327,0.12828300055618747,-0.04534130470687203,-0.019185881753581713,0.4569896706462848,0.27910992686356817,-0.013851014205350856,-0.4259486736356467,-0.17060068857107624,0.33934679737393947,0.0074827508286325894,-0.682603526613838,0.23380293732304985,-0.27020361715596597,0.01198942274247461,0.22909551149727925,-0.09512260106161774,0.5002453400764642,-0.260387264308775,0.6979534480702687,0.6305853245930558,0.3788632196315509,0.42276785363958413,0.05897754711775627,-0.40810696515329165,0.4062237529037712,-0.1454481432687512,-0.10903527381240807,-0.15781724091288907,0.3830325407879729,-0.6938219666229883,0.32685716418532135,0.16994249746172285,-0.07308208443197306,0.24202812157021303,-0.003604848835665475,0.15887461632025612,0.6979052832697095,-0.17174010575882692,-0.26696886342890924,-0.03267609718515929,-0.24339559064458627,0.18334808038585892,0.2697479238514648,-0.12603446912162064,0.054901748469621925,-0.3101565710037712,-0.12265038307859386,-0.43675242607061326,0.07938683973393035,-0.3685001886238284,-0.2726149844210476,0.8708297922507919,0.07569773473273123,0.02182088860151888,-0.8123802875182606,0.36397333287043376,0.291009734140002,-1.538371266435827,0.7054242784839979,-0.7496384930712023,2.304467665023998,-0.7511025248048702,0.29842022319784745,0.7480961064636054,-0.7669899486509626,-0.5227663748328709,0.19252112298749724,0.20366481084278543,-0.3478456125325018,8.881784197001252e-16
eIm_034,0.3222199465860456,7.020014592660561,-1.670895960296652,-1.3424732552754914,-4.750829884402379,-0.3502685495922926,0.08378479955435392,1.5133783861924666,-2.4010991726332485,1.3484938453617485,-0.8971395884247108,1.3394588708842818,1.9941445581605168,-2.135739555180382,-0.17908937967008942,-1.9406021348392084,0.577023048706217,1.0055621724646724,1.9107549358285665,-0.001282718040009262,-2.470525474096084,-1.556470729929936,1.4271991827106731,-3.272859975109434,0.19636512665952854,-1.1951954091560917,0.4613384284790542,-0.9080169617012497,-0.7774157697696243,-1.3683550190310363,-0.40570445422511636,-1.6119734515300161,-0.7545552871859282,-2.008226492278452,0.16270775870608956,-1.0028646294185377,0.9201785191152367,-1.4376800754252659,0.9165755356614353,-0.04523798711354386,-0.20913837923429582,-0.8947599663082221,-0.41862013322532116,0.1313942086633917,0.16353969425067405,-1.3909306640548023,1.019541999528412,-3.4020749928058756,-2.5313048852086872,1.044145375468197,-1.8400229278794014,-1.293096293942437,0.44264390068393616,-2.1324394592862363,0.9368116679019804,-1.5371139593599479,3.854387969666729,-0.3187978645577646,-1.3570662427458804,1.1369211180974446,1.9531052019400468,0.721429456043178,-0.21410104204591307,-0.8576197462729533,0.42114795389405935,-2.9725865404078506,1.8573312645038411,-1.5219250622877878,0.015590640683193158,1.0338682707429365,0.779014420008546,-2.1328297489911177,-1.9613596139864458,0.8751830693956473,-1.1095724812702645,-0.7430194042552118,0.9820072959137653,1.9988679838041283,0.1197588786825195,0.17772618402516327,2.159219505662898,0.2955679159874195,-1.6475660288186291,-2.162940010779658,1.8626910330115107,-0.13387313372726445,0.8713571418729329,-0.6189886232662272,0.9333638574398088,-0.3884335553033952,-0.3851331363743683,0.9835892294354013,-0.325131912276048,-0.9121763521864386,0.06576868113837153,-1.2287020094783154,0.345015382376434,0.7283279568425263,-1.0932661629961185,0.830961902560524,0.3158531263451735,-1.3496459985972922,-1.809074591392076,1.094514941303659,1.9994639017647073,-0.1117176776746844,-0.9100545518493843,1.3430826676447682,-0.5151104249493339,0.09082243945164181,1.060737765210718,-1.0025658216473163,-0.09219517845472183,1.661194018297737,-0.9705583924756948,-0.6267144880736006,1.3393346603685368,-0.6069258142319804,0.8828116245462647,-1.501287729990969,0.4890384332185228,-0.6877639873610133,-0.4840545164729997,0.25507334715909513,0.6385509797702161,-1.1140726674433479,0.2815889710206203,0.9934461677537169,-0.18014219789533747,2.457308885806616,0.1287341826478554,0.42968719273897493,-1.85290758309172,-0.30715377696418483,-1.620050795440584,1.466633761923723,-0.7862534241523128,2.078447177816959,-1.1413270618842701,0.17508618908962537,-1.012879306278018,0.3981566498510023,1.0228044905055214,0.9693805396403925,0.1341950320866445,0.6317534140067471,-0.09785294030424307,-0.6565534772732691,0.9211802572555465,1.4168768237299096,0.005343586701033881,-0.2282437747334276,-0.6012852549871146,-0.39302741275773895,0.0888842954657463,0.3701637141201075,0.49545084005005213,0.3424212108418796,-0.14982718900227388,0.14489650238557517,0.2431502829612453,0.14002510850263447,-0.1846156299605324,0.10861427123979076,0.21968430661905347,-0.06766958221891839,-0.05346563649373015,-0.052164309005401366,0.0605554035939041,-0.18782391643562202,-0.04018071242276622,-0.03798279345031813,0.09803698845149844,0.06883938844966542,0.05633838948617298,-0.09481178097614706,0.11078061354846014,2.220446049250313e-15
eIm_035,0.9293341174649292,6.901175797108162,-2.6898398767954257,-1.8350816746969763,-4.884182805805183,-1.479296287248351,0.10004513390547748,2.160704576618399,-1.7686096346914018,1.3393595103564564,-0.11808151779305487,1.117537147769931,1.4240116042562057,-2.730023329109578,0.6137248472800736,-1.943032896972805,0.6117101328873071,0.3968173211308268,1.757870785955134,0.8329904687624728,-1.930230070573116,-1.3964854353934375,0.8479383058576303,-3.6610024093744586,0.038628053097014226,-0.38876395573987355,1.9096903816697353,-0.43639214981932506,0.43371239672191625,-0.9267664707731884,-0.10355477781378408,-2.449435697251115,-0.9375643139995611,-0.5939808129256385,0.21094054223434272,-0.5500085291494223,0.7881450629399207,-1.279700992624623,1.6252136483968591,1.8028213496002266,-1.188456601727822,-1.1454205298815563,-0.2454689469281653,-0.16721934665840688,0.7898288516144985,-0.7962304492103133,0.43698755784692045,-2.9300899462473593,-2.276862722625131,1.1939249554716602,-1.2646121111514177,0.5510121286124167,0.3711070074041177,-0.9421397609462472,1.785844580813835,-0.5311047654028329,2.476788809532676,-0.6524199517602833,-1.8831170860047082,1.8763776105180205,1.5601865852708436,1.5689018364291418,-0.8547954180396644,-0.5651278545465765,-0.023320642982001427,-1.5649951533280064,1.6651611168779699,-2.878925122046174,0.6317264192027243,-1.1252172667302174,0.0724633588069361,-1.4201028263884394,-3.5458476287556167,-0.6914101595703419,-0.5418488681487847,-0.18180416728123516,1.2996920886212617,1.7747870176131424,0.5790132144636684,0.9438910893821005,1.1871230095658225,-0.2600162609112179,-2.3058829549237525,-1.366773169503028,0.25000398765875365,-0.7289488419529686,-0.8031727233600758,-0.45147104684934947,0.4124725913968242,-1.4356601172607544,-1.1663785058809062,-1.9088259149530575,1.8686306210373371,0.26302625708825605,1.3481382722283488,0.7151610563132704,-0.09812843897591095,0.05222610385151476,-1.4813952344296724,-1.869269473873634,0.024742059246423434,-1.554041946894625,1.4914582953774036,-1.2370612838819532,-0.03290943949745484,1.1331103306724934,-0.0030494045693018335,-0.13354607547308553,-0.4478604062442765,0.6333992441921498,-0.6731171706988727,1.7083599361020034,-1.3338379929666047,-0.08652737538879564,1.332964450318947,0.5730428256260767,-1.5277361746337095,1.0444117207808272,0.41665554752001277,1.1552243948342844,-0.15248237809740472,0.8449895602954922,0.2233376660840696,0.30425438815116657,-0.6983671053351739,0.29688191079398735,-0.7006323344085369,-1.0981971149955292,0.37283846032297974,-3.2356601156308424,-0.5034531800352258,-0.4691983654218407,0.6700427000268528,0.2095908410809111,2.2386455161507253,-0.8013573790752349,0.9759807553864519,-1.1816767507267023,0.6651157298598376,-0.5702806502572371,0.4591717570213236,0.05250276663082343,-1.2231493362296102,-1.1550347318577332,-0.42693317472667414,-0.7694545427734598,0.05765113153053458,1.1008880789518356,-1.3953541422830544,-0.651549914699574,-0.499152557394055,0.6460589085204109,-0.30946951522886956,0.5359230510475765,-0.33632683504250366,-0.3080213041508283,-0.5650456822296507,-0.24232001463453734,0.07649715717804118,-0.07996329675263858,-0.326155216148003,-0.2067252944378301,0.018114333315731715,-0.2815187844304561,-0.30986876439627065,-0.14317252845865214,0.07152844846009376,0.05445008010072294,0.08490692029479091,0.29990349436979846,0.04681662679681953,0.1815522087215759,-0.01966829914112944,-0.03964193005850403,0.08346336069306048,0.09323506611943444,-0.05569859528935517,2.220446049250313e-15
eIm_036,18.34691304381941,-2.4928463908701253,2.2908079357159874,21.90923225111755,-1.929208516546002,-2.291188395193121,1.6547033294230085,-1.2404319724379358,-1.420531393793667,-0.8764440332996507,-0.831551938008143,-1.7769056846573863,0.9816005137900591,0.8501534190726476,0.21044589278177495,0.05842474438561185,0.5673239512324645,0.8334697338679045,-0.8900258110025194,1.7341287063569553,-0.3916014338041779,-0.00200697758646029,-0.0018935884932744784,-0.23661574032596366,-0.796689349097236,0.6945054836964641,-0.7659320240806852,-1.1791961626679608,0.9374936800798324,-0.060207086916205244,1.0597437527700169,-0.6071875969748406,1.8773114084154554,-0.4644467686714417,-0.3214208891286523,-0.2487236209547372,0.6565862105035629,0.7019685809969296,-0.44157465778118193,0.16022314813287786,0.3122986583396565,-0.023171883088746847,0.18025837187184435,-0.6647195968443177,0.6289889442991987,0.27985440682415247,0.38999900351350336,1.2252902059312138,-0.774902958722667,0.5062958615698822,0.11169661984190907,-0.2861626689779234,-0.03524905449450538,0.44452397702848967,0.6756700881166242,2.0090463677398898,-0.6752517807562919,0.2662328760809707,0.5000404703195391,-1.3254418839225588,-0.10716583289506565,0.6529923090400223,-1.2057070986047858,-0.5085111378245946,-1.0940507204515746,-1.180731107719521,0.44275847326542,1.2162038375836801,0.7619110961529503,0.0737914070721915,-0.5486525934064727,-2.2897211247423264,1.1176780422357553,2.8831898297451453,2.282072036944193,-1.7094496792453047,2.364988550255521,0.9828960715236232,-0.1598296343745113,0.12574718635493648,1.4135998408589678,-1.8472698368634521,-1.3956871297915106,-1.9940372278467027,-2.3510435440138275,-1.3965713761281406,-1.646623005690908,0.4431182839445943,-0.7460537048356253,-0.21443177039204003,0.14342284546618275,0.1559504567050859,-2.111981673836373,2.4136278287537625,0.6028025323524587,0.7666244471343779,0.9408563229056189,-0.5619532081915944,0.6503534031063125,-0.026571608011144665,-3.0735144153615237,-0.5596803536386792,-2.307103856645253,1.7115545067340494,0.3116226931677707,0.17405975587785869,-0.47466089601646166,0.7067156766472584,0.34665057317269254,0.643532507213495,0.5423288260916813,0.7188609719095098,-0.40461951532728613,0.5696595097616323,0.38199859973739575,1.6108810182939481,-1.6062442497478808,-1.3973132319421735,-0.17547844647514976,0.3864088645409731,-1.3985013117168434,0.7555995508887143,1.2490543550452748,-1.0482895472143938,0.4253285531581087,0.6521504742569715,0.2045580617409961,0.44126897572189827,1.915163053307728,0.8267093341117039,0.30121468124652817,-0.9206143663601146,0.49064077064792033,-0.07413300000173588,-0.43590982942025036,-0.4816515050345027,0.5986995530584107,-0.3781860655194021,-0.623836144091747,-0.37602728863248025,0.23516671278871826,0.9885931973363085,0.28803317108737947,-0.438661258195323,0.08785499867058591,0.31074302217920835,0.3629778076127209,0.061150787234813486,-0.1174855116897785,-0.1875821351350635,0.17129865483228796,0.5675561224959151,-0.3873683190633468,0.036122896148397546,0.21821295646035402,-0.08026485973220598,0.11969642822781124,0.23244249940972395,0.1346061578705633,-0.264642258298147,-0.17905264559401513,0.4043922070056822,-0.10791124417742909,-0.04685695350700411,-0.020021530006128385,0.03729468982713974,0.014473658319875349,-0.08029356994593695,0.024016547868431826,0.08648512375159711,0.07005413166836028,-0.01437947851345206,0.07785311386919469,0.019883334749522863,-0.08242584619492577,-0.06751212598318479,-0.1024423593815672,1.7763568394002505e-15
eIm_037,-1.303823261989944,7.814154773594622,-0.6393965516016733,0.9821949259651133,6.5018718939612175,2.151986090443028,1.0554896517508827,0.021258932656774254,4.903326079438148,-0.4038140747604574,0.18070000593256774,0.17395479330896313,2.038468253724333,-0.7567647873472344,-0.26920001945966554,-0.7380150434804731,0.748225068667217,-0.7852668805986259,-0.9143980047821598,1.492835398689792,0.08689166598941697,0.10444713046921861,0.3187421586334084,-2.4223610673063143,0.0584077910975489,-0.08177932584401337,0.2778649963975047,-0.7586836804738695,0.37190732664402754,1.178190040779374,-1.5587179101062385,-0.14986512924324447,0.8286425726711677,-0.26421917149783364,1.5587371001793766,0.24467663241998072,-1.4197536247208713,-1.4845072602605929,0.5980333837559004,0.1545817768559864,0.7518881747501364,1.1950366735980993,-0.8948096571343196,2.41188821970211,-0.6883885470718724,0.556852579351426,-0.9581105130859191,0.9360453183292097,0.07236626444809979,-0.579205295766771,0.20902029700643082,1.5269447312151967,0.4757825166969009,-0.14340095729273983,-0.7351829477431235,2.1827530324906146,1.75390717058321,-0.23384053607948296,-2.4882350184313777,-2.002855350116896,1.0189953685228037,-1.940584911463112,-0.5275363139933769,1.0079842882444234,-3.141460771426091,0.6195174015667108,2.2930340250844883,0.07782604379281466,1.122308824082176,-1.7731687888214818,-0.917842647612434,-2.0248783302335713,-3.2870926177937356,-1.0974754738881,1.1543953731771546,-2.194955978017946,-0.5423300192242715,-1.7325308757671996,-1.7783718981275394,-1.2852892251006043,0.18680809916313712,-1.451496046481148,1.8386067951808351,-1.0826666603732626,0.5089986471738525,3.17468754410607,2.1891402535021145,-2.372922471697804,-0.37885739163329446,-1.6873193607388506,-2.2485465357117023,0.7024915073529804,0.4592522451824591,0.8591808832045231,-1.8321140508036857,-0.9875756015808623,-0.049940434505951425,-0.4577270552678971,-0.2048793251810801,2.2441774689627834,-1.954343158190261,-2.1227566545960856,-0.9940840189913545,-1.5072617594011086,-0.947487171333355,-0.09864765092483255,-1.4046104317168122,-1.528767568232365,2.0657473966745776,-2.7344811652479826,-0.16831084386212736,-1.8361767996113898,-0.004504177208609822,-1.1811564230872766,-0.16049519003668633,1.7818293295002359,-0.05613152432382901,1.2068592047049167,-1.9653224132692286,-0.8251035947530554,0.389746076203767,-1.5272879195179185,0.5441867497521554,-0.18277039698386688,-1.7488201878864176,-0.2961269247378694,0.3674316208207129,-0.06199951598774123,-0.01694368692620385,-0.45358019860709886,0.3458399341386347,-0.057972731158895785,0.6507775802475783,0.7151420376966738,-0.3541215899244593,-0.8523970182039766,-0.5999237968871312,0.2841016986365815,-0.6150938349304994,0.49426721949288654,0.07076560919697505,0.3743651828693093,-0.11427416629060361,0.08298458765736028,-0.3088680447526887,0.5707646686412752,0.21741309193367353,0.6842124648701039,0.40096457303009636,-0.27845258950147267,0.4476680431166666,-0.40324471569795106,-0.038410482173682814,0.2250302011559237,-0.031192347114321034,-0.3673168686996445,-0.05869408571973045,0.04916094641594593,-0.18641457583653032,-0.09257548464277221,-0.08226357651534699,-0.17939647988780127,0.3269474398840684,0.04993226163013545,-0.1251484861649621,-0.18051443673507928,0.01438087263671417,-0.06094039019934794,-0.024606705781358068,0.04189269170270704,0.18270728983090456,0.07924024916377731,0.02327020007299807,0.05049846083835319,-0.040691236879404014,-0.0005352506117801692,-0.0157242867393127,2.220446049250313e-15
eIm_038,12.598897467223681,-3.6926134093949674,-12.43787096081456,-2.380527017972671,2.275134720184595,1.4892940783326007,-1.625273049057263,1.5139477532415462,-3.0357313776231316,-6.072635429486541,-5.701990938061359,-6.961174801088473,2.678746290433189,0.7620282439740875,1.1091429731868168,-1.7073775613887747,-2.4548871176732185,-0.12895498908302305,-0.5260690739252691,-1.4556463640113853,1.715768088050214,-1.0855978947052036,-1.668870641545203,-0.7680340973224036,-0.28882946172812773,-0.3749650130243678,-0.05019108280202822,0.5243635643772643,1.1457394106337548,-1.8489268646993764,3.029747949143064,0.19988285264445182,-0.25932401298396845,-0.8389722409935529,1.3086141831232379,-1.6626482741453976,0.4251310675321516,-2.8582459090545593,0.6544866646702212,-0.7458377557434146,0.05728566925129012,-0.6648935984221458,0.902472103181239,-0.1699579833951128,0.1251771597285002,0.6878337345197311,0.32525583413879117,-0.20005018869768687,-0.09543850963385414,-1.5666176979738333,1.3074395626747441,0.9470248338543225,0.9174645655231279,0.23053568717145628,0.3478133942946853,-1.4108378261527847,-0.489035719116154,-0.39512377051515907,-0.24669326088910237,-0.7102044487485322,0.2360757040015221,0.15033966275043625,-0.7948131415550496,0.2447950395647429,-0.540366458334756,0.6182442178075724,-0.13540852138610854,0.020905441671668745,0.0037318198972440264,-0.5030588743063029,-0.12083376806397694,-0.42940496453991117,-0.03728724947605422,-0.20040064866931018,0.47572522776347315,0.17325638291736012,0.40934304096127755,0.691668815389711,0.2124169951276622,-0.418194506076753,-0.3967292516669478,-0.030795706303569814,-0.5678059882267208,0.5624278772971276,-0.4068842578638423,-0.049916550079953576,0.008908770603527155,-0.4948644358982439,0.39318822785904195,0.3550119625908045,-0.3130103839325128,-0.19538286850867082,0.44170105571854357,-0.6728429461747554,-0.1741139133240529,-0.006008355669023802,-0.14427400750038777,0.01323337105929262,-0.3549079252561478,0.35644851301135394,0.3912852317171415,-0.06553915469832344,0.2384865266772325,-0.2555583628171925,-0.28317434679736575,0.04977911806007165,-0.21220233986272488,-0.31982076957032657,-0.1245886343973518,-0.08149250748121861,0.39543328417693646,-0.027274583895416926,0.24463913999430933,0.4084879044552738,0.026118789718374003,-0.15361998063111293,-0.1318078023523736,-0.08625025306926593,-0.0578601267899177,-0.05947078047783899,0.06251775493599732,0.2026165447674435,0.3518302122779329,-0.5253090320587424,-0.2170858259232331,-0.007689592880898544,0.013270927135621502,0.5204319965186436,-0.38237944937540225,-0.08260935368917188,0.1893351926853608,-0.023711365389787353,-0.06519197693702863,-0.09087811096909747,0.009172597023355156,-0.22221239197155307,-0.19613617230086183,0.18532214317146017,0.4380738370587068,-0.3413041402216792,-0.2137915345971375,0.05639286365308538,-0.1179625781142492,-0.43364596299239977,0.2718893038896111,0.29104341743888795,0.4556057844929098,-0.26932099108192364,-0.027374063123631248,-0.19992402359003525,0.011112174026697341,0.24254477804534313,0.07767341925465421,-0.2146464357112125,-0.6197407445551489,0.13900614633986963,0.7088004879030518,0.239560083938141,-0.10581256625066016,1.8079769963988257,-0.6524026280769892,1.3630562307259848,0.23058162152637018,0.7559621348769546,-0.20758458009034908,-0.5464614609804055,2.734990457207172,1.3050303070464628,-1.14999933108189,-0.32261610985849265,0.06055719350783062,-0.2802398214123423,-0.20944971850068517,-0.6321630274479235,-0.9728284860252064,-0.10394181540459657,0.26336794244591233,8.881784197001252e-16
eIm_039,12.17056852263073,-4.084842999628261,-12.41852946642568,-2.8124529786369745,2.138778617424614,1.9202808818423167,-1.7619422117118742,1.9808049403609116,-2.854689057554648,-6.417948094799511,-5.499427021715243,-6.88979090407006,2.709963703719167,0.6872139947782361,1.0229081800877178,-1.5187510917382496,-2.1937850671657375,-0.4478356861858477,-0.3377626473610127,-1.264113896150652,2.0865923070070034,-0.7311201399286874,-1.6622312216937358,-0.4447722442806659,-0.5064537223854089,-0.1653552534553926,0.05364824913965169,0.625871363899409,0.9610272500990968,-1.301135092679058,2.5797460317179848,0.33304682232781313,-0.3437595134143323,-0.9516735759138149,1.061459204543752,-1.5569713339397346,0.6063980929982251,-2.31184404417339,0.7590073017545025,-0.3889660599895472,0.34831866203275447,-0.24317743723334106,0.8535123498900392,-0.6045025579147777,-0.056490412787963185,0.7238272406357632,0.25797693424242263,-0.18511324787450634,-0.33753357496604064,-1.2937205323400276,0.7777879765860012,0.7434789219152385,0.7324245704976444,0.39762703146640027,0.49001479327556474,-1.306361698560749,-0.21128043615469344,-0.16161406020705477,-0.7124242779178029,-0.44598982336189735,0.5053450281907662,0.20367113363046963,-0.5408163416289461,0.36243353717616644,0.07155971622842161,0.47403596255210445,0.3544779073587942,0.11934323640785105,0.3993384797967392,-0.4062274804934168,-0.09075452298783271,-0.5689958799690665,0.106924278188811,0.22251692638060216,0.47202487303396623,-0.40229079744268503,-0.024527393337268222,-0.049928728304603376,0.26799977439924766,0.22389963290184628,-0.8511072231349265,0.3712132285494535,0.17676262800762216,0.45863364382007754,-0.4666346738487299,0.19291908242349332,-0.09778071058108684,-0.2487553508948237,0.021441248506800514,-0.16594101911960948,-0.015577442591679175,0.32283846690786144,0.4520116846135569,-0.8013527331855008,-0.12589981539788053,-0.09813473881950907,0.04163764430790795,0.18858873164429885,-0.4233734554603257,0.19334615381195597,-0.09392222124752896,0.2668121904026436,0.17760635621472062,-0.18940487764741637,0.3039033963985268,-0.06216201594003509,-0.0030117662687754454,-0.4590636399022914,-0.1591837922785282,-0.21861857407445728,-0.3673443255968615,0.22270747741817787,0.010245666084741006,-0.06141504572774749,-0.17432621883901278,0.06379383751427037,-0.029754991085795268,0.07407901009442819,0.042382597501034236,-0.21474831049707005,0.6992082521317858,0.46008306115704345,-0.08695973946198365,0.35058185340783965,-0.34225463558999936,0.5928548846574233,0.37838970333792954,0.35003259494596983,0.3697436700526503,-0.31591242153603516,-0.5719105113206684,-0.2814785915917258,-0.3642622780471779,0.11585969368368267,-0.23998423956961024,0.0864004928485349,-0.42983989801574884,-0.06156556776784056,-0.2958791937565754,-0.08573046963005959,0.13968704810293242,-0.2709054589943801,-0.46795277276078606,0.07609763839296291,0.02986639229163529,-0.20613960546986476,-0.4264922954519854,0.02330653396425142,-0.15613718450764236,-0.4718569405068489,-0.05526281181803733,0.31127815291685756,0.24697645350462571,0.762364786090736,0.2523813047252154,-0.03356156271231159,0.14960218324653174,0.31357868882994544,-0.24897634313971406,0.4623387595383991,0.44522044315668374,2.4725327522545735,0.24768579239119048,-0.5336525955264992,0.8690397564308774,0.11613528113597438,-3.059647618996445,-1.1610763789186993,0.7719560335688569,0.06068326499015342,-0.061752184640231134,-0.33614922976950545,0.007160487364882284,0.1733827744365679,0.6807844457541444,0.009446985844635325,-0.2645981252538052,2.6645352591003757e-15
eIm_040,16.738020170299567,-4.537738352562683,-6.192302648561688,-2.2142950445764296,0.7018899813879942,0.021330166526240868,0.3311146370932678,-4.065433575137343,-0.8034682519026547,2.9825932488618583,0.9282051754469048,1.9394233346675946,0.35493414139741164,0.7430717929957769,0.7825995004214865,-1.184667191955028,-2.1167074749752417,-1.855984765141913,1.3502348937194113,-2.657830099983092,3.079077448225426,3.1607758798056476,2.6848488160692394,2.2675238539012366,0.3633025470973872,-1.1703145652519742,0.0891541901115192,2.639107280113505,-0.9427816291644674,-0.5778635147128635,-4.763926439474719,2.3146416962613654,-0.891713402836354,-2.0176885633641177,2.7574947083679655,-0.10194037716555071,-0.25083729624204887,-0.5401803540919929,1.259156135652083,-0.21406973727919704,4.926482478687326,1.0927197266185906,1.4275049963568003,2.553525472199891,-0.47952634336324196,-1.3836917781056235,-3.761362985452346,-3.5139904212800497,-4.251503402797637,4.717739591624077,5.4267435921160585,-1.0033286296195687,5.886969247878999,-0.48389185507044513,1.4479304599461809,0.29455880866481965,0.32045483298144384,-0.4181641613492679,1.1985560464146228,2.2379836534954283,-5.282466772794635,-1.1660723609823984,3.2575240213024146,0.0802842914702604,-2.232607813285036,-0.24491480543679234,-1.3258179482811032,-0.41284483192963395,-0.9981075437874158,1.1369164875518656,0.8245731871532553,-0.6362080486041415,2.09411956219484,-0.815956773537609,1.1160225593520536,-0.38170863529971877,1.6519918122957757,-0.010122325213190342,0.04581571694722636,-0.02254851424858248,1.8297244166566133,-0.44111367446199745,-0.3453902379079086,1.0318899669361812,-0.9807289186061046,1.2476514390218305,0.6613351492763238,-0.21494839317632786,0.29809916074666176,-1.3540838369787056,0.39073027731159027,-0.942256051185237,0.5292794125337177,0.7907166626220203,0.7283014276956394,-1.0153412758929756,-0.5531317344924516,-0.5653083881934465,-1.0151490352676749,-0.4500092118182406,-0.8981944937869343,0.23704218251222325,0.2633803889003761,0.781213247269815,1.0479866701371283,-0.8559140892867467,-0.051240280510754715,-0.8515869283008604,-0.6125625084269724,0.27378397806351085,-0.31578166241043015,0.0755147253799493,-0.32891137485210387,-0.5104486169139245,-0.06950006287784072,0.04813417778541973,0.22755857140375543,-0.020084627810817324,0.02804919133563899,0.5325111044957838,0.2963889394698652,-0.11035198856848538,-0.049237447064134854,0.06761146640291882,-0.6193966801336879,-0.29397892982286367,0.7350145355000934,-0.1534664504806046,0.07098152233576172,-0.19048463493181456,0.1949431577400429,-0.4159731552900285,0.007856813971472948,-0.15900870932622702,-0.36563663364216525,0.30309745182331227,-0.2089748499204997,-0.3425767149518489,-0.20245088340007938,0.028901574787768558,0.022110003460266148,0.4882465888927989,0.1432022089531963,-0.4935463009500832,-0.2770099065177153,0.22052309360091105,0.2107200303029888,-0.3004671577019611,-0.018203960258803886,-0.17266206408365892,-0.2306082802698246,0.26142541987503254,-0.024641711261435217,0.10232979374590985,-0.2290187495214682,0.0935024056938244,0.050970823641663277,0.009172476954393272,0.1579368292634134,0.11600760219937123,0.01649443449612087,-0.29602987896440636,0.034266122438012636,0.021257085862643937,0.09819415815512222,-0.022956249853501975,-0.03587512199404086,-0.03138730980532001,0.007984767742618193,0.0023106257585714385,0.06735180928600593,0.03756429467862438,0.010132332853706183,0.04468603776237701,0.027677811108426487,0.0028943649237118674,0.03237132235556217,3.1086244689504383e-15
eIm_041,15.725164486653592,-5.0325870036347045,-11.75745746155203,-2.3129939786360953,1.71900862799007,-0.35933225037109096,0.05869732428137514,-0.3441301074464814,1.1416439860542873,-0.13984655600983753,-0.9345969780181492,0.8073920086507957,-1.4312548462403485,0.7467542452115992,0.32770956137359,1.2369694565814533,0.4358663981482772,-0.8150642033163115,-1.914884911999347,2.2303605271290734,-1.430254849577233,1.0071832027513274,1.9759173190325978,1.385200175595011,0.6263416963891635,-0.9635399309003223,1.5209594454970987,0.3682880224112032,-1.72000531166153,0.5101302886335919,-2.1239638623670882,-0.08540999626394008,-1.1353865078084935,-0.2180178035471148,0.7319881061595979,0.7197775434108278,-1.0321045814430763,1.768075402753745,1.1307005406203563,0.00018494352171967432,2.1793047539197024,-0.09030282792187538,0.604260942107181,-2.4773014023022224,-0.5532907638280414,-1.9562582295221473,0.802986992485194,0.6504708142292676,1.1862738190668023,0.24115939270913295,-0.16440193033031836,-2.6131082565274815,-1.1335868609316966,-0.021176186022896545,-0.8881903266972204,1.9481693075645758,-0.30661875203585437,-0.03908889587790043,-0.4476693649647162,1.7600021078496058,3.0080261526921994,-0.4607994479427663,1.0247808034796666,-4.111234109310747,1.4176220144281024,-0.29556937919494597,0.0635395440782891,-1.0070422560917294,-0.17262827781607437,1.7344432723697591,-0.397919797261612,-0.3758334001212928,-1.147648877861224,1.4234808624421253,-0.024841142975373542,-0.32460179599033356,-4.198668895913435,-0.44063385895631013,-0.7912971831840359,-1.766094904247572,-0.4124373952646106,-1.2384952118745944,-2.8202840966624256,1.513345458122466,-2.7037367650488133,-0.005902569374469313,0.9637586602793343,1.3483509258879303,0.6762028697114804,0.08317395661313742,-0.43467485656638283,3.1422062023066895,0.9366038968172344,0.19195673853424922,1.489642417884048,0.559497096938262,2.055510456294579,1.27852563356129,-1.039820713604352,-2.6504897650410664,0.667594057932639,1.0079740071796965,-0.33750460637939317,1.7985336939646397,-1.1734642166360068,-0.10546975583954896,1.4497982065552972,1.556823317217109,1.0808963202966193,-1.740292753550539,1.9615662158837375,0.5818852291918372,2.1749994103831427,0.6241995905886865,0.49719366357757283,-0.13926247837007533,-1.6844703615756,1.2737564293759442,-1.1516542323269885,-1.2510901907084953,0.10660329954556447,0.11323073321192334,-0.3743046677558647,-0.005276543755287522,-2.341816377400205,-0.2939260519070287,-0.16168442752948775,0.32453899214951176,-0.7906187970790037,-0.2858617042316203,0.48166537217522765,-0.45990385034458836,-0.22242131000697682,-0.6487071593781214,-0.9530360635957115,0.15751626183581813,0.23112060160457615,0.44164279535094947,0.27977592847751703,0.7763451597809036,-0.226313996885529,0.46964125027119535,-0.7461950954334259,-0.11945063333060968,-0.46360226037555274,0.16057462917113585,0.5409711143862341,0.45196423803851415,0.2573731513183759,-0.39660217281990806,-0.09950402387426421,0.17764072800528719,-0.4274303469856675,0.05922517225500075,0.10807287356600345,-0.8703933608541308,-0.6579624202920125,0.011538814632532035,-0.09047326131530387,-0.15570857619650869,-0.09043981138508506,0.0767073848600619,0.06269395530744021,0.06250079158249602,-0.07671060093110715,-0.038110490263461805,0.12386955776528108,-0.011898487240432964,0.02797713349613612,0.08311559219153652,0.11675331943003386,-0.020205742045517283,-0.0742393216760846,0.18002095849968702,-0.007672312604508846,0.0023802694874381913,-0.05524763769577534,2.220446049250313e-15
eIm_042,14.367141252033854,-4.036113266270223,-12.073828545673061,-2.773961051705397,1.3950459074621773,0.45559380895417445,-0.6926481353940334,-0.5820189168084473,0.10830748712870031,0.9962356900354792,-1.1643230318726494,0.2215501348897908,-0.7179228661007421,0.28338978118863944,0.27781763084922073,1.0319015772263302,-0.38755951937077393,1.168662352446874,-2.0463953980555583,1.797278368392626,0.22720863212753234,2.067496825104548,1.1568370221318327,-0.10117542147809117,2.0676134792054093,-0.7738369090605973,0.9944902432225469,-0.28186228914916167,0.56424261050227,1.545060499060452,-1.9493288900351378,1.0574356225069972,0.020325129703625766,1.2135353734168701,1.3139207485303332,0.7436040780043791,-0.9959482152979322,1.4339794386939788,-1.505197563941114,-0.3083147326658529,0.11724963331200702,0.4491007417232471,-0.5297664404984856,-3.0805518968405785,0.198741871248292,-2.1913032802353873,-1.3497070348641966,-0.29977866389173413,0.3156538546575768,-0.2899112759489585,-0.7106208673204324,-0.3138059608709092,-1.672091408508353,0.9852625895614427,0.09369423508836949,2.611842283648172,-0.7670703705125719,0.1932988840076061,-0.22360168412357795,0.9149468503228049,2.2875468138383224,-1.4295185357505402,1.6716048394157856,-2.9557012030049665,-0.5274864390752092,-0.5041646510671703,-0.1234633268853294,-1.616088935288506,-2.7627276369354323,-0.07228144811865639,0.37347410888018717,-0.6270365916016739,-0.30888978774110365,1.5863405150869492,-0.7616837055694471,-2.5541347900997966,-4.010109643303334,-0.7077042189644289,-1.1765837568229478,-0.40906834280935755,0.07181824626677702,-1.9741179828793545,-0.5216395216914202,-0.30896272501485145,0.18580563781293635,-2.74872098331441,-0.89904459457869,-3.282411776541287,-0.7464204077474341,-1.6157576687359874,0.2903033261179697,0.02034266313958244,-1.594794237790305,-1.435531423741868,-0.11311545562165048,-0.00871386948277908,-1.2948958193739069,-0.5565421423443456,-0.6585450945723641,2.616577028678587,-0.012855030162971084,-0.1045808275884198,1.5402730722710505,-0.8511415801834958,-1.1385976245214007,-0.4499744935294604,-0.7707525911227173,0.05075538394592258,-0.045968193197767904,2.0903271163752444,-1.5958542995006855,-0.48431983092336073,-1.661980029138746,0.6476546402664758,0.028743262665717362,1.6363305093861022,2.8164076477978406,-0.779791909792739,1.4134972739318505,1.6212968101020364,-0.02814159228772728,-0.8649812298341484,0.5335158706044826,0.17852115023351645,2.4764787598114713,-0.7698784157195212,0.10971081246498793,-0.3051931064633572,0.291761289103589,-0.1881676893657671,0.6037950530203297,-0.528285930255023,0.018399568913954195,-0.14060715617277783,0.7223579322357997,-0.34266332874907524,1.307299207853017,-1.0536585611598859,-0.00784084609554031,-0.6454197074567556,0.27304900049048375,-0.14917916020461852,0.18086180495481535,1.0006925912113465,0.8775105617385011,0.37491283508751616,-0.3472582371695522,0.6370355458759288,-0.06405988929463094,0.6302357932051084,0.4906594216336057,0.05581877450200934,0.7394201889951721,-0.5737845792624084,-0.4606622511895499,0.7371049027676582,0.5646825513322362,0.004144081941174882,-0.041093609432170886,-0.051132079968034705,0.31540374477552824,0.09630005577229006,0.1797391504403652,-0.29326199498726657,-0.054294335334623245,-0.008624105102014834,-0.04455977369769948,0.15390537943108334,-0.054210379596266844,-0.0530932429969978,-0.07413221862192909,-0.07344912041040957,0.0871618812905437,-0.04477575147621016,0.023397953296347196,0.02024138975031542,0.005020822167792316,1.7763568394002505e-15
eIm_043,13.674913941399666,-2.024450034073132,11.172537243437711,-2.3486017296299995,3.873696095810482,-0.45835504706419594,5.760784944868032,6.407040502271254,0.7326413860521327,-3.81826600599523,-4.64355042171212,2.4505176445207066,-4.2356892566937985,-5.238176624165892,-9.147115613340873,3.4752190362780584,7.386913735896678,2.8997391055486945,5.937810323689996,-2.354501570147948,8.56432987930656,0.24853257232555215,5.520597845076966,1.3703010253650603,4.241641341764042,0.28018597979475524,0.35889273355808854,-6.748922107811066,-1.0852817659346137,-2.939464377414941,-0.453454346251483,-3.9637729184621167,-2.641123605325025,-3.3112754889891853,0.7415298702564037,-1.9088536707593498,1.0036710765351937,0.38409707711344016,-0.11003516915375533,-0.48260675056089675,0.047594409333836775,-2.1176239377740624,1.6484292720110654,0.36087699566401077,-1.2174834236104881,-0.5555809948902992,0.806933643825895,0.5338681308879085,0.28001119107816586,-2.472275428614873,2.664193478247096,-1.3996718340629886,-0.2528587450866883,-0.38175797174345477,0.5936621274296352,-0.02600886360015342,-0.5834723851404406,0.3173291271077394,0.20353874471676603,-1.5837228772714613,0.9749957882762388,-0.7347900215140678,0.42255919523644625,0.954449224826263,-0.5142542327337878,-0.32224351873414436,-0.3814304170748847,0.014834952982026639,-0.29383361527566665,-0.8622120229272618,-0.5057144138323306,-0.04574514825770699,0.3817908050710613,0.7932576745079907,-0.9873272398239589,-0.1488740561549471,0.3788957419659326,-0.8372732939735257,-0.574547268216901,-0.6104569943721054,0.9953462268387164,0.3730320728233305,0.6232167508252155,0.052454964408043536,-0.3596377980473644,-0.0534363128970225,-0.1579414839308818,-0.15971873951873294,0.05110779100457763,-0.8242479395180689,-0.9561640855384544,0.05593089087027603,0.356176645782898,0.005240138142657891,0.42466054755987415,-0.0914888370770377,-0.32622468584890263,-0.1756323693918876,-0.456898693874477,-0.0871129551794575,0.11845949849946978,0.48831591489201925,0.5562566874522825,-0.03829947633775127,-0.8484212516295561,-0.07876936100625212,0.40778404111371525,0.09104545685956342,-0.022230888659968362,0.49358061500713535,0.4255622714259998,0.4065415985901468,-0.1292771809236498,-0.2634424382202833,-0.4288324420932713,0.032436318002568854,-0.25017778080111935,-0.3855492173321471,0.41175918110509,0.18842925828716212,-0.3887661870204685,-0.1837614410432833,0.054162436203820497,-0.1103169064788706,0.35494321796486883,0.19677495580920135,-0.38149488878521187,0.2851451947883551,-0.19282427094384524,-0.09866439340460853,-0.01369016746133811,0.10402930634666652,0.2986711870602313,-0.28270953514884617,-0.1675841566308427,-0.025592356233065994,-0.07316599203337626,-0.07936298598712471,-0.10383656614714992,-0.1948248306147189,0.0258871564969525,-0.030856787038647804,0.2058748188171129,-0.11225104208872072,-0.013652623982037454,-0.1399676495272597,0.03520474053211298,-0.274553106875356,0.28382647134937966,-0.3725515913747086,-0.09616874678956239,0.08425474010571077,0.0571908370935752,-0.05075898527457544,0.031202376381618074,-0.09702901561310706,-0.06477691934724805,0.0028100500752139546,0.07987410241988868,-0.08094750470045764,-0.035956303237238085,0.0266755500337234,-0.039005001762206115,-0.035463067490088845,0.03537981857380479,0.016703071320226914,-0.03749583210233165,-0.012150557005118356,-0.04471941711120875,-0.001088796936143277,0.00011126296126318103,0.03848100402209709,0.0008677915398058733,0.014393606172059537,-0.027193084769400966,-0.0055016461825685425,0.03581663157342596,2.220446049250313e-15
eIm_044,14.455295291964763,-4.739837127189433,-12.355103547111744,-1.8636819342623632,0.7542016434874979,0.3315635375742072,-0.09671139219053704,-0.0863230571120106,0.4649812948179983,0.14328879280390738,0.5900949843578419,-0.3167877502129741,-0.7759698264972482,-0.2566750298945202,-0.140862357355322,-0.22081304114125255,0.5270108044471407,-0.48318665974940467,-0.8833150895513389,0.04495044650850502,0.7031114343177733,-0.22217830132105687,0.9101247955900211,-0.3303339487622508,0.38867356281940135,0.5574369798797072,-1.0684692339633486,0.03828442883556607,0.38238400639521675,1.1570670176361817,-3.296283630278859,0.4282125825229899,0.551936360914874,0.28931540823746643,-0.26938714268832914,1.3510148844913394,0.0385030791891281,1.3253231870857969,-2.332864891553638,0.12054411130509186,-1.6686237666601187,0.1279343958732635,-1.6797551645643367,-1.2623192759785686,-1.425527498598008,-1.5749821246858362,0.25765084987831643,0.8020180263241863,-0.3499847177718296,0.9640890844702797,-2.1746004145184887,-0.4125847434908837,0.4516674368621693,-1.0031600342435423,0.9764189092309703,0.948621284686552,-1.871455118650665,-1.9551973809172798,0.0759256936262992,-0.45897748530746446,2.265042681578485,-0.07500761742946493,3.1431462759589937,-1.9610112600265164,0.4048896605290393,-2.274367178864013,-0.16138942244960425,0.2513516402922302,-2.376614935135283,-1.4589788002058512,0.07109615265547098,-0.35709841768078154,1.1442860599831546,1.6243296616958256,3.049266677117263,0.11899838947695551,4.087440389008014,-0.8697015937816541,-1.529183288747982,1.7231768354587305,0.03330731708331941,1.6229228121766948,3.879740289647776,-3.4193056183150725,2.318030043259623,-2.6585716231641117,2.541023659893164,-0.860423869919646,-2.351348831145233,2.736877572761351,-0.11833039052843261,-1.379757135120082,-0.4529163682250755,-0.7297741615155249,-0.2227409953441164,-1.4858614757953736,1.0557424245419367,0.01946261360243677,1.025396093596175,-0.1886501733401097,-0.19161229231836752,0.07905338753324648,-0.5170531829063247,-0.77344007484013,0.13567925008360227,-0.026349768569576576,-0.7847578899105941,-0.10912861927252496,-0.3211356715691857,0.053037346000529006,0.45219318146987175,1.9689429256623985,0.6957889726319482,-0.6356369279147228,-1.162641091732425,-1.2697537649061748,-0.7701913385404751,1.5957177493912034,-0.08498517962778929,-0.5990681447390194,-1.1216245746293505,0.6504543795825724,-2.1224202178049376,0.7334219847565147,-0.44923890152930057,0.8247025071913144,-1.5610573108210515,-0.4575412459671885,0.3380634035122212,-0.8601212063117543,-0.4997402308511876,1.72954326179898,1.0253475285029554,0.47335715866397704,-0.6761719086266814,-0.3355209335485083,-0.4498356340721559,0.5279083109056548,-0.25294103740432855,0.6404575614984389,-0.21232596426059347,-0.3104136219830592,-0.4668010393172175,-0.24854072737068622,-0.6249989511553157,-0.1958265949509902,-0.4308774819510237,-0.2267798471929683,0.27480837685251513,-0.1867348169113341,-0.19297100450367372,-0.3965658877471596,-0.20022235788674836,0.4583977146134683,0.11150439450517899,0.13392439754894958,-0.30860961298850875,-0.1548256763030198,0.012425847944647739,0.2805520873997528,-0.03593144493532274,-0.03017872126435516,0.10057390141009404,-0.016584534608898166,0.18618090972115398,-0.03546106582276504,0.2010510574360641,-0.009066074876614705,-0.0933745261921749,-0.027759354323966257,-0.016399979714639024,-0.06457584671636946,-0.015837489931334714,-0.06963756629175633,0.010370168245738776,0.004055706033581186,0.08450257074015383,4.440892098500626e-15
eIm_045,15.810774256110301,-5.639662302538087,-12.147732552479559,-1.028790381092156,1.2861746321084817,0.029870257216788376,1.192109776898861,-0.6684508672666191,1.7035873638773147,-0.30761761291565304,0.5664316546453008,2.986121665147069,0.29362539744213084,-1.7848182498310348,-0.7909931753229771,2.706900932528303,2.402534379652177,0.6063830768276304,-0.6757126035023637,1.3311763578471707,-0.821875111622143,2.2002780828250503,-0.5467497472674927,-0.2078123728824452,-0.8708112846963405,-1.3708499152273876,0.7706536136393782,-0.00448576765140693,0.7957487700023025,1.090291948703249,-1.3642684216235963,-0.28556500021905573,2.0525927793533136,1.3033478739179456,-0.04147406597447939,-1.7028659138035425,0.15065245099818225,3.1109337173118057,1.4468981942507326,1.8994531903449052,2.333472941553783,-2.323321765950097,-0.8914736104709235,-0.33342101217855413,3.4013021169609767,-0.07043157406999291,3.269106810188386,1.2046805600176902,0.3424578110541042,3.7216957489475004,-1.352707027822983,3.2100112364497853,-0.9018045989799903,-0.9624575940446826,-0.5070720849978193,-0.4262455464563857,0.8330640395201315,-0.638629069359988,-1.7580415370488494,-2.141719486495507,-1.2000385644800424,0.7940302111903238,-0.5718406237365866,1.8613981108703506,0.5726818818047558,0.6687035797345751,1.2242564382689274,-0.335177478016473,1.288599752570067,0.11952264529167586,-1.3540036976940888,0.6978202835226172,1.0348153979802035,-0.5445748659120959,-0.8849146805512909,1.707825516001612,1.2754152201857478,-0.7153138960375987,-0.07563658518959271,-1.1048097100083079,-0.42455938176891156,0.17670552723818078,0.43482567795301,-0.25688876705786234,0.512931960542262,0.48173357239987846,-0.3607246976517845,1.2167173756491703,0.16317237216106817,-0.3320122196687857,-1.1056609115423943,0.17703722430445423,0.027370721845893398,0.0933173029349319,-0.42395581551213746,-0.7143109800999314,-0.5272118479775338,-0.32957933567287195,0.37117814445863717,-0.20901110431639092,-0.1353011590582181,0.32981719604962867,0.9894651630995559,0.3629484185855039,0.9427313165426673,0.18964925009270076,-0.11066295456418476,-0.3908503111011443,-0.47855323336317995,1.0784609751510439,0.1543006336839724,-0.4226613547353566,-0.5258755270432356,-0.8796854741167445,0.10244102898936325,-1.0009639168495135,1.047095504660244,-0.4436411695178277,-0.26403563540948394,0.0034355295690887133,0.35402415041804963,0.055056459438645344,0.0863533783776782,0.22844607573997322,-0.535465381426353,-0.5557890005567828,0.13792572630331512,-0.3346853175477677,-0.8055872471757746,0.7506121070318934,-0.3374093517461998,-0.41764712268317183,-0.12817082890258727,-0.42789858480935355,-0.1769378784039225,0.20174722878312124,0.1888670345496446,-0.3987043020241103,0.10711954034603138,-0.27605366324836766,-0.21116512284042366,0.12749832544446993,0.6244730561840744,0.34065654790000954,-0.12342032000719184,-0.7489937623945269,-0.2251472265284602,-0.2737592849302164,-0.9553196165679962,0.6653254062504674,-0.5320315732512129,0.058011402571669146,-0.4619707462522542,0.34852983032411344,0.14007441300639603,0.19009521127830453,-0.17087120965635516,-0.127474157473229,-0.4259216278680126,-3.189274944128765,0.27664021257447624,1.7521935115967997,1.3283793858802908,0.20258623709977444,-0.5850978278223931,-0.7594239510240712,0.6136514840263048,-0.47796510488290145,0.11994620676530082,-0.12352790025075422,-0.21983645321015688,0.11777529983107254,-0.12464639062447591,-0.481792827888297,-0.46268194578223387,-0.12036282307094504,-0.03897405216986771,2.6645352591003757e-15
eIm_046,15.95856217860594,-4.498633133035173,-10.581349975997083,-1.778099355828676,0.5873995585093683,-0.4864848428977343,0.6188366537767827,-1.487031613619289,-0.8221841060318679,1.0391819705676477,0.4224176262918382,0.9986736267882157,1.1642616285344318,-0.7255608177700172,1.3121383428717046,1.6228073607768358,-1.3771659804980194,-0.336454057328891,-2.1729819050362207,2.4447932232739364,-0.6351159463257834,-0.856791058437527,-0.3987610778673618,-0.8088109778949202,0.5224388970277267,0.7470303484386365,-0.7770770552541891,0.8881872037444078,1.0126320489325635,-0.5520754940256338,0.5187811657797483,-2.993394070092169,-1.7948375822374336,0.8254882258465868,-1.3082523494283191,-0.3905431186706727,0.48148332803445837,-1.5531567595079325,-1.2437240570290111,0.49392015300242875,-1.602802446771525,1.2033423696515764,-2.3051425029327257,0.4156968509706197,-0.3012580322159668,2.2394659450190195,-0.7390049296112318,0.8843136873425061,0.5426286836556707,1.2314832637986362,1.78873433635189,-3.2916504346375737,-0.8584939335822865,0.28886637486410255,0.8526239414230481,2.4198502719626127,0.36259536246554214,3.589032799946389,-0.09049000790147665,-0.3066404337688123,0.7746256973008928,-0.45628683559588523,-1.3681043645555038,3.0952609150061736,-3.078903704081297,-2.8636055095961988,-2.1052201596114197,-2.568863872832843,3.6956569158883195,-1.7350866930560793,-1.4358326254982998,1.2198438810678571,-0.8770610210904832,0.3631082579504922,-2.781078959803426,4.2728354078704305,-1.894454700826579,-0.020202782436869793,-2.9497237826221805,0.44801790972408295,2.8270646096120897,0.5636562826775315,2.8862634512318768,2.1331437843812813,3.201097699344199,0.4958518861106702,-0.6943878585220575,-0.43107743062922,0.15719450018900788,-0.9649199356635021,2.4561160906729507,-1.52757018743158,-0.9409862400457817,2.533456858014965,2.2184835879111104,-0.17288307186842755,-0.6816001152508517,0.7433868543276632,0.9109990136148853,-0.7205936088709082,0.6244036228611834,-0.11940903585443652,0.06332868468995786,-0.17720648349995965,0.5811159323738443,0.8449771844682853,1.043438301896744,1.679636026547255,0.27936831006897767,-0.06735905579845258,-0.0009073870910626392,0.02476353344200377,0.8741904665236291,-0.7059753779207073,0.1330643954101186,1.1413284762748002,-0.476524541082643,-0.11392345733284692,0.3760218152539987,-0.3686850550980914,-0.39734811263049197,-0.2663008893689871,0.11872092612707175,0.11179373235696266,0.5140681395578937,0.1390180257389157,0.629112351388758,-0.7433358045135579,0.5106510149313469,1.3630685105707554,-0.7430452127404776,0.005276970912096446,0.1591872439413213,0.36614891156415413,-0.261906071464451,0.47107288552784454,0.24733523361959509,0.3411991927788151,-0.22881302101971693,0.4013619726773737,-0.13322489649738833,-0.05039148924939163,0.2634656024388951,-0.4092287507433211,0.056755801675882456,0.19822118619082885,-0.17207043704745384,0.42371028810722866,0.14684331247032195,-0.5690991111259218,-0.030318997294235817,0.17907775593990705,0.32116970130122824,0.1552918357800434,0.4251422864555333,-0.13425743926499345,-0.16861370133270848,0.008984281292250818,0.26146507380392714,0.4199006201116283,0.01846101340541728,0.024915128429856277,-0.19236457397833057,-0.0011684691213979803,-0.010606570206909804,0.09564574941024706,-0.014790577302030816,0.07863410533295767,-0.03082938328185708,0.07286053478227306,-0.027454841062778623,0.01727561743335293,-0.0016457772606208732,-0.03895705772416891,0.010821460871554556,-0.013002025344670542,0.04956225952610005,2.6645352591003757e-15
eIm_047,-0.5846445724861411,7.713306847519908,0.08223756894048626,0.08376916318418637,5.875976838439444,1.8961428203463953,0.041172799049610576,0.012769656927128503,3.850558782173791,0.14162521527908034,0.5437502144527407,0.4036103669389639,0.6249287471514484,0.884128356049906,0.05918916880158975,-2.0074579594444724,-0.3956980239147443,-0.01796182037850369,1.1919700532867796,1.4655010426794848,-1.1715912551259506,-0.46625375997449836,0.6565812607137405,-1.7759099752455474,1.7489328376482394,-0.45570752742837195,-0.6505592700546129,0.7757802299080473,-1.1296798798095242,-1.9453029691089967,0.01425530782651896,0.7798174023713064,1.0079498792450576,-1.0105951215151452,0.5608909607987065,1.4931944035181162,0.35281212259606454,-0.8398687417750408,0.15609652412036268,-2.2907042119462386,-1.8334442087172003,-2.0314877020591746,0.2993820120784377,0.741534704315274,-0.11976252542407151,0.08584731011661165,3.1730250075482793,-0.7326493259095386,0.8761778569839537,0.5319130309161656,-2.7629412757066305,2.217328463664737,1.2388313671794275,2.099914129378536,-0.27755746877903986,-0.4412064475882762,-4.696218746050521,2.3383867343394713,1.9108274583716804,1.995988579626503,1.728980640084488,-1.835806907973231,0.6608069788654778,0.6542680087782231,0.4317966328425946,-1.5542034530422488,2.0443958694202697,2.282884951244136,2.283130944845068,-1.9762914334037995,-0.7080054274846579,1.6670261976030114,2.6863474717918088,2.443146326224967,-0.7113896695585424,-2.6875991714395875,-1.3202155892791958,-1.245934206867873,-0.3363145518873006,2.329817668869727,0.8627379317905345,1.3455449107353097,-1.8287107156209168,1.6374734532172313,-0.9386881980876884,-0.0483117235104325,-0.615820060426292,-0.4184545028625779,-0.01838150470737865,1.676800512722913,-0.7427958323191424,-0.3776176704817623,1.9230141531551923,1.116760964752213,-0.18889622137841833,-3.756494043104862,-0.6155554739904525,-0.20873137547737647,-0.9808692162464829,-1.7320534615481071,0.41043848854479537,-0.41815001814094727,-0.007106516352155479,1.1993717121360965,4.0799315937565,0.16582606958563376,0.5077715973675117,0.007744078255580128,0.7229060791252531,0.31902009859891733,0.49990431351434317,-0.012384426259328007,-1.4004405636344919,-2.145936201644864,0.5528725767833341,-0.26200675719991806,-0.026863374935105322,0.6164974781838248,1.9472361306194355,0.9637275470557567,-0.8344609655924097,-1.866358293535641,0.3508510339109442,-0.2416639842785292,-0.5145457449663595,-0.6076035337595799,0.9140807184835802,-0.004488128028329208,0.46756664684474525,-0.016907871721945522,0.5093056538003029,-0.5076356969196489,-0.21318504270176944,0.519144720782056,0.4351244091907057,0.19809714482609397,0.06279736724026491,-0.30950507616475237,-0.1854725391746755,0.5033902867367572,0.5053752633587456,-0.8428722622843009,-0.39152044224264754,-0.21970818486177246,0.1646665725638746,0.7189698810791867,0.5166429649710074,-0.03543177741604886,0.6225656790633982,0.005755613564398354,-0.13061143352567017,-0.3403392674359085,-0.2951037372863261,-0.014462766807743069,-0.3966719745762148,0.15254233031829123,0.011693563347329405,-0.08451344713725939,-0.013456186313726137,0.11988202948984639,0.07763386705959197,0.08580531804201175,0.20119696437179796,-0.06451002866894226,-0.05853007699680757,-0.010529851752569153,0.022306084980230234,0.11722945889530867,0.04846322599932135,0.13256452622867898,0.032957201761580235,0.04457923429852312,-0.12589189756073949,-0.045884171090191606,0.018388383367537564,0.046120975451429014,0.04780015816788541,1.7763568394002505e-15
eIm_048,15.60990350607656,-4.474678819679043,-0.3332855136905155,-1.57468328133624,0.28069360028324275,0.9425340356235894,0.7237242472989884,-1.3193252494905348,-0.05881614593836548,-0.8210950620062568,3.0899754648195916,0.2399867998851628,0.7560655823527593,5.248491070042624,-0.5244900750840199,-3.1110754873216235,0.9616794824339594,-0.14558986710153587,6.3365768895232,5.135493238080051,2.7465865832889302,-0.9981674683334486,6.533006772464982,-0.726053502957283,-3.9876774102051495,-0.3813802366309802,4.458045427933234,4.779549934804766,-0.6117990145987141,-0.15859646204407807,3.5695188820401675,-5.866172447391487,0.2575250297288214,6.907096996325942,-9.55712583614354,-0.0016787914487477185,1.825590465087404,2.057624493300458,5.124236062027112,1.6876751425238345,-2.081027834996264,1.318914507173017,2.9344131888458187,0.4450779884534426,-0.4324514872224332,-0.11009631497372431,-1.0346523400205803,0.4941188329990073,-1.684749517960424,-0.3526123183296985,-1.7011826543961768,-1.293073704330694,2.0200266735002916,0.6270597837496329,-0.4928948197993604,-1.7523995746409584,0.8670566774422331,-0.5692591359148592,1.660195604321983,-1.970159678467412,-0.2817711788250653,-1.8114017773752078,1.3072192359066261,-0.6907609351598554,-0.4047097327079472,1.4472306751230224,1.462047779168392,0.7785465521778423,-0.8308341315806274,-0.9218028177514725,1.4147216752461456,0.8739738052012347,0.08495433646362677,-1.0568282703887704,-0.02128689255748417,-0.31718103468746794,-0.7261368196531064,-0.6984853315162887,-0.4923808168610844,0.5164523456329018,0.18474439145035115,-0.3415185468537504,-0.5377370816739213,0.4817076434867754,-0.08860755028735623,-0.15579348694169154,0.3093760177068302,-0.41797738637002513,-0.13697345235295943,0.3826348481812488,0.6132674889780404,0.0876258775258999,0.02002624807139214,0.86353362355833,-1.3379409493969858,0.6337925008361114,0.34628297780056205,-0.43546612139349644,0.2604862688228562,0.9379687289417927,0.2129412230728343,-0.12936493457460058,-0.20562849553273813,-0.21600647515790278,0.008878038033792834,-0.4269840540378268,-0.32436262508794567,0.7701773248403423,-0.41408200404445394,-0.06390474979664246,-0.5605587390867133,-0.32544347926747563,-0.32451309854195254,0.4194980815867945,-0.19691935402252614,-0.18879104997396934,-0.1233748906015219,0.17526819481126932,0.2658478129874585,-0.15251753950748254,0.07993296773450653,-0.24391348305363714,-0.09941699059657594,0.12289360420886719,0.0309050540927297,-0.14849169339942697,-0.3692335819287751,-0.04388964955206853,0.1935946140466378,-0.11417177684180602,0.07911604075081313,-0.18475531483810786,-0.04393169849153672,0.1721521848067352,-0.2706279735539384,-0.04595992249530556,-0.28834796730060297,0.2980947208372244,0.174315923970581,-0.2913531808398251,0.17513630412038883,0.1366089657922971,-0.11265502322111623,-0.13619236307771054,0.037637017330573785,0.18284898269407557,0.11909946436807217,-0.04827061570109881,0.3654680237329785,-0.33022693801459746,0.2186863812378781,0.1107132181178887,0.29752460665869473,0.18690976840243684,-0.055729438003573356,-0.03591960352143819,0.05413584272921934,-0.10120564172634472,-0.27798776209289533,-0.006698319304350164,0.010933277247090256,0.08569462399767824,0.038646305736277864,0.0925859061608966,-0.04506695729707433,-0.0019817026460968723,-0.025728662781333345,0.030048380613846737,-0.031847894242506614,0.006413272556801575,-0.019990382150596897,0.019665428054762013,0.028219109557742206,-0.004321129501752452,-0.07300217414579402,0.031895671882152365,-0.012262881150500116,2.6645352591003757e-15
eIm_049,13.717667508459092,-3.2523081476570463,-1.3972837059207601,-2.28780324719299,0.060529847975347106,1.7853542256123587,1.6209453827014815,-2.5463868620865,-1.0884562068433885,3.8889214125647196,4.31633469831099,-0.8351902185529891,1.8579811005028675,3.0409437841832156,-1.8880140793932974,-0.014519617046752753,0.12938549065851437,-2.363000471704427,2.7364164349865137,-3.1889861550859826,-0.3929977734087544,-7.293842387411918,-1.191543775542207,-4.745244645343344,-3.6325307825080575,10.235870301398515,-1.817729338086366,-3.8610457680103027,-5.878478028497768,-3.444806027774413,-1.4207110173783373,2.834637496531683,-4.975072105307774,-0.07961264844883242,-1.7755904501313187,2.330748462764406,0.32761917587346967,-0.889150290169813,2.367774453950938,-2.2280821299588958,-0.5121255363693185,3.9243410777112606,-3.81874742067997,-2.209919265751464,0.1835009748431078,-3.3554498905649393,2.004188318005043,-1.8445161227016327,-0.7011804496266415,-0.07855385124507475,1.7316395085794396,2.9638369287004647,-1.4060499579855184,-1.3772419951937702,-2.597217719560513,-1.0166962936232444,-2.686726697091884,0.17854967392685417,-2.920892898667986,-1.442425095263799,-0.9472989269180018,1.7081250895945992,0.5459924147464941,-1.4927974155398687,-0.017563610892874948,-0.16514900338656158,-1.464239160313655,0.45638674916068,1.082223550212407,-0.4606306521953,0.0006535983176287896,-0.4664600826279076,-0.1594720485577782,0.7338281782650163,-0.5327076271375376,0.23103589825540394,0.14298587195705667,-1.9920720865753239,0.4553474695957401,0.11289421196597041,-0.6585400363309344,-0.330836100308845,0.2384825897583745,-0.2123689475625563,-0.426533109464162,0.9653894796938092,-0.657295381423857,0.05010521805663748,-0.4782957444096465,-1.266216479431236,0.3511616064583233,0.929126479398042,0.2926117836544183,0.4905671672204511,-0.5545094135383914,0.652791952447908,-0.20926554631885053,-0.27198516575193155,0.10721819968956614,0.07693634980378694,0.2869940719726133,0.2378347622702925,-0.098490360186017,0.45809707038629305,-0.5773691608667506,0.45864859000812175,-0.462143528939414,-0.15819501662330374,-0.32082808065787616,0.7627001099359672,0.7052724373420639,-0.8914000627684036,0.15573978382530543,0.022891550617299458,-0.31463090198963006,0.27716496107113475,0.24891922278918166,-0.259694010477737,0.06209015847570276,0.22271341691801888,-0.08592826816064925,0.4445651528997381,0.4322930322436032,-0.04273313585055294,-0.15001383657313494,0.06793030514118284,-0.04586380135563406,-0.1269620638567991,0.29171248921144144,-0.12832840986570804,-0.007284169699298015,-0.3536621614227231,-0.07947699019081653,-0.2102773762593336,0.0014952199582650705,0.23196996659038427,-0.1134187985738907,-0.21800663559523065,0.20110622927013405,0.011013210320706568,0.35279783072575,-0.0602717717261243,-0.06703791010584859,0.18958219268851995,0.43047756658625147,-0.05055610235624547,-0.1713200815635738,-0.20489849058042264,-0.23482584137006196,-0.1000742657261866,-0.20589151351326224,-0.021211264144597175,0.04250185311249277,-0.1791700255696188,-0.006664330036198788,0.06559861811286305,0.018908090959528057,0.03864104014754066,-0.06792465120063385,-0.04618360628394247,0.041169569930315175,-0.09336643713474885,0.03045472658279516,-0.00327124426504119,-0.025315148233744145,0.04681861603338333,0.020711197209231424,0.017103611261388152,-0.01660691729077829,-0.036853594044891524,-0.012683738443983295,-0.008724774749575837,-0.03677462819271238,-0.02195082193655873,-0.007417264893360254,-0.03046276357257438,-0.03990002194028719,8.881784197001252e-16
eIm_050,11.352803371209392,-2.920704276967994,-7.736965740622181,-0.8573785792293744,-0.8986558165592096,-0.36308942793627774,0.7134165624622586,-1.5288326930738265,0.6956580827793902,3.5117537797893417,5.643050742463493,1.3945327218172474,1.1206667146623208,1.1813844727289329,1.4050550815486091,1.624485750284784,0.10904890313659352,0.14559316468838457,-0.9370900771989272,-0.19121277217357288,-1.1293302028702132,-2.1216673573514595,-0.25271423584719366,-1.8688442063038357,0.8616491843711753,4.259309580808267,1.5030700498847658,-2.87959164090358,0.952159172778749,1.0945749768062296,-0.8456507363814575,1.611124429640314,2.3947314089758724,1.0741739027678316,2.1963826517509535,1.8614546438427066,-1.4372917072909266,-1.4639984000687258,0.5175917300958985,2.4874055118473954,1.2890720006706204,-0.34340480884873426,0.10040753235125893,2.0896934167218633,-1.6036252638195818,3.4460813050313948,-1.8042863663264084,-0.7823054179676541,3.719612794278363,-4.070991559200524,0.498157874232697,0.7099242840462973,1.2857536663396438,0.3651668105537687,0.9504744182734275,-4.368943107938432,4.335624216501898,0.9890317178407093,6.463527531032048,-2.6407983398550607,-0.5487408985526937,-1.9330140737114454,-2.039200416158997,2.18741506778573,-0.7434925893581239,-0.31680685825062194,-0.9805274396523729,1.5739512762333885,-3.556286391831854,-1.3968928777792802,-1.670314883667595,0.12756355415628975,-1.382723640703588,2.4110166038538408,-1.0986471002269296,-0.04936816809235456,0.3006795063883151,0.8936144983245267,1.262808282223589,-1.4923765262847677,0.963197144236091,0.5576946045018791,-0.5743534985953109,0.18841443372182654,0.11912014648285929,-2.2170434510409756,0.46688928263778456,-0.5161066989285119,0.05933385414550957,-0.8627521233477241,-2.2986849755530967,2.5742247877976796,-0.04672959687371461,-1.196575164087587,0.4749693689758453,-1.1334035109995595,0.8182303844672352,-2.031725089243933,-0.24348702615680762,-1.4844717079543854,0.1572626190170613,0.6616517335775611,0.7589797564426561,0.6958147167894493,-0.13145718611522528,0.22478228269580547,1.4653001413712663,-0.7510473224190604,0.07138515379245047,0.2748341501452711,0.3193359944342049,0.5582842079415418,-0.35928203857109287,0.47327733806663225,-0.8801968645673982,0.06364500217732982,-1.1105384145185515,-0.40519358681923334,0.1778472923743688,-0.23409038603664362,0.10801451366241377,0.30971666843084567,0.3886100757340525,0.2141551943857154,0.3268101843505029,-0.1862896885457096,-0.1638236943738538,-0.6540130886403119,-0.13311106480768187,-0.5679789882681616,-0.41492789893644577,0.5645173332434152,-0.3128995611715438,0.8479925389838395,0.2731093991647543,-0.023856907701844232,0.044459821661678056,0.3899656456389245,-0.36924039645994244,-0.00015773214489067655,-0.17062178987077936,0.08265674861519812,0.0661203024592455,0.34299423201827817,0.4752914862011496,0.1298273034228503,0.11041120664300363,0.033915559458419176,0.3054286409990812,-0.16711364743961155,-0.19097732234740356,-0.11592321101554581,-0.1408826812386983,0.0434106124318568,-0.19873895527129903,-0.04867709563907918,0.3452675851403533,-0.15943399034260242,-0.18354242268898135,-0.12778889656806813,-0.0511214241409792,-0.055804428296349455,-0.024677706655539422,-0.0009205773883052826,-0.1643767518894006,0.035753055854301496,-0.14186922560040482,0.028425056913503277,0.07176099140767517,-0.021244316134521046,-0.049258921534004685,0.02695609537949667,-0.08053262012095397,0.02109754724121915,0.008356518758109943,0.05437122482997647,-0.0346235974090533,8.881784197001252e-16
eIm_051,11.19948239241054,-3.762412615827322,-10.279738002042116,-1.584658237378589,-0.12526949735660042,-1.764406299347845,0.6882102875372116,0.3293358583541848,1.3755762474481537,2.297562511382921,4.077935348025708,1.30684499005168,0.34193114269439095,0.323415687432441,-1.0650455666131466,2.2509894399323866,2.4365968696577807,1.7621397965724246,-0.9597926717997334,0.5998900794607657,-0.18115958052257222,-1.1429521576456612,-0.15103076381312053,-0.1549229430276704,0.7490639771369285,0.7543794275401312,-1.6624030047542973,-1.7788454772335063,-1.67604822123304,1.0740575471295422,-0.008715896083843766,-0.3671935093665144,4.225607823750696,-1.8410341313184921,1.169350021987114,-0.9372614668978223,-0.7212210577597372,-0.1949746369101018,-2.9062560574519782,-0.6887843136488164,-0.07748541543997409,-1.3377207950152372,1.7378166662548848,0.5265081605982501,-0.8251815972412094,2.9963839936306833,0.23939941367860135,-0.7692430423123422,3.184324657212579,-1.7656069786420105,0.9704493102193807,-3.0365634614950228,2.158394489523666,-3.5444654895628083,-1.8161081907508394,-3.7062746375869295,-0.27704786096940615,0.19452731500964993,1.7937806949389206,-0.08338288039822143,-0.6861726094519017,0.07264277916804096,-1.1619615421862999,-2.090231895973799,1.402670701494673,-2.371030813155972,1.5214563729425523,-0.9864967053527506,2.4316528814749967,2.8221509361264303,-1.1522318990946412,0.4469738221075642,1.592487789668293,-3.2099791883216575,0.8444575331177075,-1.3545804352834034,0.7883945877832033,0.15162968791309273,1.8744666941564376,3.1218849312978527,-2.648246459139385,0.9008968370823055,-2.052336324845495,0.18595799869017438,-0.9004565787918581,1.6740596076634984,1.3630962672278515,-1.369218300480552,-2.1900016532743094,-0.5605180330896756,1.59348612761796,-1.3044751902495708,0.45972128756091946,1.4236401615877758,-0.07384459889042805,2.5791562485462967,0.25785408365577295,1.6953909062021884,0.5441945510694456,0.6810859892269058,-1.0831510394238568,-0.9800644730223109,-0.5994618211673272,-1.3032540516094258,-1.6127012998274648,1.8744219058417635,-1.671175560565052,1.8652165519693935,-0.15807003758449872,0.09132964857087944,-1.260085588340768,-0.9364902419597059,-0.4954975776815552,-0.1741270698733351,1.152006753433592,-0.07494219120429824,0.06996114194559871,1.510914691440357,0.7973338540492069,0.8217270974226317,0.5442341002367651,-0.9830055778295699,-0.2504214767888774,0.28773059875965346,0.5195267277718525,0.05604807242811055,0.5428951994759983,0.5474961260224563,0.07759377928986044,0.5735839737495734,-0.2574018574882011,-0.588399335337003,0.030064311952591932,0.26902407251684046,-0.4852660428075565,-0.2803458999397226,-0.11767202311461811,0.4558673804212701,0.8320696161564582,0.16931578825742466,0.828671319344706,-0.5412101377562396,-0.004121075435907173,0.14692523490710785,-0.017992992873549413,-0.13743670538064773,0.13536927851033664,-0.03624238364696353,0.3760819578352985,0.13651526102731038,0.18748516640111465,-0.31031703133667154,0.22152537561739227,-0.017405811848908062,0.1558083153030558,-0.14100563202227523,-0.2598630210132744,-0.11853498736744328,0.12932244462768627,-0.05656849075506909,-0.23541232524513855,0.11328550840570828,0.15462069100437364,-0.0339210071888186,0.1641644839150973,0.03503143509676432,0.03836736214408498,-0.05593451767782065,-0.080638519955402,0.07060287395448284,-0.0025044969911580672,-0.05170257076726836,0.07049910174112806,0.006868673032770056,-0.10012949442268071,0.07477453144923829,0.016818517220280937,2.220446049250313e-15
eIm_052,11.530358578459495,-3.6808908592543754,-5.312006216820787,-3.149264257798217,-0.3858628030822395,1.6801383722768877,0.5381353790030122,-3.2613932838123496,1.0497563738333469,4.015010316638313,4.418069444777182,2.2837332367758156,-1.0840976722478608,-0.6407865085123543,1.090123221084426,-1.096134252571944,2.4030068364460724,0.3650823649610331,1.9860751697118317,-3.3885554524542276,-0.16081805463719695,-4.226739145080901,-0.4267260976667895,-1.830212035332132,0.7279292829066983,5.115327726835458,-0.023018174566132588,-2.8828978899522846,1.8997727851460442,-0.4595045254827079,5.398280985100452,2.194254862884014,3.8598838191002023,-2.3439444205044064,-2.70352521165117,-2.075535089978912,-1.464189327027018,-2.2321795625648972,-3.7592024442215592,-1.6154601617044662,1.3999878805682935,-4.48129384424796,3.130649422410211,0.5948394272239156,1.643742559448274,4.837444125934594,-0.8691106895753571,1.5090554408161274,-3.6746636325159767,-2.896330040172948,-3.7547545739053056,-2.3312015898669896,1.1380898552751242,-0.44806142298446844,1.72638367744402,4.036604335450592,0.3298727859891969,-1.818213807952921,-2.28242028216163,4.743057262885178,-0.31622677849311354,-0.7761983122820323,1.3347752742751227,0.16831835984430743,1.9612711052411942,0.4142560266469617,0.0924444987962153,1.1309964707889302,0.9857181703676849,0.5690469138441601,1.7434959775076588,-0.6796185509852771,-1.0412867333484779,-1.206567573585395,-0.07107386430593632,0.2803563627832446,-0.7564252494154022,-0.7475363270051274,-1.7955020179368608,-1.5100213715474418,-0.20680777618903862,-0.5371302972335559,1.7567097080064273,1.1048124208557641,-1.3922519682473853,-0.5986669863520094,-0.7554600404170658,2.0418024662674066,0.4006919491121136,0.20819635398600733,0.33396234477564446,-0.10553368087480586,-1.0240656665431676,-0.8499079151123807,-0.5903256242117791,-0.6284810983473359,0.047574544148725195,-0.10610149330536046,0.18978955211257786,0.8988170067384801,0.28793352133832345,-0.02831475199134381,0.06357471833785991,-0.11651879438668605,1.224593207947962,-1.9725684913727297,0.07139823893361794,-1.0427080146629804,0.24630823507665367,-0.7048490512257939,-0.1981851700629102,-0.06612442773473615,-0.08459672197020354,0.26558654871247717,0.17015046281148155,-0.2778671537598634,-0.09399034950254798,-0.44027184100087857,-0.07895231193049634,-0.15663400796577726,-0.381446707843922,0.3785086921116081,0.6420515357063801,-0.014054912759376204,0.17248172186191135,0.1799832677500871,-0.05292981059201107,0.4728014815003655,0.10558874659487838,-0.3337686152613708,0.1512751695040635,-0.11210718816118626,0.3319239863777206,-0.23003342529560603,-0.004669320694208889,0.3469420005814934,0.30700571354161765,-0.24516105722149845,0.06009756029600549,-0.038256645626937646,-0.5173762845701092,0.2146711232511141,-0.21416335483643315,-0.6870274582022705,-0.3144245150616636,-0.12114944771940916,-0.1206124367845649,0.07152927946847798,-0.21207622789034847,0.03331845378409226,0.2307817260645833,0.16365149463825168,0.0011948971961690535,0.11992689554330034,-0.05891095610616273,0.013919258588162675,0.12352873497473915,0.2298480493838102,-0.07317952618292456,-0.1617825923521603,0.1330501947541638,-0.14992424970232915,0.05290758859754577,0.09103372433223758,-0.049972326200347306,-0.10304404507186815,0.04781289554327772,-0.027558307293098716,0.03702330489935962,-0.03093773524013177,0.045922287650946636,-0.08556644914229627,-0.02614760422389195,-0.04323781629252088,0.06411816592810571,0.0016703331932289567,0.01646821825977518,1.7763568394002505e-15
eIm_053,-6.169763807283292,-4.425863028533145,-0.17851912597002498,0.4180829477196646,-3.019815243287473,2.5096766814291227,-3.2873739882662396,0.6288053693112396,-0.693513810571864,0.4128565509735795,3.846177028844229,-0.12008030515095691,0.7018675420787065,-0.7257193380763819,-0.7766619092171159,1.3933765254722164,2.0353464623034925,0.3847323183528124,-1.0227197317783898,2.5753462577410757,2.056878475444599,0.3563978003835009,-3.181496858634304,2.318774826813538,1.1039623401829741,1.0223284629215814,1.5440096772392518,-1.4310134598341162,1.331795307688152,2.1093072627715124,-0.24098603231799715,-0.6388035385238748,2.287719601481173,-1.3982703212496956,0.47575150101070024,-0.1254918509769276,-1.5564957296625468,-2.6151243037003167,2.5276377689358585,1.1953000896619832,1.088969522328501,-0.285484872568315,2.1114071677062256,-0.6778540948193118,1.031879446948556,-1.7246331786600464,1.066846932508619,-1.5774262622169848,-1.9870884535652862,-0.7442339694302434,1.216409919330955,1.1973832189574012,0.16720186531986175,1.9195646753217457,-1.841964742973999,0.3773672454834984,-0.09813393696057193,1.065959499378483,0.012855943594554664,0.9048186436768243,2.431808895429667,-1.1214505207899168,-0.12643954554950865,-2.244722203999783,-2.464627092924615,0.8098046807173723,-0.41098069088563927,1.5568873106083785,-0.8791088995758354,-0.1896566614690805,0.25321255500584483,0.7200211484091162,-0.43500487289348977,-1.4067957623919298,-0.7227234971487486,0.12936734043172926,1.1810660768435552,-0.03675359609007889,-0.1103347329811501,0.17513167704379345,0.06723828883699579,-3.3201154591905304,0.08354649626912641,0.02310331481663952,0.31253962692842874,-0.11721136949828548,-1.5986741027913969,-0.11865473032337182,-0.3303912094545641,1.080975650008465,1.8323175753827956,0.34954201355055303,1.073417220315065,1.5608029845447722,0.6199486571069295,0.27760065332901807,0.5250775667452564,1.2307273202336888,-0.8693086859699664,1.2132312438185142,-1.1376043199106216,-0.7210376980044366,1.7880506102532405,0.2915970589269774,0.03779881924074957,1.6081613607823173,-0.7512830641584332,-0.9245159395593937,-1.142700512479882,-1.435282474821663,0.7043982607066354,-1.0777465288106922,0.4184155158899784,-0.38871716867856865,-0.4596451968612233,-1.778939512792715,-0.6976246393950694,-0.45654074701085134,0.7625560464481359,0.4986692852222956,-0.9491003702671218,-0.29876987795766485,0.152979409754591,-0.22551725736521244,-0.17523637334473974,0.9825895863066892,-1.005474797626504,-0.8418261379066363,0.13994484164985588,2.417032046670373,-0.3245101205100984,2.4845841833409477,-2.2179990917297725,-2.008207243718355,1.0655193546707666,-0.9155007988246389,-0.6864168931838197,-0.467026745359489,-1.6016102875815965,0.8456580354594564,-0.32500112561902195,-1.8080934122770023,-0.44097566782451636,0.458126758929715,0.30125613922473937,-0.7375549258197428,-0.006864996825664216,0.17142322449610814,-0.15754686346853153,-1.8499083217153296,-0.1924404201249274,0.3580061615324397,-0.4422238574180348,0.5485830231258861,-0.7176679921180376,0.2045390865342649,0.3147652417434008,-0.44856949640322297,-0.08451369376508,-0.019329187945440696,0.39551746931616427,-0.04852754464169217,-0.3060449491748046,-0.12047667814995475,-0.14812701206066947,-0.0145597335759583,0.14843714167736122,0.01852996384913702,0.1900232453109803,0.22775171202217082,-0.06174152125665122,0.10393682819482547,-0.21343904563239358,-0.24289176631681286,0.20804253647141713,-0.02425452199420597,0.10745815124691127,8.881784197001252e-16
eIm_054,-2.193691233215853,8.414878095781026,0.32141985337522694,0.8528903805215595,6.908110537979502,3.2733700192432087,2.3360000356223347,0.31825724630958363,5.1652734894439565,0.02158891438252397,0.577960807907316,0.5088714176757033,1.4142634874468922,-1.3753430288317248,-0.9038816398821531,-2.0624868937182645,-1.5419054702284993,-0.2264945418599238,-0.726259870195479,1.6023122128492058,0.2503749537936653,0.6417056837357167,-0.19297450540053984,-2.076156649631972,-0.6192614398654142,-0.9040709079097103,0.6012270446811909,-0.20003907039931998,-0.342278709929802,0.7812410684690615,-0.09046545650376092,-1.3055742059434838,3.994290050149664,-1.262980117879333,-0.164796177005098,2.588731398048708,1.6259869909384175,0.5605847583214303,1.7301751979645574,-0.6163325283972247,-0.1026054004802894,-1.2433447496062855,0.6042907447358061,1.568627902456174,-3.051456259166988,2.869133822476205,-1.3399628048365495,0.7420971077368672,-1.3562447195422647,-0.13543524331734325,1.2013309259554497,1.1191795911522333,-2.064333660081112,1.309356262015464,-2.0368685473507204,-2.565262598271371,-0.5973839223474516,-0.08470841848473215,-2.290077420479279,0.9348250333119441,-1.0020450389124291,1.557689781696546,1.3528372356063438,-0.6039649316090596,-1.1090500177372786,0.9037966270592441,-0.2446461592211972,-0.7643480052980609,0.9753716031632187,0.2987115862095192,0.3622818096239542,-0.6697146005562788,0.1973103692121351,1.615521363465922,0.3457230217073455,-0.7009470143120144,0.3463630005987927,1.3621570377107062,0.5896129475231374,0.027598573608275223,-0.09547322084024756,-0.9166934391082935,0.5328816646153953,0.4004862515072496,0.3920273294129293,-0.8794478630977967,0.32940872679415023,-0.19573864064103574,-1.5641586697968308,-0.6825251635565817,1.2821999152299988,0.35656855961938194,-0.4064791726806066,-0.14887292015347553,0.5942038658788769,0.6469559694235552,0.07468891099259278,-0.06162137621169296,-0.7396540521995385,-0.8035117332386557,0.8234139210097136,0.07384280508753217,1.1980598436455054,0.3368172763461661,-0.19994297373096914,-0.39396523828170205,0.45780171504782197,0.4115572600520415,-0.7095971021187141,-0.3590139821036944,0.18145898305201758,0.3726068227568169,0.9921932604649544,0.195177029159528,-0.028976971387863037,-0.33444982349705676,0.01251528933157442,0.7597556611103746,0.2186651353345077,-0.7843992111523466,-0.5762065768360477,0.3289578317322208,-0.03322022896925575,0.566287994157814,0.6060025271713785,-0.2882584594337779,-0.09959164034597934,-0.49517328750958745,-0.6450701038396287,-0.21126136686750474,0.5744212356718323,0.548547974333556,-0.07540619738308488,0.30919767171616114,-0.550818750686178,0.5973930470915301,-0.24676376162043206,-0.6120646277136308,0.4654715725865229,0.5207121123004799,-0.30957865183876354,0.2024017118079291,0.07202339758503928,0.5624792222888595,0.6908217758275709,-0.6891427196317353,-1.0602704255660484,0.19851389628786098,-0.5016910704497441,-0.6328554398372319,-0.4638637978375351,1.2258943561218247,0.7596514381300226,-0.5297824063319035,-0.06121238558959083,1.5659441586657967,-0.11219592758513763,3.545286682613593,1.290972382756066,-0.8468847847924267,-1.3513812437720876,0.08696196627531072,-0.9430613676732176,-0.27228023560723413,0.33201049761757373,0.571852962632495,0.1783379045542679,-0.11333657802356223,0.3324327112607197,-0.6703674036189498,0.0615004751757815,-0.1231228024015174,-0.06718260842643953,-0.08724799448935627,-0.3201680362881253,-0.0983405422781437,-0.1794459437513901,8.881784197001252e-16
eIm_055,-7.721760919694983,-4.162756623151748,0.14154686671458702,0.9844563064145184,-3.0658070642281254,1.7781639885746914,-2.577233820185454,0.5714066417659784,-0.2684230156267441,-1.375536086931977,3.4615726614599365,-0.025740215394203014,0.6190433308598449,-1.7720567209343059,-0.42722372961265676,1.101903328595121,3.052673945412218,0.5790430889184677,-0.7583667287296394,1.0785135436357174,0.9105178942133778,1.3854293018239439,-3.1270064701150906,1.6137343456221267,-0.3334043384625205,-0.20245885606866454,1.1637386908211513,-2.094724733740834,0.9148763939819695,1.5662297309253246,0.29979650069014563,-1.9873306808794162,1.0700036761921905,-1.2591321107811095,0.9036291341547515,-0.4568094689572726,-1.3510690600521595,-1.884653083571033,0.9578548371631426,0.10133376151751834,-0.17240405299970168,0.5358037924210362,0.9054810339667183,-0.95703802515452,0.5878878465113402,-1.4043146508386692,0.2598208975459425,-0.9352275157175007,-0.35376892468335086,-0.5310518602034956,1.4656740876124708,1.01028437917603,-0.1310228683624716,0.7279758000875719,-1.4359479073823613,-0.4280095643674753,-0.31190016615008614,0.6863663779967561,-0.7851747235703652,-0.8895064538673643,1.232472051429259,0.8654741017652426,-0.37876669670401797,-0.8760212980694342,-1.1791732848866605,0.643677762259966,-0.8703010200685712,0.5634172992785194,-0.028496305648753273,-1.2522792766923074,2.389202111933952,1.6428478199145762,-0.22776360468872858,-0.7185043613438491,-0.49386545925421554,-0.37546508201313955,0.5785869274760949,0.9913195446003347,-1.0244152088247505,0.9658544362578705,0.4408184641843801,-1.5795207579843353,0.18951325318283135,-0.11440013848667152,-0.500476372266264,-0.17306347340374778,2.236284471509416,-0.6834415140401835,0.38172819949449094,1.1383671023075195,1.1314180544562618,0.8374535683681196,0.20701941464516327,0.9712066580868473,-0.9424803630955767,-0.3841512926307813,-1.3265802959573751,-0.034632191322401515,0.39566966221503574,-0.28416978603839804,1.0879891658675662,0.22295034102342987,1.6382547303835324,-0.2639536581754039,0.2530274675421328,-0.73118014119977,-0.03133448265808428,-1.0093989464214639,-1.1267687752863813,0.475438123949139,0.3619954966091605,1.2907141459148013,1.0175257690413888,0.9898185867112151,-0.16143341063556538,-1.4512945587688149,-0.6830566979759682,0.47237597329262115,0.5542002491173011,0.6080147908433323,0.2986906372752566,-0.4100152341863552,1.6965407614920032,0.6563291055371971,-1.156890392995259,0.938832165431107,1.5585292021671118,-1.0354955690836394,2.346982184399921,-0.9465352078173757,-1.5116649221048482,-2.1299074923461685,1.0953283152069073,1.5820328374218302,-1.3995957431085113,0.7839566718086011,0.3195851811793725,1.8125781469394653,0.6240316396343066,0.5503073655454658,-1.107786774613033,0.7848531408590832,-1.1448858141093647,-0.5609393390155849,-0.603756154522023,1.9556891910758851,0.3939070711686734,-0.5806149113550831,-0.7138351611165776,2.522580436562998,0.58287383309031,0.703634804441144,1.7837204827638324,-1.5532770247801424,0.1400276962132733,-0.046599808535758735,0.07883373852857023,0.07843887583005926,-0.21118807476392043,-0.37758772170670496,0.6047314987961705,-0.08546875122850095,0.07477144360554039,-0.23666452181258477,-0.1383978172082707,-0.01478528824052544,0.04543081072941901,-0.010626396901458501,-0.13190714893848016,-0.0026303111911374355,0.17371698916473632,-0.10198452093218818,0.15352472604824707,0.22815480212810835,-0.017093925635834895,0.21272910233920594,-0.11806529899581741,2.220446049250313e-15
eIm_056,-7.492673586432566,-3.5580442743267553,-0.5770978757962719,0.8157748236030864,-2.9151103447371707,2.910936764326798,-1.5307536923438132,1.0368315592784303,-0.39029173580533627,-0.5127837732450801,3.5562259527915576,0.08320903300406779,0.7824242526356707,-0.20040357631889644,-0.15380573101242445,0.12629411986671846,2.3456895083626583,-0.10650399243012654,-0.7780376005669618,1.4618961992273467,1.2533506109816384,0.8198215444291236,-2.5669573985962835,0.6351467218974562,-1.678610551737208,0.10476542786989351,1.4161930318140445,-1.5448940498100503,0.8868693058305601,1.540867215633941,0.28419351829975303,-1.3275061054161632,1.222477125606308,-1.263833255081499,1.0535646757180417,0.485748157491664,-1.2341115660981492,-2.031712872480139,0.13098501835400755,-0.49066039047379306,-0.06397104906013791,0.987941206838016,1.3362435607134024,-1.4873102644331038,-0.671178247543407,-0.020689825390557817,0.9968484178002077,-0.7320822244759386,0.0785267827930729,1.2333801864737195,-1.4228800359638814,0.5734587534132956,0.013109829842819637,1.813079583421142,1.8873517928508445,-0.40271640068664805,-1.1121500007802398,0.4719762601680464,0.21395388766046053,-1.833018587420012,-0.2873898399307345,1.4365019281983735,2.39428545220943,0.24249174610594748,-0.3077205719947842,-0.0710891280658208,-1.326878274946579,0.3228358582396239,-0.7448015588819399,-0.2386943646124357,1.0691633788263408,-0.09932874283296156,1.1948826775937973,0.13257075937188234,0.15716149026554715,-1.6017077181549313,-1.3601862728384742,0.351556153397541,-0.1360665735432624,0.6969605485889073,0.8769918123751138,-1.048924314148676,1.4219378942333503,1.6464242239052744,0.9762601349810676,0.587773335171786,0.8823508252702994,0.10497677414142537,0.24721820627509722,-1.7087278563120625,-1.8251430730048042,-0.7909560735578963,-0.41802747900647763,-1.142221314660741,-0.6921199449078659,0.5676429945492503,0.7054353333647797,0.04342729201409,-0.2456695398225064,-2.4691757743041904,1.34754986300191,-0.0009037522577970969,-2.51850377390245,-0.3202001482606948,0.8295929511566443,-0.5714906448558325,0.5312788271594849,1.5600452055174212,-0.21084540891553766,1.0102103181363231,-1.681532915042717,-1.8137736797594186,-0.23102724929526583,-1.0953258739848615,-0.5372665016095396,1.8077374849258585,2.41086690293877,-1.7674443895796847,0.31386050847381664,0.9433928120998496,0.4139420895704099,0.05719203195539091,0.8189744720662546,0.9220974040504333,-0.9967074867715386,0.8913257588281279,-1.4389460006900876,1.0304545004901158,0.1031750833654792,0.14503212325244386,-0.062405516474967726,-0.26662288118516825,0.6117504345558739,-0.17657526672171145,-0.9890468782196545,-1.4124195390520675,-0.5615228359002761,2.1116556219006046,0.4095067819804336,-1.6092759603461908,-1.1356977414159297,-0.4702595370401691,-0.7444841332739341,0.36034349677653266,-0.45457284333969605,-2.874478989808236,1.1810107438340416,0.4817850848393298,-0.1123674342691493,-0.1578837106959825,-0.41485499711317325,0.5545211848195923,-1.1828999104713338,0.00999072367816102,0.09019456201915846,-1.0041758021158247,-1.6163855216135992,0.29951572170586005,0.6591447293906392,0.48242822451005796,-0.6243812685540966,0.02655019874467191,0.03606470411950333,0.3105942178898975,0.1301641329279386,0.1209707304334508,0.13143121179667938,-0.11185352236661239,-0.01663672725330617,-0.04498772158802611,-0.07997244164382677,0.018915755378614396,-0.07799361798395354,0.17422821615413975,0.012793622374437041,0.06867480610637489,0.039177571372744247,2.6645352591003757e-15
eIm_057,12.621403825988876,-5.912771323307197,11.417862196736445,-1.58859409135305,1.8250482698819803,0.20751576241787917,-7.287601634363122,12.738169012174003,3.71497348718054,0.8791327518026564,3.874070911901014,-0.08692380435381009,9.855011928810969,-2.0098766124385157,0.5981356913770939,-5.2952159475718865,4.069508630683029,4.418424917909054,-4.771104550818955,3.61773064176135,1.5341351849181333,-7.7945440338727385,0.8270429064900655,3.2812856885964523,-3.827978925165622,-3.958371408848252,-4.960085437462998,-0.3951933892297397,3.524196709688066,-2.247849524517072,-2.1449892628582417,3.8245990026942964,-2.1645245985839314,2.975981855453294,-1.519492607066587,1.2864838084174373,1.7743026515008296,1.439579501595169,-1.851125311978239,-0.5642790242360837,3.5907256585247476,-0.19413356036301255,-1.42542733859914,1.2150337485494567,-0.7281435305314087,-0.4521278375087493,0.7712392024584365,1.7973884984794297,-0.4210106907049431,0.2658650196132809,0.022565451241853163,-1.4580149784232712,-0.38228255344576306,0.367148760607597,1.1539432399481515,0.581121495957633,-0.3386972712371623,0.0005308836354234181,0.3895432645857879,0.7916271627111413,-0.9539226574161789,-1.2422120593314143,-0.08710350130089628,-0.2140069256367978,-0.05913294055408391,-0.3638014011843691,-1.2344117867608329,-1.716924009545007,-0.8830302456460073,-0.4641235611006734,-0.6064507017126701,-0.6711107905270349,0.009185093908177011,-0.3555022295556012,-0.03638805039596893,0.2533659865043564,-0.11680946120640684,-0.09300499457111666,1.2499143257150127,-0.28871554573035096,-0.06515721715330725,0.5525633994478124,-0.23571662424656398,0.012434418991865037,-0.7710248734169372,0.3759262155450001,-0.011984546486948022,0.8887126102270061,0.15878668585381214,-0.003812568060235222,-0.54633901477369,0.2531265876020531,0.11293374709747889,-0.41437416210852973,-0.018465757630276913,-0.0021091170995173325,0.12065688110575379,0.12528060836737065,-0.24365621313256125,0.27575719098095364,0.031177810412510512,0.15100562071132928,0.6758877794006004,-0.3518165452573671,0.48270338123999534,-0.29923800150511703,-0.43333149686077843,0.029249022115410722,-0.1804824926312792,-0.11812082726031736,-0.03677346372665913,0.09884047980794741,-0.12188095700430465,0.2961854406816805,-0.23766378498201235,-0.2180797438542903,-0.03127894557743299,0.21708269337709085,0.3575296782866385,0.2741718637377757,0.13247712150661795,0.0867889014386023,0.477682010034175,0.00554995972457073,-0.08921163175940605,0.007834175836475832,0.37288256064587233,-0.20910772854782445,0.1304027268739203,0.2608329641257443,-0.12187900653790718,-0.17044957502552782,-0.1685679812259889,0.12594395446396617,0.07294351716517566,-0.013809001595862958,0.20441791602091453,0.007087813621316552,-0.022975960906774395,-0.18043601966208467,-0.05882810613814837,0.002591902859358952,-0.060047643994548455,0.020825159569151763,-0.009092144750190462,0.0861606156070987,-0.15953030571760962,-0.026619592691726757,-0.07503711765720825,-0.03331658580813368,0.07632826779107055,0.17950516253468995,-0.095580288915589,-0.008861464385604506,0.013941464943017541,-0.00596875701063726,-0.031628839971430844,-0.022747020596016743,0.045116487517598614,-0.0941171138480763,-0.0664601461346479,-0.08999139781919374,-0.08047277388454072,0.00813906960211222,0.07443154311991562,0.07180471938820349,0.029566942409643304,0.030691620269974185,-0.02235564970261167,-0.028068769774379887,-0.03511695818983318,-0.025154704090291025,-0.014155643170441712,0.0005708263578947381,-0.011397268635667146,-0.008807066095214866,0.016369236498557704,2.6645352591003757e-15
eIm_058,-6.812953331520156,-4.600659968505709,0.8323748499789158,0.5312930654931627,-4.073787497413792,2.8748465333233346,-2.3942435410976537,0.44110448856304085,-0.26195605892853535,-0.08821889660656124,4.022203740233631,0.2058511437455779,1.6138493208905773,0.19815933422864207,-0.1920914075960357,1.5628009162289929,2.7698025992855047,1.521411472483052,-1.64136666343509,0.47204167048742285,0.6760472207834758,0.7116777415922853,-2.215758007464779,1.6629608892256698,-1.5311534564657239,0.1483208359397563,0.19473046549647682,-0.8381063551356682,0.15147732729122276,2.4808901387542246,0.2692123081149349,-1.4004968757463,1.790100368902003,-0.9004155414786887,-1.0373071917492587,-1.929202278512739,-1.3262066986247039,-1.8775864538740215,-1.0461232583315527,-0.6382060974755327,-0.7159532328450279,1.0982902234633298,1.7612066067464454,-0.6433229004116007,-1.0715125429144292,-1.3721023605161546,-0.3264013565829967,-2.617446548852624,-1.3729629618489123,-0.21916108765598408,0.5092753856421564,1.8520452775444916,0.5779079125069286,1.0138091105256841,0.20298109580763346,-1.1261117145557245,-0.9572510814200699,0.46876683590437396,-1.0757016274066715,-1.8292990266620823,1.367188517378383,-0.38569110180901434,0.14560727206628643,-0.2485976516413846,-0.5602631791689054,-0.05900967342733321,0.32977598172303274,1.03168613433632,1.9728594867204492,-1.048021104544742,0.8856174364261764,-1.5475041116524937,-0.644420052507354,1.0364655780248462,1.4716860327817818,1.0350867432256508,-0.587921332542237,0.28319803133393456,-0.5878024237754726,-0.6659118778498108,2.398493636790442,0.6017431413035826,-0.6638242033781747,1.5189753283096865,1.0437914539932394,1.2275306830068373,-0.3989820486846648,1.1929759667857145,-0.17499873148806877,-0.3294450054964352,-0.1636496939834491,0.28231270066015823,-1.0327241219256222,-2.146376622685241,-0.3811512322868269,-0.0007154265578781516,-1.0426677248488232,1.1684960296004634,0.1243513582352398,-0.5782021653757254,-1.9159992588913428,4.03389282299566,-0.748808412964314,0.5708670235727256,-0.7606991292215148,-0.6284562329657802,-0.6700427609942458,0.32669914395817967,0.7940678100545047,1.0550534178567057,0.5435554951642027,0.7219757719021243,-1.2938771355966636,-0.7398439813986869,1.1202981873549023,0.6363920102008644,-0.11441422968857101,2.996374103114177,-1.2753682181470527,-0.016085488826148964,-0.4755682110563263,-1.4086066109661344,-2.9507664588134483,-0.9210594202889917,1.6124460693708662,-1.654523796916767,-1.3418253246653649,0.41405892158965385,-1.2518529245322685,-0.49541896223391646,0.5177530430708595,-0.5777663817164718,-1.5115537728996145,0.9046286814189044,1.5048138206283768,0.11664531032137737,-0.3484562071323451,-1.464669324696523,0.573906963165163,-0.24331673197387582,-0.8344848837552348,1.0380269522084309,0.9602178069892408,-0.9348976461936488,0.564669953833743,1.281556303040398,-0.35161045282836495,-1.4939533492106478,0.205454423058953,0.28667664329029785,0.09967274461588663,0.3937627163389872,0.18248046790026096,0.5201209539655955,0.5297888556246722,-0.46155748488377824,-0.4662574359933105,-0.3505126241293539,0.1921901232634366,0.09207413706879708,-0.2984491486298324,0.16880786861721703,-0.0532929788636724,-0.008897398061951417,0.2780282433622303,0.2586922786328052,-0.09111158269026864,0.03974646191815079,0.01313069027597541,-0.21974216449219663,-0.05124305708749288,0.14584159908493938,0.07865802346609918,-0.1537685310165049,-0.03453416286238664,-0.09445096885129045,-0.004725472386099661,1.3322676295501878e-15
eIm_059,-6.67242904311664,-3.4218729619636434,-0.4621067436068924,0.8598941411221688,-3.0041090812068854,3.64825961298403,-0.6765650008636995,0.9463253729903636,-0.5897767846574086,-6.684663562130524,4.859699730742286,0.7454461760655238,-3.506907319601205,-2.330164169394174,0.7248693992999786,-1.8221029306306478,-1.3539569519100734,-1.0461992934710305,0.47361078699189685,2.5682357239374896,1.048295112860918,0.9653512004886331,-1.1531794795194503,-2.9607464626588014,0.6964629994488722,0.09509957050049933,0.7412390135801248,0.41239406581876925,-1.070806488448604,-0.8685695895786896,-0.9212352179393432,2.288954303852141,-0.9833779718215222,-0.5432611508073035,-0.6257236951382175,-0.05984893374968725,1.5198116128945467,0.8834729380572248,-0.48998419217610567,-0.8843967318022661,0.48100484986053754,-0.2730778825771756,-0.008805419685558535,0.9455087728264141,-0.34918686339002536,-0.4088217418014775,0.9342414701159434,0.8418793258057617,0.5949482695233016,-0.1197126024790856,0.6317832965795771,-0.8562981341250345,-0.9887718025446501,-0.5905785306482169,0.6750493758153164,-0.5346982087683854,1.0828459006614848,-0.6873321849891453,0.34076211659326194,0.23984618560830256,0.34119533071001173,-0.5910419446450322,1.18634755176409,0.10750060786865911,-0.10920661046772784,-0.854906918247491,0.6156319394923562,0.5419401867076159,0.15349937145453008,0.07373918289285192,0.19073390535119894,0.387601214704307,0.049564782080436826,-0.39842549849732634,1.2278429688878378,0.0755882602817175,0.44095297028768377,0.4140491799751266,0.5381320329316925,-1.0528957711104627,-0.8973489927697698,0.17963264803210222,-0.20656176590802988,0.19341014154246006,-0.37333684850142257,-0.6199066585700168,-0.5029310107191125,0.45919030633601066,0.7696471068326498,-1.241884199262116,1.044158332389326,-1.6606360770144568,0.10211924410111956,0.19501714218875654,-0.39795306673772846,-0.4540705574264312,-0.7885267177417272,-0.9377301032948193,-0.54176240380882,0.5319394564034104,-0.4046783916673441,0.1510570550324546,-0.5146760367222457,-0.5686278617389902,-0.39455777465553266,0.33498275153223844,0.09222776414372355,0.5117606952570967,0.3555119153067918,1.0422854151079666,0.18213773710978653,-0.29861029600831457,1.0151235863332813,-0.8207140951466532,-1.0706154161206114,0.6372492593766474,-0.2503518444026635,-0.03146370785971575,-0.3855418584631761,-0.7692143348420968,0.342888475662115,-0.16166496853817947,-0.650392061224649,0.12887082267716854,0.6901744042864305,-0.11206614746121529,1.1966595141977077,-0.403035397137126,-0.1207568390396907,-0.38744980295160736,0.3649061894548121,0.16266861210033023,-0.04082194145519469,0.17161324746829507,-0.21163142224724873,-0.021562049880805567,0.42912059756797283,0.12350648279027648,0.4315086753051755,0.014002541165122562,-0.7035185329815881,-0.6714925319358559,0.15102994109758583,-0.027384244153139448,0.030525968299650874,-0.02793634638005521,-0.5299613136740304,-0.36652409974589606,0.39218088955783903,0.05477513433574677,0.14281961071239765,0.007348881018419462,-0.24816662652877586,-0.3142590054556041,-0.143593682933541,-0.46764265672915656,0.012083081535532614,-0.04881978141961418,0.2672485826753258,-0.7030037429088554,0.056188761591828174,0.4959748986757554,-0.4028778086074306,0.5133581632327978,-1.0264953052255763,0.10454386353020423,-0.24575322795726062,1.9909364117993578,0.7301193789471943,1.3202732197366893,1.6195777365615114,-0.92641833760904,-1.302878443084741,0.30073475007071315,0.6818645126075724,-0.9123632162459927,-0.5949853026047823,1.3322676295501878e-15
eIm_060,-3.505074518501239,-4.182434737303738,3.4481951786330898,-1.02781698385804,-3.253382934782087,5.362716915028163,1.3743377031741466,-0.2997542016757435,-1.3834235248318065,-7.496702551123002,4.829361561845116,1.1489248646311632,-5.041709932911669,-3.278739060412553,0.9333532521019523,-2.7924715376603064,-1.83960566535196,-2.548233803193119,1.3486812092381992,1.4683417430991614,1.1058002149547548,0.5440087489074099,-1.8001353237880153,-2.791069214675754,-0.2528180908896598,0.08521323040373208,-0.40406625916919914,0.8040838002630242,-1.2330922968267388,-3.24455843481653,-0.4822251183328835,3.976058120894961,-0.6046206250602324,-0.7837852979500225,0.31440197319152235,-1.0439094602784131,1.0331048652885584,2.1244575751272774,0.9383397273787752,-2.0475988642857805,1.7707917160755529,-1.028381971374999,0.5223275171651061,0.6425765442431554,0.296339497529318,1.0057008269417664,-0.5622763941662263,1.4730547148290007,-0.6251401753639239,1.7908542903462057,-0.48198147055727264,-1.1040760271151409,-1.246900260870012,-1.174718508667095,0.19461231368670995,0.16257982854682695,0.4520888368797291,0.05418339218316537,0.9312308825873372,-0.5270709687355747,0.7713889145639614,0.775419136509432,-0.5433725399666293,0.1713268917397177,-0.669560941813458,1.3613202981587347,-0.4519758802792156,-0.7294373187100132,-0.1852371168950786,3.039419627514541,-0.9952486740953477,-1.6446333855089283,-0.19359727128208226,1.0116598406309207,-1.0950775235790806,0.015147037258196994,-0.37388889926835295,-0.449911907653892,-0.10151441032771885,2.3500896570083825,3.2097560288568427,1.0592427148009782,0.34674752511190393,1.1769837033525097,0.9650251823553717,0.4674687981220792,0.24667804053012343,-1.806381959580209,0.0800747646005418,3.286916056359293,-2.145257900649687,4.27429482356092,-0.12799712437425426,0.5274351154773074,-0.1569786589396749,0.5882004639836473,0.599671309751264,1.5628563713597519,2.200333267684954,-0.055196466214654794,-1.6448630707253975,0.5564951008957739,0.6709768911426535,-0.8740630492483152,0.1388740228907508,-0.0908802565615889,0.24374293460124027,0.381962181997177,-1.5207101785063206,-2.3971700851020747,-0.911231264368703,0.5346881294787124,-1.2330956752745765,1.1478085568872467,2.064137001874684,0.1342488115714876,1.362877332889112,0.0951631480494104,-0.3258262364993162,2.203651422545361,-0.5722183364600829,-0.31859344264168143,0.4140123409649016,0.10880962360112634,-0.22223911550903286,-0.14908397389969835,-1.7484184174333808,-0.18210586365534842,0.46952474138682154,0.5693746924582657,-1.0930806678725427,-0.015385175175808397,0.3975475626501963,0.6556493821839303,0.11364811463385471,0.573970695933304,-0.47592634312814885,-0.3282319739574448,0.13963109134455504,-0.07325594572179184,0.9592472344004739,0.7196419158879308,-0.11553134838647239,-0.04488037426682079,-0.17049015046144947,-0.44054340479616394,0.05661111870218777,0.610819562261259,0.12940617736140997,-0.10828500336853564,-0.6653856637378037,-0.08126918300640562,0.5511030243102464,0.19521925045311894,0.2269345298679967,0.5769545368754649,0.5355099395337675,-0.09749531852277027,-0.060911212951602955,0.14705696723683326,-0.09691053052367771,-0.055555074317484625,0.06578164306788853,-0.0009982232678447944,-0.08166824599496647,-0.030553619179901403,-0.014977574075678235,0.14648337161990377,-0.06935978917601215,0.026789790968775096,-0.02465702566880079,-0.032319527794649416,-0.042830372515297865,-0.14091122340553786,0.021936730889186795,-0.031049697970480516,-0.06665631647735581,1.7763568394002505e-15
eIm_061,-7.233715550357569,-4.713546715675661,-0.3135004559903114,1.0308697654810395,-2.528643611596075,1.3778721982284308,-0.31932241259863925,0.7523157210097209,-0.9978320610503039,-2.8803308632043465,3.7060928683498,-0.21864677167125524,-0.8701595921201867,-1.8536223317464844,0.6402044818205654,1.2601980026240671,0.6906363577286228,-0.1854547566612188,0.23797088108877285,1.707666697169814,1.4499673617156026,1.6644758192477487,-1.203886260767929,0.021787372565632068,0.10565740828163439,0.006594245031498636,-0.03526487044947696,0.3732684336859693,0.06188390772050134,2.0048500859724054,-1.2400356082473167,-0.717300758494148,0.4424216875653637,-0.42781356260969533,0.21675043343467743,1.5224455595926938,0.0025726952866291786,-1.5234841989315124,0.12950089893776562,0.3502401623119668,-0.9034186375385671,0.30765318094100924,-0.23908062715441852,-0.9686229018692359,-1.5745673324371916,-0.24833502720809666,-0.21444972088395292,-0.7565284324839012,-0.12261246290979166,0.3623028502315009,0.5703932931610385,-1.1705796379347146,1.1029923933995354,0.41311789673472954,0.6515837481257949,-0.5529354914643989,-0.8059475834209098,1.6030233537922136,0.010190997785316513,-0.23671073195870235,0.8072207968404682,0.22183637321632166,-0.46504955534149794,0.6742741883797736,1.398671456606392,1.4737260966760237,-1.1080294128868988,-0.19619147243601448,0.1798276295296528,-0.9939768189851734,-0.5577033889083944,0.548335810083641,-0.9396063554288536,1.1777291677611041,-0.3038257676911722,0.6086320994490146,0.06333245731833193,-1.4610068186160363,-0.4356213869067331,1.2775814097968017,-2.328073040171541,0.2120756374940006,2.4506704513296738,-0.5571004095496346,-0.3387363306398534,1.535897885871246,1.8603290946222353,0.9541142405036216,-0.5952022749601833,-1.4167368206381297,-1.6320678528649073,-1.0846275454016987,0.44198401006145616,-1.979072136550988,-0.755408994633681,0.12650015933579462,1.451589322448563,-1.6973381603775588,-1.1884725754742116,0.8910831434545515,0.010177419879590241,-0.49944673963507263,-0.918850071606379,-0.43601547358338283,1.5887799901688076,-1.4660327747480246,-0.5444143818782412,3.9102749037627875,-0.025133800364844694,0.34982059182951797,-0.3788119220899746,1.3266891972941082,-0.9879767072821471,-0.2567769020270651,2.008185812379607,-0.280584522776957,0.13519337277957913,-0.9249206908077108,0.8713851662397084,-1.6445956412120453,1.8304382285132832,2.2115661569208527,1.4471122788949362,-0.37810597376585964,-0.7896913541092416,-0.22007613626988143,0.4187172478404426,1.7250583373332544,-0.3657079027356043,0.37481525961569195,-0.452573236813548,0.43822304122634104,-0.6964777557035157,-1.9133061911823994,0.03617617897909586,0.8815550495133417,0.8734249771900016,-1.8251596571473931,-0.5908221857456173,2.1247388560712603,2.086493090535419,1.1977881883534778,-0.41709666173037285,-0.40602400656660265,1.026035276873544,1.0838858771827464,0.011231108217342911,-0.11162568104553039,-0.6311039598708856,0.12068624768357727,0.2156978983419974,0.7529808628216659,-0.11162794856505598,0.3656802855456294,-0.7052009399293946,0.2861410421416708,0.7014972174883751,0.4313626187936874,-1.0726780418165076,0.1660713265171787,-0.3008036768921636,-0.6075291154023682,0.3499458192212665,-0.5947369095916099,-0.23019079301481504,-0.20240168274214898,0.05859559900701905,0.018306928307502357,-0.03851032781435129,0.2117959919597565,0.036656961765299645,-0.001407008328411563,0.029087830064778775,0.09244789205558313,-0.13832014331766118,-0.06969643911997703,-0.027295723751094347,2.220446049250313e-15
eIm_062,13.102383435018362,-5.288938869774106,12.367338977657656,-0.16880060761529592,1.010025951086164,-0.3069422474190626,3.651875043577123,6.409170514440852,0.34443091179172103,3.431940257937148,1.428825793950244,-2.7760628976812844,3.3438317060085567,-13.976111650671056,3.6049179192843055,7.947144847032883,-12.827886494831517,-2.681720082648961,3.4489085252610074,-4.336359598564764,2.1562311523136017,-1.5837642535414669,1.60707351823629,2.1925758861259688,-2.707860708158343,2.276557270249399,2.6606501394416835,1.647756068953165,2.1901223306535456,4.126080408687259,0.42937758772062196,0.22457378983753995,2.2657086270922773,-0.6575601459789178,-0.975187911262575,3.2624055291181744,0.06812175217059602,-1.0247322353734387,0.6680472233342856,0.05843365848314987,0.2261301357772534,0.48579914525230783,0.3045283877307317,-0.22109622024494457,0.21381629814763936,-0.2673289859914754,0.08487210197776701,-0.5633604507587784,0.6430306221353728,2.128954079011497,-2.015537119914423,-0.6366457203643381,0.38086269573979176,-0.46681867087403167,-0.6309597208092947,0.553198086575492,-0.9052749119311931,-0.8617649860099709,0.40768597010057306,-1.4667211591896434,1.4185495815489517,-0.1804785079564204,0.5501042073545419,-0.016020153176483864,0.4984628091538863,-0.334901034605677,1.1405462137828037,1.0018161892915558,0.7348685139127091,0.5897273412411352,0.26357010417084936,1.0993611174271973,0.05257830382341988,-0.5637597575324571,0.007579434958477349,-0.13502940858874446,-0.010527717637228817,-0.4885726069834051,-0.49556399359242503,-0.46147206647196104,-0.02789232297757238,-0.0546909568587447,-0.5971113397285037,0.06391379061113867,-0.43609257825286707,-0.5363551359801554,-0.0473118673427049,-0.6184777080478203,0.1333862770477447,0.3328868001547802,-0.3269379144612292,-0.1050977772103775,-0.09318255419353805,0.17838586359620778,-0.0546032775472749,0.3623334902165236,-0.49408484719808543,-0.06494301083009471,0.2028750522055962,-0.23709672231050172,0.219876139048368,-0.09696619955645569,-0.16844094259493628,0.05749462061362526,-0.0037095320089612915,0.47837397282763583,-0.15873671574936857,0.0398938595840814,0.5501751686400662,-0.12949069273911046,-0.12058287580799432,0.05117672149572239,0.32417328831192965,0.6268433028527489,0.11850481426603421,0.3288414739883412,0.15148620749201602,0.3245415169253203,-0.04497305249846617,-0.03356345800599281,0.08742785486576488,-0.34028512103396036,-0.20222796485163586,-0.05712914653793666,-0.07142965618178465,-0.34898346317482654,0.040932735269399556,-0.33639450055294834,-0.23463641838930416,0.38366670839247585,-0.02476006829421218,-0.2141759557074212,-0.31641466480697733,0.02044165858568237,0.3089482168798262,0.03214580113306198,0.3619183868083182,0.20478862950023913,0.14553328594745635,-0.18137392584084777,-0.000677893344335212,-0.18667120186296804,-0.1046578120236904,0.2255805525202409,-0.05517833234905174,-0.02121311218960653,-0.0007743231663484007,-0.047715928766072446,-0.0019870629065972256,0.17767671652845607,0.10844232514729271,-0.02434205477278839,0.0908489154860701,-0.24849126122117854,0.025262832548641728,-0.15510469292288576,-0.11308262255548374,-0.08028053256636081,-0.033179145995222536,0.11783678480421678,-0.0632869496644064,0.10555846221494619,0.032209560947627336,0.018113072268610725,0.024450709732641407,-0.0387226460930854,-0.024871586245278632,0.031011923546025888,-0.0563111672036232,0.03300380461376595,0.039801956693820806,-0.06807100284718987,0.016446658365088185,0.040454866681907786,0.019591261334721,0.018397958381493495,0.0057717324144214155,8.881784197001252e-16
eIm_063,-6.624174370000951,-3.320535993381133,-0.2546046025353246,0.6341318568716963,-0.3850353168270366,3.337188900666926,-0.7447378159711519,0.5479735929536167,-0.5134082416652467,0.7087508516164962,0.9496868907534635,-0.8280402167729923,-1.1611160882573168,-1.079146265274777,0.4968323357073773,1.5181403481158768,0.7919693389558555,-0.8909039432441637,-0.6933695072518342,-0.8930175536142849,0.42342990621651394,1.9991269642200469,-0.18122814737784076,1.038127287176821,2.0971295717986793,1.1264956866545144,-2.726972553789448,-1.628881354767235,1.2975678613444313,-0.21164357105311926,-0.3086441667274282,0.09514151124071035,-1.6328915430098803,1.2777273281314945,-0.12917161807128208,1.9284282143181928,1.5248880345781048,-1.1195670590197735,1.6514900540419102,1.9226984981053883,-0.22100184721669916,-1.6226775703494027,-3.7553926738321852,0.3413073448346555,-2.067869060599835,1.0425715813335719,-0.9859384023051707,-2.5192384255695535,-3.692128655387493,-0.5493689768960377,0.40026318428003804,-2.6195516056687267,0.2202709946769018,0.39923573694702214,1.4347399433287296,-0.7451414861028423,1.4619001248235168,1.0855980470359672,-0.9916376272999561,0.20147237975154209,-0.6102329569390995,0.41176788868375047,-0.824757204387413,-0.26993741340417876,0.32953735772609427,0.8151956494465744,2.8923055311287853,-0.21439342178617637,-0.019544925892319265,-1.4741293010144612,-0.5134658391456883,2.052569208339957,3.041772822672103,1.235840364542037,0.10966315261761972,1.0550694486354164,-1.7259618727861437,0.1164677471435368,-0.8234949423151363,2.4871055798717787,-3.7728511799412945,-0.27410938878280977,-1.0976173000191,-2.097909167644512,-0.49821950745338883,-1.1899347219191592,-0.2727024031611056,0.11000907061184417,0.1193105870356515,-0.4876845514570503,-0.5898425092237911,1.1806120652916225,1.012848369691238,1.7938070089264224,-1.617563539720354,-0.6176746539747879,0.8320400316876948,0.004987098462027981,-0.4346629679026819,0.6481152577694771,0.3181917425845087,1.0482270011404562,1.3734443921140294,0.7836087411628894,0.24712051901775467,-0.535040757303143,0.35325072527686596,-0.19371539017627992,0.014361876785172423,-0.44508186739791156,-0.3879825462035488,-0.9975002122404539,0.4504859983801291,0.27469033711393837,0.23017041870265142,0.45936084397106003,0.4605834029732959,0.022957672677097918,-1.2509611856797922,-1.0033501118436454,-1.0092556203109888,0.8393899833685223,-0.7156482492717733,-0.902846107104549,0.2255907212800723,-0.7518264048858428,-0.47607761566174944,0.6710061494843528,0.35040612660107473,1.1969314691206092,0.1628194629389057,-0.5646590153533397,0.8310834133661661,1.1297793800284783,0.7248580787336212,-1.052683254825623,-1.772968635842859,0.11995347822956504,1.1238072037767115,-0.14465902930896202,-0.4459421949214506,-0.20784000198937236,1.2882232697289107,-1.5599154054340114,0.03565771484307709,-0.6019871140446479,-1.2864367781056367,2.5288936413522825,0.34098643660421935,1.7088032591399134,0.47562329428206157,1.1638820575358495,0.03622383728647649,1.1369574560595077,-0.663213610245706,-0.25519926357746275,0.03973450001201373,-0.3928102264216742,0.9052502965937523,0.15814293329064322,0.6927903121452241,0.15378735742672134,-0.21733741210826923,0.3331986994453616,-0.08130946639518744,-0.01065892177768718,0.1540288743692837,-0.17712543076791454,-0.04852936296785865,-0.05269827681228745,-0.13928245293591335,0.16692323376857893,0.014151004427362501,0.07543097636483687,0.003555281216841233,-0.1526818420636321,0.07756501015039552,1.7763568394002505e-15
eIm_064,-6.7238224238931785,-2.7335210418517897,-1.194326190228971,0.9354328472717723,-1.3635671849568018,2.3682951383652586,-1.6296711882600374,0.6797565759280739,0.4485804942437245,0.24750573822405086,0.29272416268654344,0.06971168084629698,0.2765977657742754,0.0004087778850082602,0.6945151060990671,0.5577153952187777,1.4836310742628755,-1.833299961815952,-0.5605277083034381,-0.49482139670003067,-0.30298854245142426,1.1785571464066322,-0.5450724643630136,0.7230242776891787,1.9903321889669352,0.16871579486535193,-1.7210679037977692,-1.1623066895007372,0.7391823347909359,-0.06450610553765301,0.51674486659188,-1.052026057074803,-1.3194092820442989,0.5653013092462862,-0.0034312210504049423,1.5667511126870597,0.8725630051761988,-1.246026687343758,0.7025856841612381,1.8998776732644453,-0.1388461095236497,-0.6666034362855682,-2.0789329264042387,0.7571173712532406,-1.9961478446264627,0.17362381315800818,-0.7298292768225421,-2.781819935033556,-2.9252752208588304,0.4488323463615508,0.08007093306414675,-2.9561753760943144,-0.053978559708060744,-0.40291818835983284,2.0595820893838015,-0.5966386854295372,1.2835587153249053,0.8780404825227333,-1.8103299850312196,0.2279920416562236,-1.0222124579485006,1.09118465183151,-0.4809446372744961,0.08920427650811003,-0.8359401559325588,0.3569394455234141,3.482363187883269,-0.011652098344740125,0.632521540086586,-1.0608577855883394,-0.1463041894232191,1.6091639324202527,2.744001862485246,1.6824778469388346,-0.611325299617864,0.8456602840484015,-1.832129113936956,-0.6792191184530678,-0.8615048434054453,-0.3878304845303824,-3.022699367235758,-0.6425001446202581,-1.3295422622201263,-1.4878913051656248,-0.1114930943442285,-0.9758184476582079,0.7845829795401822,-0.26107130785536725,0.4185008062661375,0.12357718717575072,0.857051176634907,0.21799330073410184,0.11553401919827477,-0.6179213041671752,-0.4146062744212269,-0.10415230598486125,0.10935087298591073,0.7973849919298508,1.7994162143636174,0.10405092853989728,-0.5785897797326927,0.0082043315905507,-0.32188927727762606,-0.37971747865663047,0.13354008462888,-0.603032787407949,0.5460233513108366,-1.3467300084466518,0.1394848014659058,-0.6558993159497133,0.008123825166382548,0.2612953311802164,-0.8899114251201475,1.0203673389068282,-0.07013683919569724,0.026410173801737824,0.44099898920643443,0.11956902089171484,-0.8947788147051462,0.3168019482107736,-0.6564311850749732,-0.8462609022093073,1.1708028433200661,-0.42697390133805646,0.130381604070404,0.7657229624434831,0.06988555034150035,-1.421371698312086,-0.46512420322550696,-0.35464052486125963,-0.2264002540318173,1.008080484697984,0.09140575259015352,0.468808739530942,0.07372484780282951,1.0161965012687817,1.4209592175131287,-0.2546545061911936,0.22882459802934146,-0.5832164800186532,0.8086682770169229,0.4718539063175248,-1.0121219881394796,1.0782435740786185,0.757444467857521,-0.9212351818696065,1.6575932209414859,-3.0963861381148305,0.4910856699328816,-2.06279020495538,-0.0005888582656335406,-1.4971565321028262,-0.7990424181317348,-1.4713078796959627,2.0406321570265855,0.24455120170319322,-0.710817216421568,0.3199452650875718,-1.0861056604351742,0.08101930135673263,-0.6137422426380079,0.14610603771829178,0.24642291519347542,-0.3356097665874743,-0.1728617962100194,-0.21887681452947688,-0.06528788828808796,0.061058179417626146,-0.08179143096948005,0.03240371426168143,0.1300162100466553,-0.0982145174482637,0.009006181454345397,-0.05749005491686798,-0.11708360050135036,0.16321480293484192,-0.15954049030761264,1.3322676295501878e-15
eIm_065,0.08076758491806402,8.762556768917403,0.7420957663526349,0.663064275643368,7.583776924468577,2.893847560368945,1.6735423407060503,0.18032575674260376,5.597831420798676,-0.517009499528163,0.9812844430559793,-2.0527185383430373,0.8180984903343638,-0.8437022038334291,-0.018787340574042632,-2.1335145095295625,0.23629266994555267,-2.530459116218696,2.3872719887484277,0.3817904002399095,-1.620903983286106,1.2283716424249869,-2.1834396311333144,1.0911722425878496,2.0994299147983924,1.2149605732400386,0.1338441742386468,-0.3770714867862644,1.41721115576637,0.8301225935403735,-0.10076606075137862,0.8383791668547675,-2.226353645742345,1.2277868770242903,1.2250225633711087,-0.6861016584734005,-2.178433513312142,-1.3912593039879753,-0.480807078585445,1.7896833739415576,-1.7566118383990663,0.7700038470565753,0.20015739674954414,-1.4231066086470823,3.6197345816463087,-2.849113882843462,-0.08247714910933529,-0.11046828908192552,1.1568222686891951,1.0959329524540533,-0.24297067733320404,-2.329186967971675,-0.1171883351478909,-2.918683252424424,0.9722171201862273,0.055194496459676,0.4601334938677152,1.0015088024904244,0.8828231844744854,-1.1975119990178016,-0.5683401880085611,-0.07101225298944547,0.09274627634521138,0.8663042845328494,0.2215611998463416,1.0051643618605564,0.853893167401037,0.9585473701590888,-1.6134963113493428,1.4086195850997247,0.6498233343064872,-0.23846819212532466,0.28077780829417076,-0.9709876137197759,-1.365590204121954,2.791048552075058,-0.18339874606157508,1.8447156535251494,1.299848237196656,2.705152502617455,0.6604208076669577,-0.48372123467007216,-0.5851256724067555,1.1345015847946578,-0.6233284515247826,0.3470767071991607,-1.0292651583867907,2.1326921499375047,-1.7699170257633074,-1.9066482831357603,0.599250339615671,0.2636227983899059,-1.5010966177692913,-1.888498160076783,-1.1482168238475219,1.2206970369852546,1.7300712014877184,0.5363078546516608,-0.971578615019556,-0.6933202875900946,0.5140823204311893,-0.03630672435136806,0.7611025193700955,-1.3445965680530845,0.08886279567830468,-1.618711071075797,-3.01892823082285,0.7760423125495962,-0.35766840446587833,-0.7490433204482358,0.6888919563622214,1.6295149712817272,-0.9157298699302462,-0.05236969131911342,-2.233411725268708,0.9783934646143604,-0.6787781742569281,-1.9241274741262577,-0.17669756463391162,0.14899757752410683,-1.0311199383065373,-1.8829725937364286,-1.4536861630940348,-0.24884009234826698,-0.4591078999808942,0.43363485804013824,-0.8278907697082987,-0.5023743061660211,0.28223249402775763,0.6779749053130717,0.32040161722038896,-0.567176358739309,1.6936950489424678,0.33059069653383616,-0.14839259267344163,1.3773409587117924,0.4675744146707381,-0.16201079707037075,-0.035533884300513185,-0.05872092724353828,-0.5656930079969291,-0.747294543966668,-1.1072299894983195,-0.8182513441767779,0.6172423548287052,1.4766883058092246,0.012221087357293547,0.1539312637438649,0.35760810993852943,-0.8416388278218152,0.2503511931889705,-0.594418756894712,-0.662093845345993,0.37201352020168793,-0.9347738151848719,0.2694735335318813,0.0566046178797599,0.41443714649836916,0.42658871033238965,-0.2463922860736154,0.3281616724349745,0.23864758331935532,0.08287954258002228,0.047614508262372485,0.11697612078328712,-0.06065719844296119,0.09932488803432904,-0.16924824083679124,-0.01877538748215353,-0.03851817566322002,0.18606206409048953,0.007714194350496528,0.06709241457249915,-0.09833995320898081,0.10530817465011044,0.048593597737930705,0.01699992349316981,1.3322676295501878e-15
eIm_066,-0.6061427924966356,9.619530349292903,-0.44988786540569947,0.9028030074719888,7.7378458056077,2.036932704664994,1.0596929517974303,0.6952916288471649,6.054277199287802,-0.4877431145383889,0.4793822642799164,-2.096804787658413,0.08884685891172095,-0.4842623779105728,0.9580711963464488,-2.3920694303443546,1.0383551623703446,-1.1219786949927169,2.718722699700378,0.414732089697731,-0.23521523745388973,-0.4461210924533222,-1.2079047866227628,-0.4251731035502343,2.058308150565976,0.8192491208238821,0.8870594048064788,0.09703743124764888,-0.03581348219119962,0.49665584494315396,-0.5363884030438297,0.7561382098032372,-1.0145191489962233,0.7944171047641588,1.1484786889959575,-0.1433995176922076,-0.557212306578104,-1.4814115024263859,-0.521324360310632,0.46492606472366016,0.15773613483129426,1.5189449994282007,-0.8525423951332216,-1.6055083709325735,1.6205041446098978,-2.172214505672808,0.13569430925654197,-0.2529081054827784,-0.303501028920781,-0.5129933974253859,-0.21296109678924446,-0.9318131296385825,1.9207977652297996,0.49659371921134565,1.1120664921895334,0.020002579674658127,0.5121076540264472,-0.8058264500994496,1.084873997734642,-0.06708448308946706,1.1362547415406627,-0.2537727344045261,-1.0782605861056767,0.08482459967842182,-0.46142489991862856,-1.1869422395830647,0.9101217537904873,0.5989834007383241,-1.4734354672565766,0.8565776415572961,-0.030827004094959642,-0.305642206909233,0.18750854380032617,-1.169110354500427,-1.5663073618634604,1.5788782299088642,-0.8502205290694236,0.34511940192903057,-0.638958081811261,-0.342883779898018,-1.669568349133904,-1.4997210845283635,1.5571774418919915,0.33223551963705755,-0.8571996842482461,0.7696841233257006,-1.907809697132733,0.8980764215918983,-0.05134946107841498,1.6603245026779634,0.40207850928225153,-0.9828495422185143,0.45342552733561636,0.17993440106503422,0.6694180600075066,-0.5215057150986125,-1.1010340989180816,-0.1650834836722192,0.3021907755881974,-0.9713753439893915,-0.9792506586153825,0.6536841148172194,-2.9023330911681033,0.274907044278097,-1.2238685031217607,0.8903184919183577,1.4153564589875536,0.09147293758793265,-1.2516984637751458,1.0251362480159527,-0.15828527351103772,0.05100168670770877,0.197361746454863,-0.0945609549198105,2.3781032976597305,-2.2342638183341084,0.4532306976905697,0.7177645967592499,-0.7673462106317671,-0.02752010496038232,0.3506683012796472,0.6230052737579821,0.6629069976092311,1.174564415527919,0.6512743222248666,-0.7304480820573521,-0.04228308576756401,-0.32528434225267633,0.3504986691664539,-0.5193996003917187,-1.655929509680838,0.7700214022351226,-1.3957906462930498,0.6172922203990431,-0.7915639716127024,-1.4741583364279414,0.945428835035266,0.8151748352317936,0.43327338282694267,-1.6053087939504818,0.8564541290171015,2.521531489526343,1.1426855071534976,1.0075392820285516,-1.6678567868254772,-0.18138518451060637,-0.7223859443095253,-0.6232148261703558,0.4077733028021554,-0.19988988981694056,2.000064019272459,0.6139684636912444,-0.4232265493510339,0.21345338386092,-1.508086599982629,1.4315931931749641,-0.1892308128264193,-0.1859024616515168,0.6730173402182911,0.11094400824000994,0.043896605533599864,-0.07244238148814908,0.08455545177579288,0.01694265709194845,-0.15154695834289744,0.14236872722598037,-0.047962141555793814,-0.1166695942330962,0.08835169503177948,0.30000414987453117,-0.23795522663000246,0.03658113709323457,-0.039549451645107814,0.015474558070742273,-0.12217801310772403,-0.01602635243474204,-0.0693479250770801,8.881784197001252e-16
eIm_067,-5.864681064584168,-1.5713082548057586,-0.7054382449220569,1.683771359771976,0.06517924273373321,2.1350059795513925,-1.054877535940138,-0.25122201888534335,2.314677702773727,1.4857860982751592,-0.02482762853499415,-1.4669906353835083,0.27776229952007625,1.0656508655633603,0.4150589723313721,0.6965733510191638,1.0986451782282785,1.1055075484170114,-0.9680821324652809,-2.549689561684839,-0.08634274017182864,0.08188762063100352,-0.4016483153856829,-0.19025049533610514,-1.712402038935236,-0.3797748898678436,0.294144840519566,-0.28953513238154005,-0.9062153371563281,-0.9141882807146662,-1.4888148816829607,-2.4150329370177506,1.3828689201891593,0.4287531544074524,0.128608135375676,-1.1772210581342344,0.24155352593592772,1.19809099516784,0.4378337231279248,1.82332054402038,-0.6988464155756333,2.622302484607772,-1.2010408671345136,0.32138767626798054,0.3248015209438896,0.8064688357848688,0.03820512385101932,0.6170417073878854,-0.006803126429109074,-1.8319891164584199,-0.23402636395158782,-0.6522287133432286,1.6214372127828531,0.7682985826811981,-1.400473752545808,0.2812718952353186,-0.7546056967982095,-0.8759040840607706,0.9223175281976106,-0.01135845958693964,-0.5890302764009435,1.4628326977130222,-0.5405914391328698,0.32802516324667996,-2.0385522823644067,-1.6954498505570976,0.524898698522547,1.1791352990965145,0.42968253062739303,3.2969213530501453,0.024055657978449885,-0.6166284309954843,-0.4353952081239949,-1.1602023414333256,-1.1683759015349242,0.3594923304452893,-0.2760152688914907,-0.34329291420853236,-0.5295066573220868,0.36080838041264834,-2.1532867614483715,0.45010362208548094,0.526731080063594,-0.7180248129025577,-0.500547581572599,0.7107140322362793,0.1313706332233204,-1.4766861634289423,4.73017704541806,0.6131819410766777,-1.1332923026157247,0.934484441898963,0.6677001832866725,0.7325757543644,-0.9146920758621158,-0.1590277941366296,-2.433699285873205,0.4578865208191589,0.1701763158318872,0.837913955579114,-1.0672557966071239,0.34633036260453753,0.990647752603379,-2.066161945179694,1.5030459129412592,-1.2062578772392618,1.5591457846059702,0.24473513858156218,1.443064716122573,0.5351953200783957,1.1427170328647316,3.356882308025404,-0.5043280181654451,0.08218086453924499,-1.488769977609525,1.8432943954902061,-0.5115116375094098,1.8642721947056469,0.3841487893676856,0.14886066276320836,-0.5015563531904709,1.9691360241767342,-0.35626928940243086,1.8963128531375215,0.3755450354703471,-1.1282928601683042,-1.1911858000625652,-0.29378468806934344,0.7465539326320205,1.1430687044924834,0.20191168063754672,-0.0781278308105563,0.26003721820087544,-3.1921004590671638,-0.8329803872136753,0.34896231268116606,0.8326857289783365,-0.934737084467405,0.29037877182055977,-0.9106696823182292,-0.7663627704138627,-0.7191230210062508,-0.32955282432669175,-0.014435827804922696,0.03525206476941997,-0.052485934678942026,0.8952394851636036,0.22696172960117178,0.5809976024221696,0.6581312532759791,-0.8065570768664065,-0.785681013621917,-0.6145552428194401,-0.3989527721220728,-0.9476378068217275,0.01955816684923939,0.03702049424693832,0.29176225153524227,1.0627156448644994,0.03778264412844812,-0.16208498054067988,0.11823050079688957,0.12895038571584805,-0.09799415069205883,0.4141729085586259,0.2934782806444073,-0.002130006474995283,-0.034875721801902515,0.006062473781382277,0.1553005343577898,-0.08324879787767503,-0.212696705950214,-0.05590738471299184,0.09105520228686426,-0.015539174308349613,-0.0371955335008366,0.09012745199225913,1.7763568394002505e-15
eIm_068,-6.843117304048931,-2.7187577134928014,-0.7221433501927987,0.7747862321138967,-0.2519289128738196,3.585126689923187,-0.09232504014432419,0.5224096828459865,1.535907716172332,-0.3506463439908668,0.5548345621132071,-0.8629713255309446,0.21555925030080347,-0.9586226286532669,0.3884923189915179,0.203401081384051,0.8598506672311065,0.9426946203497348,-1.0102438290762747,-2.9308697973194193,-0.6464860200383793,1.040921088054569,-0.6282936425357146,-0.47033854045470963,-0.9088249601396632,0.7791340617390319,-0.49484081807855074,-0.01504313653160913,0.5086906734415353,-0.5017999464684151,-0.967404947331089,-2.3844823310171837,0.289150570075392,0.21847517044967107,1.1255386591116334,-1.8179723501689027,0.1995187999597432,1.0180432613021513,-0.3870953112467147,0.39641402800238157,0.1357400215316513,0.6723386241582012,-0.4615411181847476,1.481925816253713,-0.5276720851859878,-0.8840709693993066,0.060747012837969294,0.9697008377632059,-0.25255562602571013,-0.1392580434409455,0.14513858754083414,-0.6648043678558719,-1.036439848217348,-0.29841983692504603,-0.1915487194240657,0.14327255373567427,-0.7713495486359805,-1.2890054859586026,0.7490043836161104,-1.069071319188972,-1.0603787866124068,1.2170415620561947,-1.2947499175770931,0.6963874771438994,0.8381172431066068,0.11546718496150765,-0.28686021244245374,-1.944035664210675,-0.8076048144426027,2.445701840097448,1.6146973139854055,0.3893895447228765,-0.6080992194170681,0.28738104115165697,-0.7860446331455216,-0.5998991332842789,-2.368416445423075,-1.7183665999870372,0.7104259124492547,1.317685802664619,0.8771582350258972,0.8984860373797129,1.7464149003916931,0.05722276120476222,-0.7434377601035447,-1.8943873623453686,-0.04941379692140746,-1.8491792325218102,1.4716618273892261,0.3546567958860761,-0.2682689328861664,-1.5273463628301691,-2.1976031132570433,2.8409633687009856,-1.112359521870682,-0.14439187521186891,-0.4554052776115547,0.6066567178187852,-1.0815700074808536,1.3113603903839244,1.66001000806757,-0.204127893371025,-1.6150295340173617,2.7496781865288558,-0.19101781377367077,0.342662744468448,-0.6489947262572904,-1.1183660834662645,-0.3203409565518469,0.025563112351572048,-2.108738350797026,-0.5295088904248724,-0.6155414889301275,-0.05568830339979759,-2.598851102530093,-1.978567068805954,-2.542218949621881,-0.6471679985482082,-0.6887152348284503,0.32147094113491187,-0.46682416034518137,-0.9721172254628554,-0.7774615843183883,1.4716780443679256,-0.7972436605655631,1.3289712732227188,-0.005158010437244398,0.7092733109614463,-0.9127477480986381,-1.3715883537518785,0.41031005773741147,-1.6412308080419618,-3.691526379494089,0.9109900513513594,0.26473573525342664,-0.029709802513249617,0.7362018708166744,-0.5498711952129487,0.45319080935159956,1.3141154091250613,0.09677839139619615,1.145051232984009,-0.7753861524914164,-0.685914438609783,1.2934803124395482,-0.4987126482616071,0.4011437607775632,0.7630611796050587,0.46347156296886904,0.12999594141595505,-0.32420523486382585,0.02220799355479386,-1.144843667880603,0.9045504171953883,0.3057858450474919,0.7966732608079607,0.3225402333879306,0.02004550664024851,-0.27544330486932045,0.043535825436508135,-0.3729590166618715,-0.07342738061083609,0.12067009774066381,0.06636468521749397,-0.0925018963346651,-0.015326765538517195,0.0018868958594011609,-0.024742827164656922,-0.10364556983736878,0.05223752199542475,0.12180977622438593,0.19121463227599828,-0.0964294544248363,-0.07343374883570286,-0.05711364034004918,0.024406492997369855,0.0010521718308060812,1.7763568394002505e-15
eIm_069,-6.428214386198821,-2.95018272068605,-0.11463380171878193,0.8218343416809013,-0.6915459621151294,3.417099213428518,-1.2532659275841747,-1.1980620811753984,2.2507866405838874,0.8098882443425042,-1.911275389820549,-1.1059584519654788,0.6348473176175713,0.1613699285227188,1.0044780567080969,-0.6002196437140428,1.8800547376131622,0.4054489161251196,-0.5717644912903266,-2.1524272077364994,-0.6224753642615617,0.09861331548897201,-0.038487717562510015,0.3013811053712007,-1.9665941441126669,-0.86943633274612,-0.36061016117888545,-0.29688088996551315,-0.500218558247879,1.126709572126453,-0.522101205804015,-1.2544462700033148,1.108752194372054,-1.5606932056922764,-1.0081315374517004,-1.4687246224942878,0.04405110537206036,0.6087483279591313,0.8754810227935319,0.132058903244352,0.26339756425715083,-0.42152449950142934,-0.3168981870797238,-0.7675253088033279,0.31532577948045837,-0.1742519934324801,-1.6688820710617176,0.575518674670611,-1.9292508436814884,-2.1839449643158266,0.3808389441546481,-1.7526787097810408,0.48430008356563775,-0.05313159460611887,-0.5635220445701123,-0.8573650063870836,-0.5558317251425062,-1.297735576731485,-0.7192674038866914,-1.3759607208739462,-0.8426041415503155,0.007393512440781125,-0.6619561308555079,2.831210549288122,0.6645926581146369,-1.1566071712565775,-1.6588882852210642,0.051209435733766684,-1.7785158641071561,3.027355382516811,0.3815782682306925,-0.8724927828365868,-0.2530546162790521,0.3746964316240805,0.3783989963308443,2.392436631475272,-0.5341138374724865,-1.928995829717829,-0.07395202931515316,-1.9366691213959812,-0.5142068993614806,-0.4922919146036265,-1.2595297640409284,-0.7053869244458073,-0.27705544121107106,0.8680475748864673,1.4300575771057435,-1.6420635476616434,0.6406768015187978,2.7877862891826997,-1.4813173623207934,-0.49653198779846386,-0.5624377819076901,0.8336929575529127,-0.09290758910971808,1.6836071237428,-0.9008702767653085,-1.3929297938804925,-1.2766930606716114,-1.020359760020985,1.3277119448359684,-0.5679133430198977,-0.4057173041570673,0.04839697101879864,1.3972116845773859,2.443813158587098,-0.11237712845875772,0.6788023477107509,-0.9529328246753183,1.3907348441311567,0.429422750551144,-0.23956117621870354,2.450193745851909,0.14911720395354705,2.4924315957727843,1.537964834988116,1.8425540653577108,-0.8835755106164964,0.2239253960674883,-0.24278902466763214,-2.2641116978842564,-1.9717663696287564,-0.2244381300902858,-0.8510221263594508,-0.8900983969045126,-1.226135916356875,0.2518753371023532,0.6183117671261714,1.581197896057301,-1.1192337742825025,1.9414429904451178,1.7284079446594431,0.9386598168992002,1.3033768784834352,1.071845626213163,0.31571233682876865,0.8041160601462487,0.7240840407070217,-0.9783037157884931,0.8918015249917645,0.2639290850638827,-1.1916452940024413,-0.795970248964247,-0.251330475068542,0.7473268961033179,0.39658170325697084,-2.106696109528665,-0.7642562203087846,-0.09334754052919914,-0.4678481185870933,-0.17970190830353455,0.3002317432919446,-0.2766712725205973,-0.17380190946483326,-0.532355832609766,-0.1442824978493532,-0.4885008639447692,-0.27055087075410444,-0.5282525351068665,-0.21597149842439067,0.308410837875325,0.05956245714893283,0.04251012440547362,-0.13508406206334342,-0.03882152747897516,0.022637293790108315,-0.06190448629751599,-0.03451738988342429,0.04692362592892971,-0.030798903969855296,-0.1777848254399852,-0.028795025336875557,-0.09735374555422438,-0.03801092805324635,0.03751861349507912,-0.04010882092538559,0.062407589418201015,0.0
eIm_071,-5.668646127354599,-1.5296510139767832,-0.3786470532323831,0.28272332600939887,-0.6232602346516778,4.269316510092407,-0.16257977966503,-0.4777890128878185,1.2829881788766517,1.1082089184553694,0.5842778561845527,-1.292659476437309,-0.3264440280247404,-1.004303947223967,0.5156977541546321,2.181973945012428,2.218311976918709,-0.09631453178108296,-1.5173546745797402,-5.3593960593777235,-1.4166648559124613,1.7929916182168073,-1.1828579254203755,-0.6146218521878668,-1.6300407924216063,0.341521506133607,1.0338984990507223,0.4123303696588376,0.35292571524276867,-0.38857413304411037,-0.07126453644233144,0.14582807909480033,-0.5056934750412951,0.8918095693917245,-1.6972939018243776,-2.801040152667487,-0.8816016858498315,2.225981706828584,2.645358949508176,-1.247743742051907,-1.46884543700498,-1.3328489616074948,-1.9228979381521694,-0.9559229461628239,-0.9216367364128207,2.4465610656084773,-0.14771438539772158,1.4336928766363115,-1.4929346557550995,0.9663580969955664,1.9932936186229415,0.8679516996872595,-1.3208943580045036,1.013058398198993,1.3309282019326998,1.549039980309667,-2.736332799871444,-2.7499762363142115,2.406306047657456,0.6938051259581659,0.24404986344935653,-0.45059753023961346,-0.7956868622579358,-0.31727228400793717,-1.1657553023697225,-2.1859858323899806,2.5851943272031277,-1.3364912347203513,-2.1345909283049,-1.0487256351342935,-0.2953550447615447,0.46348029610845154,-0.32385627318173227,-0.8907450497142713,-0.5878215220427978,-0.7123188907731364,-1.1548526779448198,-0.46598155927216034,2.613483527782797,1.536919050338098,2.3280873593856732,-0.6142900417566609,-0.1614808880120175,0.20226890131473674,-0.1888603631300667,0.5686825406605728,1.1072614115284936,0.9906883824905295,-0.9728052780981407,-0.6718801456144896,0.25313064676524555,0.009239860909249109,1.267610381542866,-0.7946851644115487,0.34645305955303063,0.14263401745089888,0.725436260616514,0.3032438042388986,-0.2943125964815525,-0.2663066175149349,1.1272146275864985,0.14059299827023686,-0.6676699883292186,-0.4959040438644981,-0.12970381386350827,-0.5485195935791313,-0.6099258921154421,-0.7749623312802916,0.539434600257392,0.11755293365737635,-0.4211736562183148,-0.8178512282137451,0.24990708171925377,-0.19477727532460132,0.5131324989440289,-0.5744295706542,-1.0733662178689698,-0.6024525983109583,0.15405702857447223,-1.1505791100251879,0.34968501583899164,0.353222630129292,0.09166502714751734,-0.4908141358638658,0.5263192278299036,-0.05480811329182245,0.34078665120682183,-0.7438344322626533,0.45572249909382,0.7354233236947292,0.280602795330561,0.15240277721857798,1.0103529800869784,-0.7807096456456426,0.06665396400729928,0.6382067564557905,-0.5471890229642026,0.5876971845388868,-0.39485589306205243,-0.42194386555214747,-0.14274775522996563,0.40881552640482044,1.082824831122391,-0.14112869959938978,-0.369883062111246,-0.041625422495995656,-0.40566357797459623,0.23379886039275288,-0.07513429018988887,-0.2812417495730115,0.6263474903939097,-0.39689458618101836,0.6334189744583274,-0.9190384879259007,-0.43252237903212026,-0.2782002427436027,0.5769483531033028,-1.8723666283736782,-0.3037357078134453,-0.5159947549045647,-2.674582286084597,0.5047805834654132,-0.6732525642723235,-1.8985026999491568,0.682990765543622,0.03885161400969955,0.03428959587840941,0.030239005996225532,-0.03929704277117052,0.11474009704104837,0.14448731340122678,-0.08578397321164438,-0.17719517892036696,-0.27728360024891674,-0.04892776915704122,-0.10815535132111176,0.00308707490673521,1.3322676295501878e-15
eIm_072,-1.838992093240721,-1.8492169535241194,4.0350868415045,-2.646358903707009,1.01233358433763,4.395762704297447,0.7545102179985969,-2.8800323564315047,1.1087601607273663,-0.27360978606685327,0.16957646306061636,-0.44682054059580123,2.0244219861385857,-1.1724911185520086,2.343435023749143,-0.11895943817399868,3.1335336742444144,0.9983447502811862,0.9631611848101416,-5.689000297347343,-2.7792066432951996,1.020208931659887,0.9394667901697794,1.036782972481568,-4.669575012259231,-0.1691946181915337,0.08299132352949948,2.655954584128923,-0.6228112747587858,-4.103165036884138,-0.6839950439685825,-0.810845233980287,0.5777865861694154,-5.939724372219911,-0.265133416508144,-1.858236429875294,-1.675984300411074,1.1471425794011303,0.22783342119276528,-2.096040365494792,1.1887451169990317,-1.1865519770134227,1.1416507954662876,-0.6364177099645375,1.794185153699214,-1.5500625274262483,4.853262122105142,2.1153904860927195,0.8358483599323769,2.256424017169126,-3.7229403576002227,-2.769881951903922,4.052140117582266,1.0156633479794137,-4.557185352244201,0.4206228151149227,1.4072101369889949,3.9373156165141405,1.985662517422694,1.2777641016260468,-0.5581792632395713,-0.06217485553712565,-0.6841393177154631,2.0199161191745176,-1.8959602349827036,2.7203361490897437,0.015938759678484266,-2.0218232836731422,-0.9550572075283477,-3.47119474326144,1.2395435386980054,-0.13058051018429875,0.03870781402772716,2.857763447004303,1.408287819080724,-0.8495633086261019,0.0625426715408291,1.1243444712747084,0.7970806452901325,0.2624817454902305,-2.9947101008246757,-1.1937776193187961,-0.34697278938292814,-0.11988711319879308,2.641664201070796,-0.16758520844585117,-0.0024202524623271326,0.36364192726693645,-0.01809527624389351,-0.8513530592874466,1.3200954097536417,0.7083231423970835,-0.054868413974808766,-0.31331690900085307,1.5121822322503187,0.1723643347152064,0.9481335701714366,-0.877461599984517,0.511793605008667,1.7262957367445375,-0.562322637103906,0.5625314733237212,-0.3522389605189714,-0.14714194312181333,-2.0798584839015026,1.1303673986863336,0.4304517769576863,0.770302727484149,0.003265978765469635,0.11470777369428059,-0.294757980024443,1.1884827682891708,0.587765154384948,0.10632262590322887,-0.7738483366118712,0.4784107780327922,0.1754817664441144,-0.21122355231944034,0.0648603286137428,0.05693902575705351,-0.2486613250634474,-0.030264972420888547,-0.07610312684205423,0.43864024873020724,-0.10631362951238343,-0.43196104374006117,-0.029088487078210212,-0.18279069945203774,-0.08027380517436544,-0.6227614512762512,-0.20405336351876602,0.22820253411422864,-0.04374211708816536,0.3291344705662281,0.2075574998646682,-0.11161455304315537,-0.14304808017514942,-0.1364601450797734,-0.30511028578072846,-0.3824637434525573,0.13186648788986854,0.019577873929562672,0.13011219196041401,-0.1518000678307202,-0.06698041026116844,0.00684490335571436,-0.049449816502732113,0.5282554367901852,0.3200707602312469,0.17386289785159703,0.050018391625813535,-0.04066986531159378,0.07096516634064387,-0.1734457612433209,0.32979616227866354,0.044903594766501076,-0.3445505888135183,-0.02510179320962702,-0.2487463261989762,0.15603086423503187,-0.03753230336585078,-0.03911662203057913,-0.20217483390512148,-0.017215054525099166,-0.14892928486672496,-0.014107594772866217,-0.018230630778153567,0.012851098809350536,0.04202929849246306,0.00976694559558866,-0.009482060896525812,0.156268929163157,0.019636051775308694,-0.07728015652045905,-0.06092660630283564,-0.100699351818903,-0.01032921757956684,1.7763568394002505e-15
eIm_073,-4.974183174374499,-6.178247829492803,3.355349945413269,0.4388499448466998,-2.3119838805552986,4.227364383288633,1.659241670945014,-3.6001286811223396,-0.4347233147077595,5.107393278422351,-3.0710319854724455,2.52446723209217,2.9811242127751725,0.7549199438211169,-3.529268317255959,-1.2944557373276335,-4.076147588611522,-0.13651412205869806,-1.3731190792825472,2.6783715532315973,2.8570085139431827,-0.9194120860769185,0.567501709044892,0.5237127091401528,0.8402172627736946,-0.17452368846221578,0.8668943011462698,0.549524243477255,0.02454376756024257,-1.2537645554198569,-1.9888572574146555,0.5166097581987033,0.0867147769809744,0.8563146016483771,1.9977303860196671,-1.1994513077179716,0.1592505696646458,-0.06668496768070725,-0.04832474434316514,-0.1503598770872283,1.29695007174373,0.26720021039686936,2.8931114291418285,0.42000001195095926,2.101843002381631,0.7932671855628245,0.038678437390035125,-0.8298593286445948,1.4708096670575705,-0.9314984917665282,1.8442109601453478,-0.38112043340284807,-1.7491922580381927,0.07915866645421445,-2.1432001477321085,-2.855998866777635,-1.3261564110302633,-2.073525438324769,-0.9750472707840139,-0.4547552011135046,0.3620492884353712,-2.9719381216644645,0.7077732839153918,-0.11771114033205077,-0.16973291896649334,-2.3047726912880724,2.4090023480695706,-1.3145542808260202,1.7672992020180878,-1.008591300174323,-0.6210690073073457,0.7041583037605802,-0.9769491962444006,3.0696679805356886,-1.099699030726331,1.0924754824939158,-1.0724953363333207,2.3420716785831797,0.22903081827906585,1.5128688182967125,-0.5113273895364838,-1.9181249828882314,0.6367638910970121,0.8036879839197606,0.7155449915131199,0.4144537423643113,0.6919693596463097,3.3322746841658843,0.23162147426805807,3.0200812670470643,-0.23297662941644173,-0.3459417691398884,0.16547516650719696,-0.41284969098302415,-1.48722028580083,0.19724746073466237,0.6835387436637909,-0.4554399317517824,-0.9955685195831732,2.9047619287615687,-0.19718491232242708,0.1391912002490468,-2.025779817940017,-0.4947998982133411,-0.09166591474088703,0.696926863438935,0.763936674788246,-1.1095747271864755,-0.38862477014657115,-0.705566683627812,-0.8755684681002244,-0.04727932328319917,-0.27203334142038904,0.09538586489689192,-0.074748920241,0.9969586944138178,0.08078670866153903,-1.3020336213438795,1.0827309696961998,1.0368438341512054,-0.17911688595695974,1.8056372781037329,-0.6123038580262747,0.01557615585714145,-0.3969218732316535,0.5882216005201318,-0.24679072440643002,-0.38162171960235,-0.7653957544576184,-1.2183337492785649,0.3421295623552929,0.6049299190752804,0.5550428447675722,-0.016792633676168272,0.47314278924899955,1.249058379487123,0.5886325172089374,0.007683169203823559,0.07954124794425632,0.809480407705548,0.06823326830913623,0.8800564234701801,-0.32890256890877595,0.05858438864294979,-0.5809405242236969,-0.27163025401397,-0.6301952074620863,-0.030299216145797225,-0.38957074736172,0.4798593608772017,0.7810635505034911,-0.14672801182154516,-0.8794935768653802,-0.6104824427238353,0.7110768454683851,-1.1020637534995679,0.6287155995967977,-0.20344450621815613,1.5644253536731398,-0.07456684402690472,0.47429814840629025,0.1671495045119643,0.31616338926668924,0.17188085532662692,0.51387019989432,-0.22112368070906296,0.041194521474002155,0.14448569333815375,-0.1631954135019364,0.11409775668648336,-0.11205068515531069,0.13288534316342865,-0.06268784511191794,0.10336089573752427,0.049149897083638816,0.07756339071303586,0.019687700161321597,0.0
eIm_074,3.0569843617576336,-5.025632829990322,8.506741063819044,-1.976453679676501,-0.267890291250118,6.0874843621811845,2.845075429827669,-7.290309586182879,-1.1003449987298715,3.2744295284839713,-3.999838762979701,3.1422029697152967,4.709214566922719,-0.42802717377207233,-6.968562282141196,-2.0398389891485764,-2.466769582574181,0.3257805267629823,-0.6008659287030496,3.7417000800393017,1.1535621888346697,-1.4396001179177946,-3.5937469164139886,1.1521648169996521,0.9637094596768649,-1.1716965357319558,2.6806084922496685,0.22774473767597084,1.2152741027229315,-0.08294635756062019,4.690978930540611,-0.5282199906598717,-0.046543144698827144,1.0069053752140646,2.8717580960569524,-4.272805012340335,-1.4282380660355363,-1.549678900572966,-1.5932225238731421,0.5419505153376154,0.35135809164210724,2.4795342592793954,-4.482801903060328,0.14495295372867167,-4.049488711002193,0.03457258849455115,2.936626771955921,3.3404349412647605,-2.561427040465044,3.251894120861551,-0.8266428400968004,-0.515525251548993,-0.8483554592279658,-3.4149853596234436,0.6460368351881336,-0.876926212324644,-0.9511778710905108,1.8132706558218463,6.531725862152793,1.12994038558282,0.2427981159083742,1.4959528331561107,1.687768387609062,-1.3904266926580422,2.3748932360085933,1.2629202075927655,0.6710185089428531,2.1011160364902706,0.7421431971257351,0.7131404757691147,1.0168756317935082,-1.4322424490082863,-0.9088788860110191,-0.861181111557852,1.248921025276968,0.34712262308351294,-0.23099541396924955,-1.3681719002545918,-0.39285040854459025,-1.1368105740706023,-0.3303967605077731,-0.05732708097732098,0.45717453987387885,-2.0570726953811365,0.7424079346627527,0.24636649162122415,0.17358053923675665,-0.9560306811580803,0.6354684492139848,-0.5210867615223084,0.22480340225245046,0.24409315157503975,0.7711371173662617,-0.30888161979102635,0.07569331774970467,-0.31961189119838473,-0.4105552210605874,0.42668755217323345,-0.747641790570593,-1.2942334189356224,0.06835227460896769,-0.28379492626306974,1.5850821788160865,-0.32392130301036076,-0.5714452642302795,-0.15558586378633463,0.25440983836558273,0.07140900467585423,-0.28110424441191373,0.3850137608497919,0.1761570391363524,-0.3070381360848977,-0.3840685329992609,0.427370232952531,0.680322832089953,0.3946519493595135,-0.19550575437462342,0.10880410619279557,-0.6306422930195384,-0.09762746578862841,0.05560050422676477,-0.015067855779048234,0.714628440982083,-0.2989427901565508,0.17746114273018976,0.2682905903608529,0.5097742887474335,0.0007716907869513845,-0.06289462346377928,0.04633832462007481,-0.17880273866045515,-0.09780738013816448,-0.38038857060820097,0.2729991197679534,0.1006314221914214,-0.514126027796548,-0.010120283119934848,-0.11744934396230017,-0.22918269443985562,0.3090108279723969,0.10080900803910398,0.0783769357480083,0.0850366781320473,-0.3171438933231613,0.22224844497537086,-0.04389076318737839,-0.5100031393874385,-0.11240776036829081,0.22794901452226457,-0.07111880108120427,0.36262930598459614,0.06053518584345752,-0.18071683946149775,-0.26458291528865824,0.13564134543987685,-0.11476082604493598,0.15046282716546733,0.11568992697500391,0.12262954862364506,-0.18066586040297428,0.043063341317403525,0.10698360322565992,-0.09807751685745714,0.05618741456038914,0.09167363290244412,-0.004950198780041881,0.02258003558106836,0.05451533627229643,-0.04432422832372973,0.08138239465195984,0.0017138270650836063,-0.061417745985306194,0.01715977151040704,0.0006329118580075122,0.032094707180869486,0.0013425399125935877,-0.02583981840996319,1.7763568394002505e-15
eIm_075,-0.11468347008816693,-5.588779696508507,6.365951762815725,-0.5235172835004693,-1.7031096742387926,4.697559727386835,1.5480576421328718,-6.559700974869809,0.8830256131795405,2.7000546058027837,-3.775060775580797,4.129164076948956,2.9496590344194944,1.0501444874550723,-3.5750663715107978,-5.129016160174448,-4.514328171298637,-0.18686281182907516,-1.3134866322413585,1.1903446746939335,3.259297919984111,-1.391715622651279,-1.28697256106714,-0.3801308138884762,-0.10560665327153029,0.3215459018451643,1.6853106896177636,0.27546923035200577,0.5070304574323645,-1.9388911726849718,-3.866872545340942,0.8871059166300509,0.11954766349621204,-1.1895529575620623,0.22826227594767529,-1.4201383035521171,2.5616259900901985,0.6341571820364258,-0.30981445930058127,0.7002176605966214,-1.4188552205642686,-1.299120766873927,1.5338021178197603,-1.4425798689715177,2.835625289357122,-1.3337647108511732,-0.11672995284922599,-3.196524140278707,2.072906411897983,-1.8853941594712782,-3.935490664773927,-3.58027753909767,-0.5067895885246663,2.846022901130464,3.7592242987145097,1.474449600109107,1.3290503599324688,-0.9744530374958917,-3.561158044931529,-2.89292749824627,-0.2720049961603309,2.8824852534702123,-3.963864918004849,0.12666283596881822,-2.3905794951536703,0.9750450174339892,0.3407459098503997,0.17393547515835728,-1.8395939001886665,0.47851288094245265,-1.6033967523522492,2.0839085140396385,0.288111413926333,-2.5460659475517926,2.1203537807292885,-2.3555411792670222,0.8201191217598576,-1.3156158792503987,1.2769750700950588,0.015489125120869196,-0.7690494248888244,1.9205317407620224,0.6164045430416791,1.495143947726751,-1.1641451534981875,-0.05491190290215886,1.1514347335324036,-1.292241174235146,-1.6455570214901054,-1.2613717393424744,0.5580926583192113,0.3079822168452234,0.10419078001033338,-0.6245399536208589,0.9211794065820923,-0.5148256959177065,-0.3744695155926143,0.8265373675468192,1.26311438462367,-1.4547708220288091,0.3423437376833106,1.1693278287840916,0.3853439099213124,0.9549354430567234,-0.3302744449211702,-0.764606682609781,0.38439173850000574,0.20367939470364102,0.8934252263053402,0.43272182911277746,-0.5528202100935823,0.3669222349986039,0.34121719458816935,-0.7550978322498162,0.14482007482362697,-0.5377170018918969,-0.6387685264189773,0.011070600785576756,0.8292111748783403,-0.6349599664144983,0.04178202846449497,-0.7755382738426877,0.48255380634625045,-0.3309174937087318,0.06894180899218993,-0.6133873831748121,0.2599068575521657,-0.6205517600974708,0.49250911275578424,0.7802795476325706,-0.11999360586519958,0.4650248010497904,-0.6115299368172915,-0.4502159495664517,0.21993677447464044,-0.1293096896557071,0.32655750966960184,-0.029197629854053775,-0.3372023624691065,0.3372031634288354,-0.1747724186009958,0.05168639211608361,0.19789288636026925,-0.10174448472913877,0.028749210869966374,0.22897627839302442,-0.1943858290684337,0.2605604654969539,-0.39648415225842426,0.1168799843760353,0.12957125074033488,0.236913718922231,0.16801088950164078,0.03867424081250577,0.25458490268433215,-0.45160881636826467,0.2414603349494875,0.12413270085517514,0.13342851048758442,0.06299061646698845,0.062396692721804925,-0.04340700475870598,-0.12041855120086208,-0.049221865044562024,0.1514139410955999,0.04343154723142123,0.08793580673155965,0.022312294117675102,-0.02858376123397316,-0.005804184943399182,-0.004646027453237167,-0.025586904172478275,-0.04964160269941864,-0.042921186070685735,-0.05359693008591482,0.02424083278235023,0.0010970369065935737,4.440892098500626e-16
eIm_076,-6.868184779770296,-1.8813233081071183,0.24216617207075194,1.7523518804442233,0.05662908456308724,4.061396730005746,-0.8134455048407202,-0.576346124065978,1.9765739120435697,1.5322218233499694,-1.2667292688191067,-1.437118890496455,1.4452285043396018,-1.521911728173936,1.0976386368072293,-0.37020589856769703,0.7962442960040588,2.2888030173094664,-0.6219727699749087,-2.546893664791119,-2.685112618803707,0.8561104706453785,-0.35906971049375014,-0.2502276662925928,-2.860933169114554,-1.1469638750754787,-0.84239931229125,-0.007742692757594621,-0.7826009934624761,-2.382773958227533,-1.264611474780867,-2.583921035191368,-0.22317496848897123,-1.751398419847241,0.9558954993897046,-1.2377568027238162,0.9148615629544352,2.323170951423527,1.0159323387086145,0.36650509995222635,-1.7472758330362248,-1.256606462558813,-1.1850637237349373,-1.1326882752700063,-0.28641295386068466,-0.6037149101068197,-2.0655838099582726,0.4699009242331381,-0.23960152073438157,-0.5413452645081512,-0.3101752431343768,-0.7054646752456467,-0.26893886467434913,-1.5663345153208035,-0.4440647426582288,-2.0099302436788182,1.9717789973573794,-2.2174287744552488,-0.21521480135675053,-0.559156243569571,1.8066996234613262,-0.9350294194889647,1.6580886808822615,-1.50366358527164,1.5807448976251086,-0.5780442384795782,-2.7548935024846215,1.6507011615900218,0.859634301570005,-0.444701714858227,-0.286974022146982,1.1057045345905976,-0.08496542027465842,-1.2109233898447433,0.751474171583224,1.2408139339528692,0.6703577326706545,1.100907808677779,-2.72307161555972,-0.5333121270059942,0.4412830838235341,0.818589993828421,-0.45508420394554366,0.12245226714410107,-1.559103367217456,0.6103472706863423,-1.2755585854116382,0.18285421004453695,-0.8114793980625525,0.11254910651075462,1.0674948165007752,0.17375693519977053,-0.36178368097655234,0.11179744108112216,-0.1558815365988271,-1.1902569283633815,0.04197834085932284,-1.9464479494581357,1.0239159345712605,-0.6342820653944192,-1.033614775044612,0.14200854067453098,1.2632870202195239,0.18625909849570493,0.09900339317853868,-0.6150059640671386,0.5350963128976345,-0.0705211184005915,0.27342990819069235,-0.9487595974360707,-0.6937394116886214,-0.6260729422516051,-0.41337177661931335,-0.757624239844294,-0.301679867218128,0.9093541222924626,0.9037972462873853,-0.28927451002941273,1.01891106599296,0.6750305040124225,0.9739017029926248,-0.06858167941423599,-0.19501593521474359,-0.4554989527300046,-0.11146716485558805,0.7622632060504423,0.04732026371196385,-0.1927530485113511,-0.4938802861288927,0.021198634825045026,-0.4489632388977216,-0.24346519961926694,-0.5233225641928018,0.036685663171267605,-0.15496271512945559,0.10485971121978355,-0.08707598553826507,0.04451534817567765,0.017356668206236214,0.17302983955817886,0.37766985103031314,-0.047704557449204654,0.10072157736649723,0.26211573752370054,-0.044411590509195326,-0.4468386503603672,0.13210164231126226,-0.10998605889878188,0.43163310543707745,-0.9156249147047755,0.3713950242782577,-0.2186867264582395,0.5220512076912522,0.4479614326692008,-0.19966254259287378,-0.25899596055784,1.228323473262566,-0.25673673059228896,0.29066191016102694,0.44338821271804774,-0.5720689489774065,0.7022430987957224,0.6248085575133417,-0.4891144930063348,-1.2808109821610285,0.6619483233633022,0.9438826422609763,-0.5623973424970437,0.04474924974540756,-0.7703638690323718,0.23186152676880312,1.0127928373275406,0.08546769073308114,2.014398559129873,0.6296637151353714,0.0305715711027289,-0.5355145048426276,1.7763568394002505e-15
eIm_077,-6.862256062808797,-4.854502680005483,-0.9837730477857876,0.3986499819898457,-2.1884171207003504,2.7908662962875255,-0.38823489368961195,1.385939227814888,0.9168709316172038,1.5808078945846806,-4.709392268866528,0.8342756367479875,-0.9069103910776958,1.1495006598564557,0.15866343339662436,0.9773502640482397,0.7974578078544429,0.08943660483849292,3.4013879851092095,-0.4753840707103758,-2.327357210636135,-0.3028675854994757,1.5541848795104451,-0.4777514170400599,2.2037233024943745,-1.3683587039997658,0.06723148369242771,0.6455735524973444,-1.0062939904086527,1.9210772270889669,0.30383409190940114,2.344776308357898,-0.9600607857605401,-0.18023761644155695,-1.6379684951707512,3.4722270487864852,-3.503919778751265,-1.0894608554625886,0.49060703080370605,-2.5088640499730266,2.0137189033857212,0.08640194132938661,-1.661809977514926,-0.2525900723526102,-1.7259792983730669,0.7029630521360434,1.6118420809008394,1.2435130514383035,-0.7642692128896933,0.031360534265675644,-0.8880622980089823,-0.6474867740017684,-0.521896323475819,1.9339137886627074,0.030725431619434418,-0.529266214833955,1.3249448085917912,0.13805047027551998,0.08995345852648051,-2.316733078949593,-0.8254245802775589,-0.4688897487392475,-0.5178142513790649,-0.8325014238926358,-0.7948530446478581,-0.4532172185383866,-0.4276179904973482,-0.7437722641245015,1.133818273813828,0.12104902098065295,-0.05877025953127313,-0.020948732179822106,0.3780077930203541,-1.1629553944177777,0.5468601806529041,0.6978199363026187,0.2870090491603523,0.9675554235445817,0.5792971435262678,0.013333247843955287,1.2770927594525543,0.37541180076692804,0.2909354054997318,0.600602212113571,-0.6480676440911759,-0.31403879131354867,-0.16606434410706217,0.21649040194891933,0.29004513526785713,0.561923035541038,0.15653473005716326,-0.209030411556835,-0.3363119769335556,-0.5774822705565095,0.21518661542290246,0.09818662191715855,0.045920968161180076,0.47660289593670085,-0.5536398310488326,0.667005419289299,-1.1153336531447153,-0.34265061332646196,0.8244332391283699,0.132790235298454,0.19724235438680526,-0.3351967719745437,0.033050946862141134,-0.008587550182208276,-0.313499682296448,0.5310070891268259,-0.30232768405174304,-0.24739944056313257,-0.027988590918529288,-0.40153861841204713,-0.3434591493466199,0.1305701688509584,-0.23898308898039206,0.041982578274945226,0.6153502027290261,-0.08760326809793106,0.09382160875010115,-0.0648486516647182,0.0041109849370556395,0.3360938457554292,0.024734861887488524,-0.6315805739763312,-0.46339986700870583,1.0175386724391138,0.0235677650722117,-0.4015134371466986,0.0014803757317514155,0.22369128580876185,-0.09958086875330255,-0.15539243863640947,0.15119117900947676,0.1002011059565564,-0.09865631617870918,0.06399880622739668,-0.31198283949443,0.3427623371895223,-0.21332556092626653,-0.307225799859315,0.008489543570810554,-0.2404288355683103,-0.4647392932513986,-0.17056487647030633,-0.21897009575811194,0.1952517476369534,-0.18020349890618892,0.27889526096545625,0.3786591894049117,-0.4200531294813963,-0.3211915253564477,0.1728147212046643,0.25090319456357085,-0.17173611157994428,0.22072267176111993,-0.00899146960473618,-0.04751505065492845,0.4960753028810204,0.4514640733057673,-0.11784686296514801,0.10310110376500409,-0.3449093197231422,-0.5853977595425992,1.3095866029151715,0.5738034909134728,-1.5415478800090492,-0.24798492123683838,0.7213153190168355,0.9390743754073401,-1.1151365378640423,0.03262644961484229,-0.8189702477162563,-0.7908816721444082,1.253356558525544,-1.6649851440325287,3.1086244689504383e-15
eIm_078,-7.117507643462105,-4.394469364385353,0.5196736049735491,0.7451429770497651,-2.239181852340512,3.270382768769994,-1.284238534519194,-0.12041030760391691,0.323318327046201,0.6618870670078945,-1.0200597382620167,0.011746839490276662,1.3491129186948694,1.4329763768054367,0.16767364127996065,0.08850344342703398,0.5332195270662564,-1.008006065644813,2.2685981440911225,0.6738896545482925,1.7068297162282389,0.7797423753823715,-0.12991675660172652,-0.2415645839608095,0.6574320059925369,0.5008986307561814,0.9881062392864788,1.2254998436689437,0.43577482769808706,1.5466986958426747,0.3477201197821158,0.07014000148714783,0.6835519800867522,0.27528218334922255,0.6237146921676362,-0.012139398163035109,-0.11986675556490756,0.032924247708079946,-0.17763547977740612,0.18552473785955703,1.2182194322289341,0.26432964839604844,0.2865410091352137,0.2937500000756767,0.36463807823089955,0.6230130690733666,-0.6713007572412095,-0.8585117720306845,-1.2049641266699505,-0.5617432355770072,0.5982376894039898,1.556700477319067,-1.1283297920254833,-1.0699391669601155,-0.26878084380326206,1.7070603715064612,-1.0199514976119435,1.0221230774498022,-0.8019369248657707,0.984327075190549,0.01890538760806837,0.22574770329391347,-0.7235950961615979,1.8411544726577942,0.25346799900684736,0.020090192972729515,0.0012982123820455271,0.7453167961194906,-0.9009839806705598,0.6976209299350515,0.34977414298398757,-1.6432740544467974,1.693051552418406,0.45193470332509833,0.18709735723896115,-0.03630750389236015,0.10794935067473432,0.5390080752807446,0.5575159118008075,-0.9508194610724934,-5.8701886174628015e-05,0.41384382463365876,0.7890633420219921,-2.307750552600485,-0.72633351162725,-0.154723604182538,-1.9400381490375784,0.9389574317025903,-0.1060971656368398,-0.2514528462662426,-2.8333760907924583,-0.7808431292655674,-0.8630634093181728,1.2355745940306089,2.7343045513702267,0.9020368980226656,1.1559203141471084,-0.37826287724928304,2.1344382107198694,1.2071370450658607,2.8140986466627687,0.06748521227966017,-0.6576173890162723,-1.0910707715580323,-1.0550264757770964,0.7149215473847973,0.7722588626568453,1.2904987344321983,-0.8766997411431758,-0.548260292895753,1.6602386910100182,0.8502800398919645,-0.9139027088960353,0.04545624613473638,-2.209322022945632,-0.0577529918874109,1.9267379232472022,3.062001823661384,2.603420629173881,-0.677515400721221,0.20832836241603114,-0.8676014633649807,0.3030277754670828,-2.1073634669209675,-0.3081674556460805,-0.8200122589470268,1.3497545033706804,-0.14907292923793436,0.4915867421136,-0.2623613989690414,-0.39936696427845675,-0.19821953572749063,-1.4238233058713747,1.6088263192698922,-1.0144634493107287,1.0457211929430692,-1.1565125183530323,-0.4231958407056668,1.949626302158155,0.34693513962542166,-0.22177628420484186,0.11168027501621769,-0.20673477389875838,0.9929388115670115,-0.17461673026399818,-0.2954983328217444,1.15633840907086,1.2527603211943013,-0.9928540823706483,-1.3613307457697377,0.8816552321789262,-1.1052607582293268,0.28310397895411366,0.3652959245334853,-1.0913901882344355,-1.355078020754502,0.48452541469130184,-0.16870482486613958,0.34531815363215357,-0.2271581161175089,0.056072877273273924,-0.20885896695180928,0.07868409793817599,-0.3540117029822367,0.1926022027689469,-0.074367169196839,-0.10096994679575788,0.03292190580474269,-0.07048557973436384,0.11340899669988813,0.09893831965872324,0.08112414842989751,0.07482470207214376,-0.05452306132772877,-0.19225321775251547,-0.04567261669748568,-0.031996274758348875,2.6645352591003757e-15
eIm_079,-6.812629633736247,-4.588270172684951,-1.0562260646950992,0.6259985955295786,-0.9438294641195233,2.715741290008401,-0.5972080163980099,-0.14734682168249558,0.30332996194415285,0.8779622246576069,-2.326771078056215,0.3314873565243426,0.4415420459308972,1.2822263559160223,0.07498161823508198,0.08442623711532304,-0.0278925379414239,0.4920787593468854,0.6396702256555283,-1.0094032344672712,0.6766789497375965,0.3219867946445376,0.11870130187865069,-0.09116867155656916,1.6414271484505198,0.06149581616436528,0.5905767722448525,0.48471571484916576,0.6112049053951379,-0.06321564472877728,0.6264232919234938,1.2775538003292648,-1.5167932596140186,0.48703949649166894,-0.41244615144173274,0.8727389441723878,0.5908696488854284,0.1628053114358497,0.7756203151024608,0.11800185402362175,-0.5215713316319237,-1.0268366164091836,0.2362779265483943,0.21414024616751748,0.4797884256625947,1.1943821795829461,-1.4092728917802342,0.5808711418559563,0.00033150325260394853,0.041384031912824304,0.4279336293433165,-0.1919465729432852,-0.48295965965733195,0.14112982384956513,-0.18100640526621903,1.4124216117515036,1.1227807157225138,-0.06564173796656392,0.09052326062299809,2.2765493641190693,0.09765629651100638,-0.6578987028890594,0.41283370743163794,0.8125645027525097,0.568799579532479,1.9491676254024268,-1.2705174977275688,0.3972176578279828,1.3449869693503442,-0.7558551335444468,-0.994457904653216,-0.3156922497815049,1.344619986777329,1.6522875435005733,0.9566223108906118,0.28718367322462557,1.6479254246587867,-0.4576627551320229,-0.29345522669794916,0.3773920509355327,0.14473099476724383,-1.2799488573409366,-0.21386204238408862,-1.4140720299780718,-0.619202288253371,2.2648998241807803,0.18648124736066474,1.0726589121057424,-1.3240614543637497,-0.4546260057482066,-2.19003967773626,-0.07632731737019849,0.7380015281745388,1.4773629514406255,0.5070503670396506,0.14251333120827248,0.7635899336498901,0.7809554635416553,1.0324100481312461,-1.250691187890301,0.4639500779453184,-1.5300904644857334,-1.809011945295726,-1.4303973441726474,0.4849169397252796,1.118024324072455,0.8448646865440148,1.1956483435242742,0.9075444809454427,0.7655451564457643,0.159130447203358,-1.7078869976293045,-1.0947072014865966,0.27435662188006,-1.5180259114730625,-2.19415705858348,-0.5038661479492239,-0.31509291531925143,-2.078071343572809,1.5873771507697039,-0.41263215011384535,-0.3263000801583855,-1.1400500393545019,1.9790749314574736,1.2570634915874666,-1.8090115272030673,-1.0932189642725996,-2.0704933135164594,-1.6004635940314182,0.1245012532901768,-0.8042750857362924,-1.1797002255496185,-0.12701163350526232,-1.268683665033064,0.13524295769731498,-0.972087496800621,2.285935431817431,1.1000492466615874,0.28344847068559603,-0.6244293916849837,-0.35335763933280306,-0.558545519068968,-1.8144483559501374,1.4409692488497146,1.8505022111184153,1.1890673383714254,-1.6469484027614851,-0.13760865855926008,0.42464091279269434,0.8136602813870126,-0.4677525729309841,1.1435124835935273,1.0205084028824818,-0.014578674356404406,-0.18165575414700294,-1.3654090726138381,0.809094455467557,0.14679637934620804,-0.49900034798268456,0.2565027392704037,0.011221209592037651,-0.03112681779424297,-0.20477429510176032,-0.14618227752203913,0.13506296560690445,0.1935283550105743,0.01570633920388098,-0.11157908518761939,-0.14228733493689952,-0.17125563720796533,0.019422576734384966,-0.17157083498782788,0.07507267777071047,0.07993214523501257,-0.019182791805765653,0.08097844133043075,-0.0017338095708011592,1.7763568394002505e-15
eIm_080,-7.082599897116172,-3.879064873750304,-1.4225770620219405,0.6164649797104644,-1.4758736406328623,1.4244479913287307,-1.1601790317991618,-0.22331342521022102,0.5366626404602266,1.8795463596265571,-1.7012367842637257,0.05053768657590618,0.8604419969570648,0.5438995407282978,1.191659416548577,0.6829168109723982,-0.39737572352481865,0.7470623307822855,1.3662290730192321,-0.2853539611565915,0.31993411048162845,0.3778843825716178,0.368584285603868,0.2985270181659418,0.12029604631053537,0.7434862928324804,-0.9000721840656368,0.3306497965002613,-0.002377959155576148,0.4093007228714507,-0.9776458511684867,0.5552472453301525,-0.14070373395028835,0.05179413002160149,0.5148433582285072,1.1637521584147221,0.42684163774548955,1.0849758359353006,0.8232783861129598,-0.05750055648860371,-1.065748835256227,-0.7587733372990096,0.46479857780039635,0.7408578690520521,1.0562302853592334,-0.8751356676305021,0.17113880210365234,-0.05679539107379972,1.5156220764527846,-0.7902918546817518,0.8678304577026881,-0.5724886103063277,-0.36255460117351895,0.9053514390787748,-0.22641613602951316,0.011854914011532047,-0.2801221187486862,0.621416725457056,0.10706694938790595,0.31327409987376015,-0.5032727936788434,0.4490002569056487,0.14835345644766162,-0.5972460075433914,1.6500970866832039,-0.9977598826133792,-0.36407229481898173,1.481709967946969,-0.39035715284764594,-0.7505056838112727,-1.2158096750788618,-0.6965479316848233,-0.09205395816004913,0.285662340914002,-0.6441023988186251,0.10284985156137494,-0.17873470990539936,0.2863200139246762,-0.7168922850954251,0.8097792117866771,1.3335095530696077,0.1879882840419448,1.1174950319917485,-0.12615825916319312,-1.2909765895938468,-0.9909979773316786,-0.6847731540175893,-0.8439083374132497,0.5861970318054524,-1.324083387138797,0.28918108354930816,-0.012436058339090339,1.8245193196069374,0.5229475734463649,-0.22802266802674032,0.13847897233876494,0.9422934769992067,-0.41483992558892757,2.2222135110018923,1.257081067184269,1.299098826752021,-1.3152816095681372,-0.9328810875960558,-2.5151734789255427,-0.501340097173136,-0.3004049468655836,0.5542116329723252,2.2844771171029365,-0.6260621369194361,-0.6116048724077704,0.2719368187056731,0.8558017107962199,-0.6078999168118305,2.0448309561497835,1.666215807614165,-1.6698052871088136,1.538320123360377,-0.8064525146133312,-1.6019829306258684,-0.08435183771611632,0.3948310663581323,-0.5962219744171913,2.21392501977755,0.1162146629960894,-0.19165059953425967,0.40474071781889587,0.5700481832215807,-1.2396247196385102,-1.5238799877873848,-1.369028635325372,2.1904365331101316,-0.5191918176356732,-1.1823798935413758,0.4338311329980936,-0.777717714331504,-1.927717052238673,-0.8873202318202366,-1.019074652025072,-1.7420267723863387,-0.1252714134606987,-1.904335174495281,-1.379462211267584,0.9732087192171986,-2.7546479216698936,-1.1472074307446207,1.4780217551767096,-0.037158706430419686,-1.3375116071795792,-0.11954158585710423,-0.0022258728571660225,-1.1405716208118815,-0.5356903929038364,-0.5505830961610125,0.38172009663123374,0.6980964440999501,0.853431186856795,-0.2858509161628169,-0.36148383694953345,1.3648330229685715,-0.1823245985910955,-0.30216718450224644,0.3130469605205539,-0.10387383706702197,0.16485603194225776,0.19572519896293805,0.00520510838459165,-0.013157850689091255,-0.10212698291918032,0.3950732430826161,-0.2340110045396505,-0.002377862947555265,-0.019305006904690836,-0.10550392389367569,-0.06361053951550111,-0.005799285260214115,0.1658604245521199,-0.0222283084310112,3.552713678800501e-15
eIm_081,-6.862870399280482,-5.062388456827206,-0.5561258988356056,0.3831047169978845,-1.177933816078312,1.781753116651245,-0.7606171940787149,0.9271042413343145,-0.10906746894640562,0.5780457403760692,-2.3223285679554775,0.17233173578260153,-0.4023072412587898,1.6682570374819052,0.1626582432848689,0.49093565075530066,-0.4153568431540935,0.6974690747634684,2.541155989612637,0.7164469927802103,0.5800958346320804,-1.223867331911602,0.465826115441474,-0.21984710452354572,0.7928875037629444,-0.11619418736079878,0.11131853362998323,0.09937795386197087,-0.5543421469712583,1.4891433438475772,0.7944546128209398,0.6317857429499474,1.9173514077091718,-0.7053175140544166,-0.5590677907825712,1.5246203519290726,-0.7097164405957814,-0.21748541238206393,-0.23740629624182374,-1.2225525320004051,-0.7394862067163852,-0.5239883777367434,0.6487271871270751,-0.450030561200944,1.1140690584470416,1.200051567124979,-0.2632250226078979,0.9727186591707171,0.9444868908418548,-0.20709230867367234,0.3000067796417519,0.15819299704543957,-0.8866032727483983,0.3970388765075491,-0.42427046360356796,2.1008675821681804,-0.522530208988195,0.11104254324256313,0.9493368090828382,1.0161640796177627,1.0847319643192606,-0.2303650192896094,1.6172917684876031,-3.1261929278111835,-1.059988596189267,1.1984718549485556,-1.414039097727593,-0.7345330082577104,-1.545298550575352,0.655938302407832,-2.30078109214198,-1.773405289273276,-0.5663250255133494,-1.1151505185567672,-3.1219493094486466,1.7869557933337443,2.6429518468267386,-0.41445515286227264,2.082941334007778,1.902771634094692,-2.292747129986234,0.8757312859259246,-1.5506283917078785,0.11195368767562441,2.20433522287529,0.4763996179364355,-0.9318838982376159,-1.3478930407438598,1.3919481804594376,-1.1135726220035258,-0.09929388470314238,-0.829643724669403,1.270549321264574,-0.8914738921807619,-1.5829308390404708,0.9990020428022326,-0.8794974019885831,-1.0180772960618458,0.7129591560074093,-0.16066233688424358,-0.29039930416849785,-0.1614242766586017,-0.009139294773204881,1.985311129511801,1.5150561907954656,0.9474522388887576,1.7251216716787277,-1.6084255252699546,0.5171707847472156,-0.1117991352405644,-0.4429308139881293,0.40636801479089124,-0.41189243720315327,-0.13273367903699562,-1.094482403366615,0.7250538604290624,1.2673369954277012,-0.43175969316493035,-0.14525090315072597,-0.7077160744415905,0.2615710763704271,-1.5000895911857361,-0.2893593150234903,-2.3160960004231184,-0.5018953848723144,1.6937771261799548,0.4932701902999399,-1.9140293261636643,0.5597664188594872,-0.22932865263741897,-0.06680875327269131,0.12212628475408738,0.4756063820291636,-0.35721947378193397,-1.258695725757787,0.4566369758122164,0.2689437183284008,-0.9323485748113429,0.6838855224752842,0.4820851099958544,-0.3641944736201699,2.2489269871150097,0.49910290156833503,0.9509229053170364,-0.3921127378499204,1.097592752393619,-0.6142721108257584,0.19551774031504987,1.5405529574724757,0.3671604205447965,-0.3932631998929322,1.5994639029738096,-0.6135397731659888,1.7048724756093736,1.0578398706408527,-0.31993674221447577,-1.4309147644011035,0.05636915988467717,-0.2408565275355088,0.20522480426511125,-0.43202372855772375,0.0839544544277655,-0.3788827640267549,-0.2607377149789796,-0.14660568579649969,-0.23953586855462428,0.19677030035166998,-0.08729290686514235,-0.09911806691152902,-0.024336777526192455,-0.03400421629217454,0.11445509802175774,0.025965448979001993,-0.031357358778758115,0.018314784012415264,-0.04831305333462865,-0.022741604589417652,8.881784197001252e-16
eIm_082,-7.598442917998298,-4.876461359874859,-1.301295324271184,0.9908645140085088,-1.0261981127335502,3.3128334498525973,-0.8912294764687873,0.4740911335549842,-0.23315868097636583,0.36127906646590346,-1.6454800425757767,1.2545283565275487,0.7546187055188799,1.2821295445896164,0.21393012361486052,-0.19566607823760074,-0.3241440678770705,0.3006650713787453,1.4865336176314892,0.10756637210713751,1.7637789103340666,-2.0337275647345705,-0.4348928429063952,0.18853905145643818,0.11509187550173805,0.10215462494168004,-0.7497292568881541,1.2410485623942709,0.3038238294858262,0.8916211062043083,-0.25133100093122757,-0.2121702875561684,0.6576074159405354,-0.15331343022036154,-0.3882346885582915,1.9900542037597595,0.22492645525442356,0.30594482826472685,0.25871149385222714,-0.5314536769684619,0.15600972090109966,-1.244792877298461,1.3922948393038916,-0.2989499660115954,1.7378910484356624,0.45533551959046026,-0.8466415935032334,-0.3617648324836109,1.88613938755629,0.08786803779036262,0.07875964109442235,-0.05754787649462742,-0.3198364260766666,0.09286180944347229,-0.6216897827125524,1.445257447666979,0.749425826845339,0.7426214025998736,0.04681342448581738,0.5765496410647888,1.3189028293914014,0.10890992085298035,1.5163839585370908,-1.5402619958720094,0.8698288280386419,0.9799792201476714,-0.7749741691660919,-0.6755867358548628,-1.6100353739893816,0.5879336096300514,-1.1172135016332256,-1.4781516929012009,0.1228707980127581,0.4581652474592828,-2.6555732321077055,2.403861672107462,0.8216541959629953,-1.2806083116820093,-0.05424089908823182,0.8638403107259747,-0.7894256358343626,0.28654884082373744,-1.8961596983454672,-0.2467487620489779,2.1822758874613744,2.154699050666742,-0.4903207323053541,-1.987466920399028,-0.32403775928860634,-0.3626646712765563,-0.7317626879523749,-1.6676340845806013,0.491768345168592,0.6354713399755278,0.6835870017656804,0.4123220356377626,1.7787243196066516,-0.8409913358725254,-0.8901620231462974,-1.9865566595492472,-1.0224110694852364,-0.7665063999798167,-0.27149964652520875,0.6706369474698279,0.46329722417604724,0.2170424300339325,0.5381786577973364,-0.8287914210931346,2.6167447271566657,-0.06059610424295864,0.11286265266345485,0.8123899350822827,0.8212750198738971,-1.3927445317805198,-0.5222395115449826,-0.9715787664605073,-0.2942363248022292,-0.2592116292984239,-1.575732160002537,-0.46141101784275157,-0.0028145610239059815,0.07218717791414697,-0.5305231790273902,0.7859552850263392,1.39317018056832,0.3475785341980778,-0.49966575812046465,1.8369433868985756,1.0060573930531111,-0.15061268832247166,0.6773751630417211,-1.0333571051631631,-0.04520144232605908,0.629784292014953,0.49544169108847746,0.20504855880371387,-2.0578720696680746,-0.6162635302526733,-1.1213697053986547,-0.7877043316265697,-0.17827445753104,0.31244820787546224,-0.32586489249009964,-1.4323535246595003,0.9788009086207281,-1.9535546071193541,1.1573424371037309,-0.8320329684898473,-1.1502111401582968,0.27689388217875655,2.3298742044472176,-1.1353485557019534,1.2400306131980654,-1.9345848495392837,-0.02159794057543926,0.8993915076595758,1.4771892096811663,0.15990699639751782,0.3359538651724585,-0.4404760493215828,0.2584144351454394,-0.17011373272696595,0.45739735049664726,0.4942173433981818,0.23058618238432893,0.02521668006652572,-0.20907500126034095,0.10968164489873011,-0.030291756986933538,0.042513938591840716,-0.07358558557428396,-0.16296087115450358,-0.010828002228640221,0.06851070275865334,0.01106658653751491,-0.0605532482368949,0.03235015057418805,1.7763568394002505e-15
eIm_084,-1.6192660126441947,8.49703881147966,0.32844771669527295,0.4049129354673866,6.729283751877839,3.4279696980098953,3.1569876896052302,0.01990159634715516,4.686623955837216,0.30030147570060717,0.9363319181709832,0.3215847352181618,0.8092385174541885,-0.9253077248487529,-0.9694848367881547,-2.709621772637906,-1.4410546859065774,-0.5031900886917133,-0.5408119726468388,1.2520715330475194,-0.14615631558040854,0.7747097410723883,-1.1643247831348382,-2.2077810874734727,-1.2697124701448859,-1.1961042567838327,-0.38709066966480576,-0.5403746999307376,-0.3067489169339078,0.2879162285441479,0.38884929791523937,-0.44532354061534085,3.638358589765599,-0.6633240965651159,-0.1588854873332482,2.564829792173766,0.9049462943437896,0.43107122312797447,1.9158544198157033,-0.5348264187288769,0.5208741164553844,-1.8557875804146933,0.5553482625088134,1.1285731766844314,-2.8128754456379848,2.8232120851818476,-1.1228102756632794,1.3602924198227526,-1.8217986586542811,-0.665004918625914,1.353421813992739,0.38983985718233016,-2.5084077066051442,1.5144275157354665,-1.68043786520274,-1.6346580919639866,-1.699826643801408,0.48447796223945594,-2.9185823653243808,0.4435111300560181,-1.3010356244339158,1.8790389134841585,1.0328668750544727,-0.17944868362968447,-0.9451199704384368,1.8609686655070523,-1.368629093812023,-0.6352355054545286,0.7524049157079122,0.4944569177380064,-0.008880328779857782,-1.2613138372913748,0.8800664359717626,1.5991748447057827,0.05877982858399178,-0.39096199303612744,0.7676931922816637,1.6681770447766717,0.3864372081771599,-0.3812965601240663,0.6691942795232112,0.0909434014399752,0.6521262711341906,0.04660890999044309,0.22957811073492695,-0.9328705211743343,0.6089567059669936,-0.7645614804829539,-1.0160108540242438,-1.3362710861390663,1.7661175918253633,-0.21500582388739164,-0.3863888981376154,0.028205946177720764,1.2466925617331484,2.2505970107837596,-0.46280525415378837,0.23280663599762724,-0.7303767950946767,-1.6037445410021582,1.235046935980282,-0.4124304118420888,2.0213782868226127,0.5062573243414963,-0.5090904614200229,-0.45359765672208674,-0.2020818958799329,0.8277895750557629,0.07819083286024164,-0.04025583561902102,-0.2468468245619691,1.3238146373200579,-0.6911911254981067,0.715994564647996,-0.29222595529074824,0.0008128127391180406,0.30184495209629947,-0.33761783001545087,-0.21452170990806185,-0.4266570952764737,-0.4405601599041832,1.2546997082690838,-0.14696309104455696,0.4065452257069039,0.4499464746528863,-0.26756940386853645,-0.37563598016865885,0.04721236076047364,-0.2461747002543364,-0.17739269397256452,0.3461947480381722,0.015954322675634458,-0.4494393672534793,-0.7100969066655042,-0.02412923766667785,-0.32015506216919154,0.41819900117267983,0.35006446437936634,-0.4491173737192616,-0.24731831788209013,-0.13310599651533894,0.3512191179768884,0.4674139290783096,0.31494136453350796,-0.8248336017838795,0.22926539034483484,0.5830064130040065,-0.827578393485812,1.0924055103821575,0.9439652928680078,0.9855847633051917,-0.7107975328347762,-1.009442179141205,0.5163097154922844,0.0060397514252478485,-0.8442980143913086,0.32410079961894844,-3.2316145724680396,-0.9854336087799103,0.623443424167117,1.094642381126374,-0.013378786906723443,0.9644218140278042,0.4165113431244907,-0.199915858152661,-0.5917752606213049,-0.2833043644612434,0.08373249628310808,-0.3604816179339573,0.3922816591194416,-0.14248785753955984,-0.0012977973695680878,0.0030172504343546347,0.08117573443756942,0.22817821700907093,0.03558674865144451,0.19068699588708293,8.881784197001252e-16
eIm_085,-7.040748515130055,-4.311321473764915,0.23485088386278144,0.2894747122084613,-1.2973966091724516,2.923505316016639,-0.9703034590855851,1.1055399729872544,0.9537280427747513,-1.006205004320035,-0.39551331933300304,-0.7298056888515714,-0.3737277888851357,0.4920736199017628,1.260382500455803,-0.18262920502581448,-0.10230847788543487,0.24753632788114222,1.1942584088997394,-0.24402575438464938,0.4442129231194986,0.20857142489264202,0.8488945237161454,-0.8445242291692481,1.460649428791503,-0.2664566620795119,0.25487862521244864,0.611121469231209,0.8284997906435397,-0.2637231169443288,-0.7067668925050714,-1.5025901656222878,-1.2214057722853209,1.350445873229274,1.1256125488202617,0.4702793766300092,-1.0953812600387758,-0.96929207413935,0.8491086505080958,2.199962689292567,-0.4735253759039189,2.471191714929942,-0.14084420914205414,0.4188745331724183,-0.08713955523379224,-0.12458375136456007,1.1044090712363943,-0.2552077382760951,1.7086011023818721,0.4525585273004649,-0.16876267394637068,1.2062905681770724,0.7822102124140058,-1.0422424622924145,-2.4698284259349803,1.7327691002566834,0.8915955166486721,-0.17515395759184982,0.47146213579858975,1.5042347192217316,-0.6481890250508203,-0.46746727514074193,-0.23607466401927812,1.9162333379291747,0.26670612978395014,1.2691277540909862,0.3921252608774442,0.17161909185197521,-0.49152533348578564,0.4870708761966334,-0.5695481521771089,-1.4532131908290067,0.21138007595083957,-0.03137949130360318,-1.8190477467697215,-0.9603594094951475,0.5804399802072775,-0.9945361962102597,0.2757557907092828,-1.1704486926315363,0.9837639325954212,0.3064871997356722,-0.5569856551161723,-1.5030306392968542,-2.382431385131532,-0.9587235767141411,1.2418656827352879,1.837937289101577,0.34383336177810564,-1.9723989919831941,1.298649458587046,-0.46431278565747325,-1.1843273819906845,-1.066677078470817,0.10933601502661683,0.16734270333216483,-1.0341960721536994,2.2107811311180745,1.389319548482948,-1.1785301673876807,-0.37024367616807513,0.21353235442852106,-0.19442118773037317,0.9276376789126957,0.5735823594831658,0.42366562954106535,-1.564030265003684,-0.09884805482627543,2.8811788065492836,-2.0992585488731885,1.2418160630190225,-1.2064505049390328,1.3778127369555562,-0.49040884423125297,0.33116988371476896,0.2675850280551103,0.7824692231770698,0.2552893972066901,3.3916806694326045,2.5106313633919806,-0.10020015099543444,1.4831309553731362,0.9947943725294065,1.0514059523996064,1.4277253243588959,-0.24538292744746826,-0.8663357524787143,-0.43300027830818705,-0.34280845655023606,-0.7711828305963864,0.6853366585620315,2.4138352687827833,0.5635702616161767,0.25268248930975207,-0.5647064144736583,-0.16781471703493156,0.5304883350850936,1.1695226762040203,1.5017748623361558,1.6669626741743848,0.042364214963712454,0.05977516629138391,0.6142535271313888,-2.240363370391321,0.34160719189179445,-0.7346031733604831,-0.3944501957428126,-0.2662214796545971,0.2719993221913618,0.8891202924079635,1.021661215227347,0.5356180534647803,0.6279875912469313,1.09896241260632,1.0191865559420883,1.0832558097194478,-0.17955006875204083,-0.16912123678190494,-0.3313358211632742,0.13263841674787524,-0.23369315598854512,0.10095591332216225,0.3761153614603179,0.1164633362585307,0.16504245454273048,-0.05712207371801942,-0.028652829909360134,0.014861417518912456,0.09901229701480152,-0.07766250411907949,0.113260413211417,0.10226544551501232,0.04754250718826669,-0.12504883512571596,0.03124223716450525,-0.1847162491722889,0.05870765447483367,8.881784197001252e-16
eIm_086,-6.638506310456247,-4.1812588511292335,0.49358480677494243,0.5202165422495719,-2.159418114116468,2.1517163097100607,0.21847700394435154,0.8689304489266678,2.451851914184414,0.9827066169343797,0.8173084593340901,-1.9580927095836904,-0.1966627534041333,1.2554333430667866,1.0862972677494223,1.4070939429957559,0.25574961293217024,1.003141071756984,1.3955421925824112,0.24150640210995503,0.8207511604170941,-1.5892339620531026,1.0391955352504691,-0.5877699021939209,0.3620652858171265,1.6817918006754766,0.15602992293949827,-1.0555372406578127,0.6100813285166368,0.45103925883142626,0.09919625888881495,-1.283576853514029,-1.162249069319166,1.7659689871850583,0.1185977191509488,0.14868048867175498,-0.43543478484937403,1.0251368262312686,-0.11923607604549069,1.4339937027136895,-0.20114135772886024,-0.4715907869200229,-0.5241440275927551,-1.0810333007860762,0.9824412297476168,0.9589562260283712,-0.809500204079,1.1975921513582435,-0.26978453731484,-0.4436414893709294,1.075723261538174,1.1407345147731367,1.3155081389910683,-1.2597440719656425,-0.14569607888939018,1.5431244939330007,-1.4634706996549358,1.135100756515817,0.3738219304390613,1.3803788569409143,-1.6867148807333496,-0.1569691047233922,-1.9572679343124002,0.9819753890974454,1.2659367097084662,1.5940132955118855,-0.23958637118098444,-0.3135219480248392,-0.05588035813847969,0.42385798609410824,-2.4298191861902647,0.7698551392197341,-2.246407412304123,-0.19341177298070655,2.3852631385502345,-2.4306160630742513,-0.33538091173365175,1.0565874104174793,-0.522708718895937,0.44721121373515726,0.6205348278052486,-1.4646967790878938,-0.895508360696722,0.24984551474548256,-0.03214614761248602,-0.0853366339824459,0.9211450835657322,-1.707469495252112,-1.7864719437545764,2.156384989418703,0.5666217600492762,-2.642023844316726,-0.599769303558549,-1.2594063386856305,0.2423004153870672,-2.421639438928146,-1.0613187345699615,1.9216787699558653,-1.0304161921569504,-1.0380687487157512,-1.1040444312430164,0.23545434924718928,1.0665474116898883,-2.887316236997087,-1.735147943573919,0.3538102686937763,2.8060695284935586,1.3075340142294531,-1.215466961698081,-0.6186294954133036,2.3540839940068805,-0.4232910864256356,-0.14643358207421184,-0.5596754911147911,-1.5575816780334333,-0.27703327123879795,0.7295281032623526,-2.02964202749457,-0.9745353823794584,-0.5268717581615368,0.4897335363098308,0.11857688962564383,-1.8098044604849297,-0.9409208709789574,-0.840470930502679,-0.49598711080705105,0.24026256202762197,-0.7285531544533405,0.8615294692612032,0.9656401401386245,2.2265939776141748,-0.73017741181907,-0.29746204192229886,-0.0519181161728625,1.231228588750179,1.439368721869332,-0.16582169060296043,0.8674668774223162,0.8045948606583953,0.10332785290844093,1.0496824916640992,0.8880622335035007,0.6467649280283646,0.22566823183209306,-0.8722277317816598,-0.6542377878214629,1.2081632726889917,-0.27878782204533237,-1.0008371303721688,0.8788795572899268,-0.6334912457022317,0.9822627433699935,-0.9916536731385488,0.06649262943594787,0.5378317307950548,1.120436875803581,0.08934047673442724,0.12467667687604811,-0.06017112233702454,0.5273476701666138,0.11415537374807916,0.008757021900114188,0.15703358632942346,0.06536130162884093,-0.3044377453323759,-0.13871667907019125,-0.13019433290601812,-0.12137629895517121,0.2761607783567103,-0.020894896123303863,-0.03954445746129642,-0.016269459908065442,-0.04394593001422131,0.03946291117032752,0.12258182793560624,0.010214993936371264,-0.07444888958872065,8.881784197001252e-16
eIm_087,-7.7852104605180585,-3.3477464777249866,0.2901921595395409,0.5492995325741745,-2.1539165602470147,2.4332680854725153,-1.185472538272819,0.8553086160647922,0.860659019977788,1.33270489805886,-0.3166417554451687,0.3158989393580307,0.6955516705172452,1.6985033953914184,0.917218058863071,0.07684512810519628,-1.1622514658126917,0.7405124309575954,0.5822229850950086,-1.7221305086335223,0.2904263773162007,1.2933178474808855,0.8361207941000934,-0.017975408832346995,0.3075382170886296,-0.05814852832864237,-1.1641999641903014,-0.7317191840411261,0.5081611980844758,0.07443922397005664,-0.8989400010001337,-2.2750510398667343,-0.37110901207694735,1.040325554635329,-0.5985542793885406,1.0844519179516852,0.3130912627821736,0.5956003647810872,0.502601559617692,1.3763872522132397,-1.5862975391918235,0.5082841925068549,-0.15495232879393878,-0.2728286264821679,-0.22630114184101402,-0.2767871804494584,-0.7072442267090999,-0.5351779774951435,0.917468720202526,0.5600538347349479,1.0989413177002705,1.0368008572506346,0.7692302933391382,-1.4717026361435828,0.6600271562727835,0.9750382689028301,-0.8247888579381902,0.5091106374322703,0.024942344691377683,1.8413060299610444,0.6553169801373379,-1.1916068769728794,-0.8266464294135414,0.7546014985745053,0.9568576229569337,-0.15390521772104238,1.5590897201557292,1.146562024164804,1.0723982412420205,1.4683358740021117,-1.2893045529974003,-0.37868864871935326,-0.01820643905947128,2.0330468316504926,0.15898416424248052,-1.5518597047130402,-0.043621550283307,-1.532550743903715,0.44468197722076885,-1.5886793373183368,-1.8280461928748686,1.62838089286767,0.5967839377900301,1.7804767480927222,2.040506493005852,-0.835191810836838,1.1952336180863685,0.3601911463077129,0.6188579458067779,-0.787443885629564,1.277825089882953,1.018336731664208,1.8693211795831344,-0.005605246649078466,0.8514302443764842,0.6404989228555575,0.3748228313040498,-0.14737756368481375,0.4245790898512243,0.36624650364620887,-0.267231867587832,0.4695983128433485,1.801576215637537,0.04775726059166857,0.6669512953034072,0.6471725075648714,-2.2098098153088004,-0.054351337966379115,-1.1519110402986628,-1.536735823035359,-0.30549332088601844,0.7068887453569151,2.1148764927340262,-1.4283022462641066,-0.1332323974850117,0.7606104298503128,-0.5818116730279361,-0.361672780585933,-0.16516050563201456,1.4014445917987144,-0.07465549677159233,-0.4658003845784915,0.4578520882160348,-0.5422708749783649,2.2682038363383192,1.2169220273554173,-0.6106172329471755,2.5330215322451393,-0.2757677928902176,-0.20093856017699374,-0.48785373794152065,-1.4888828645682113,-0.13230739857036258,0.6828115640635154,-0.34309034268766025,-0.5812221366236632,0.6457350813899785,1.0851604068656966,-0.5247741982010155,-1.4771717324518008,-1.5776924882331458,1.144410025422078,-0.29330993000414896,1.253975459198572,-2.3797463560988055,0.7135083988374151,-1.1251303198031906,-0.4879820496135174,-1.8022630711588024,-0.6677309254361943,-1.129267814002244,0.28280249428420934,-1.5307968892958757,0.731438896186071,-0.6194878434067416,-0.3404414785562228,1.6784062254315208,0.7490391337739242,-0.7395825491468788,-0.10997894220329263,-0.06544489340795301,-0.5544186446937669,0.0677856124113827,-0.27563263811900685,-0.12252219475068737,-0.08376104370424847,-0.05319226326570481,-0.0004026607187579412,-0.3103362889527702,0.14282799502958632,0.08378324164662665,-0.20062032481053738,-0.032075609561486695,-0.0037513284440078287,-0.0627942820293943,-0.024607344676790266,0.07726244752619948,1.3322676295501878e-15
eIm_088,-7.850853892262322,-4.708736075653319,0.2701151021309035,-0.13499737073311202,-1.3755536838516438,1.9246586023357517,-0.8785397819941302,1.3205216972892966,1.1683807218449318,0.025185412756670522,-1.6917927796493166,-0.36074472491236076,0.20081805341138792,0.8824648167581435,1.3889187473793099,0.3836197237366532,-0.2920207099098625,-0.001092440405653372,0.7611127845881299,-0.16473686033098361,-0.14051654676846453,1.2552691808786642,0.42011761136568615,0.5993600484194019,-0.27261844729687645,-0.1905143533949809,-0.20634421290966554,-1.9657872489184154,0.45521423937294275,0.31956003472025496,-1.2512931665189992,-1.7722738212917852,-0.9727941339644897,1.5885703359171859,0.6787176439177185,0.32211313206104975,0.6784851291952962,1.0444776252335024,-0.8949124315627272,0.9982686998701126,-1.9772144166139511,0.051426739979949065,0.5927970406725495,0.6165371960058312,-0.38710748717064036,0.6208665287609277,1.5328967810223468,-0.8675491690676191,-0.6811166704697932,-0.410131154261712,0.5955069539815558,2.4224768105985266,1.2024306432352276,-2.736079128961325,1.317477569851201,-0.30011909700432937,-0.1765704792951877,1.2282543281417175,-0.9141050225808532,1.8951944766565247,-1.2911437975690045,-0.5970206680908238,1.6030810330614251,-0.09366961478486857,1.2814023035183286,-0.3036592048481477,-0.46708234704145907,1.5571716744804889,0.785600350758666,1.8030183728652474,-0.6871135194081316,-0.7839565657204212,-0.2825675243322372,-0.14632325244091193,-1.1667616932176899,-1.1882756678773894,0.04551736446498639,0.3033161593313872,1.844711960257046,-1.031308796529516,-0.18799530136999018,-0.3974344606510657,0.6865035452309871,2.145386067760407,1.124814818193143,-2.2654381073214402,-1.255801164331866,-0.5137490066414454,-0.8646679581733143,0.01923523206569261,-0.1752776259211354,2.446959710168815,-0.5231124407140457,-0.00254289790580442,1.0881333356856593,-0.5260108526939947,-1.2364624049985724,-1.2875909993267116,1.8120708641595564,0.5912971045421382,0.4322737729307746,-1.529573317438941,-0.2681715619720417,0.4842963131773697,-0.20795840584646685,0.036819440075115256,-0.7656104787961657,-0.25654994750991855,-0.3786579233222638,-0.21376251935755744,-1.4962299227852447,0.44163301723641724,-0.4484672989558003,-0.21248121125898672,-0.7771727799652063,-0.5639064374465319,-0.36974562028088226,-0.04638816437644255,0.2631989738689593,-1.5745818277733086,-0.49498260187111065,0.22700321016869074,-0.535745237060714,2.1645491818224176,-1.8346351784368655,-2.0838095406013384,0.09682056992844212,1.525883658978303,0.9798877237472924,1.0848898907543454,-0.8509320858945575,0.14225108513142315,0.7463496476591214,-1.1705408589529602,1.3793603729411306,-0.9023224142145743,-0.6971726214229994,0.3565175406415368,-0.25686038914306913,-0.2737982532233356,1.3261311407506156,0.24877633390518783,-0.11297394653222054,-0.06532430608227047,0.5537733187475111,2.117049786544551,-0.7057416457968868,0.6130640270891551,-1.418601796675068,-1.0208325819774087,2.0162535781614714,0.2156348624470663,0.23417362419508492,-0.6246914759634239,2.3449657040547005,-0.13743863039653403,-1.7465767648148807,-0.4085307066675412,0.7769229310974899,0.17193494351274952,-0.35500519194373137,0.3695362199168746,-0.2000804430767581,0.43537762948634895,-0.3400726582763043,-0.0472391508127224,0.24661300972204547,0.15136630712999427,-0.04557704516413512,0.09484234948134707,-0.23341423393600147,-0.0992070885736675,-0.07311727191500372,0.13797833848967445,0.23713427787960806,0.04743860125187349,-0.0874392025879206,8.881784197001252e-16
eIm_089,2.5280579541273447,-0.9477996399091461,5.186264685639162,-1.6259273944969141,0.4651026393281523,2.9993299681058483,5.07094589153214,-4.553524028340584,-0.24083082635099273,-4.353522717483494,0.9951761201321477,1.914834820379753,0.0522467756054113,-1.5328595528164193,2.3175818714388696,-0.5557810246851516,0.9398086051319302,3.3176049167616526,-5.726004264821926,1.165642526690914,-3.1310154577972056,0.14874176252751692,2.0109128126230758,5.526872007949728,-0.8158280205337063,-0.3440863330067133,2.52229050713746,0.27771784149197876,-2.661974218178679,-1.900325440901964,1.2852117120783333,-2.5587142218788257,-4.071248178874454,-2.7718153740152576,-3.0745153766470033,5.322262305289895,-1.92815473839916,-3.364376149446488,1.6873301910215297,1.0368209450579775,2.3147786494341047,-2.457208959931666,-3.6468503998803596,6.527156506879014,5.226529630006248,1.871973889051486,-0.039504399759825726,-1.1560545138790792,3.9833221222173725,-1.8900104272991292,0.6660507699892773,3.475790653117394,3.0293827015079082,-1.2911313423170545,3.931161303664049,0.15433707133450736,-1.3900390729630583,-2.036139332918274,0.552006406430789,0.32245662766726096,1.5947503236827618,2.4239487781831417,0.20735249649587773,-3.4035569212821675,-0.9606065569799775,1.272286496746949,-0.6267478542346883,0.4479233750780599,0.5878844329628865,-0.41209266236211534,0.5153684042641653,-0.8521822317306481,0.6995727728435408,-0.5319335348870358,-0.055942915070592125,0.18230536032666933,-0.8453630518201622,-0.23089154913703558,0.09602886118949655,-0.656451578053439,0.251025604594901,0.06273261634951027,1.0061547241563644,-1.019401575204719,0.21940934277179125,-0.9398966060776496,-0.2924361367953358,-0.11810269037686938,-0.39957682845222586,1.330074002684008,0.04656054588509648,-1.1562091389839546,0.7764158435332992,0.2828799654574674,0.4875809889819873,0.8314912831420649,-0.14521915928954798,0.6869373543779429,-0.5442467933707171,0.22183573995024353,0.41659238675633325,0.6337244415216174,-0.6901560142624452,-0.2626215460546338,-0.30626775394246264,0.03159707933690578,-0.5835267690402909,0.2942212380971079,-0.07334722834717189,-0.1904464854064394,0.4333348126872453,0.060087243407566104,-0.35574553418214305,0.8759670829991252,-0.07117630147745324,0.7608793226184248,0.6399916227059235,-0.6558620321004662,-0.050225748646603785,0.07653896010613365,-0.1585783163826101,0.02785804315820739,-0.3370894138404579,0.038926942985896384,0.20561397085611488,-0.07491300692873487,0.2980114385219117,0.7699270914222197,0.01933044922786653,0.02537854362072145,0.004257080674739067,0.14357536650729286,0.08455389056793053,0.08646451958456032,0.061971459157332265,0.2514167579760269,0.5648576379100482,-0.16855163585186267,0.26062665594109885,0.16316166476673954,-0.04955310166607885,-0.0760419612818869,-0.11667901429957162,0.1691798168990627,0.0585424420822733,0.11691427747632094,-0.1780785357755903,0.04522350349727822,0.1731744494034827,0.08116332299714446,0.22737771028847703,-0.256524757555197,0.0643678849964815,0.2807881787116758,0.054184635976985224,0.08861577417697064,0.009575489470248666,0.05197396247931274,0.23017040632870767,-0.13998604150792393,-0.036071366535474825,0.06923211126681816,0.04865172905708037,-0.22663831096914297,0.10133864594086317,-0.03655835741139335,-0.06291334665159298,-0.07764037384186895,-0.07176055368856343,-0.07035946164761797,-0.008538632286007708,-0.06939900000518318,-0.013626147983885284,0.055635146013979675,-0.02853753018920957,-0.003033907112549805,0.02911348796671842,8.881784197001252e-16
eIm_090,-5.781189448822065,-0.36103427219480067,-0.493241659843916,0.9409903190709867,0.9968948340561441,1.4685099490124773,2.8421299744962236,-0.7599363280709472,-1.0857578613392853,-3.2985512013849756,1.4846566149667901,-0.13425406979678955,-0.2012867119598427,-2.386471795620726,-1.6039874815402344,0.9827085608903552,1.0141953972670326,-1.0556010143708705,-2.045954034663605,1.1758170110785904,-2.3830285917770455,0.32608074877994914,4.180831245317003,1.1333880862067154,0.05039374455126855,-0.8118826823570284,1.0463415471178616,0.4866203267217841,-1.7823982860661527,2.2088551894144963,2.602017740900794,1.1416629399785663,-1.2306877339906126,-0.41737798961038847,-1.7457303074491712,-2.5089146277588013,1.574574711684743,-0.9641804084393635,-4.297088306785019,-0.714305458921909,0.10163852043709468,1.8423796189785275,-1.2817573980670156,-1.227297060972821,-0.010227552403712759,-1.4598341861752984,-1.1876593210453545,0.2952053129384802,0.1982990053322051,0.6051320966365505,-0.7825806616535245,0.3202830656656035,1.000971937138724,1.5506733168294249,0.09141666682137939,-2.022297323465229,-1.8686085542866846,-1.081458622281806,-0.8112466625172862,0.8501783286386839,-3.6079053869024333,-0.8727249457527305,-1.624988616444319,1.0804073149586442,-0.6533970753725642,-1.38184402915544,0.24064402754959086,-0.10508449251313245,-0.8105626669390201,-0.5284595514169157,-0.4791762119254874,-1.1524280853848157,-1.5939182862870858,0.16772071413394896,-0.22268430457632304,1.1430760089208152,0.6457731862208123,0.7003802316345735,-2.08055753424599,0.9686043800304811,-1.652409733401424,-0.8725172968419099,-1.1534951469227948,-0.053287907436390336,0.5037526887287114,0.06321535094268727,-1.572649778638358,-1.5825761763886041,-1.0791740971440453,-0.4951450547840965,-0.4883687971620365,1.4707408103805442,0.4980865877967765,-0.9056813792010983,0.5687842718299764,0.3345071382743512,0.5620562728592969,-0.2407705889356221,0.941892117312232,-0.26090767673324955,0.17517021815005795,0.3560335273210561,0.15975458352139557,1.0046841346011581,0.5955560355019774,-0.19969634163902636,0.15124566324265984,0.02237163473247583,0.5755378306082783,-0.9310124057566301,-0.05214114817964066,-0.8168520084382502,0.33893114679646463,-0.4509834956248218,-1.0027682012793413,-0.9840059080929511,-0.1451715052771652,0.5171354055585939,0.7905483805597616,-0.11211198642094317,-0.26027159716172654,0.3121472665288696,0.606242255837502,0.38770225451856255,-0.09265781354667513,0.6923803489769832,-0.13975610393944926,0.056996229613191285,0.27917357727303194,0.05992186998567295,0.6055277078943592,0.048474617502662465,-0.5984670407060592,0.03824951884290324,0.6140429642103103,-0.07546066013858987,0.3078430797361251,-0.13064898331253422,0.055357645114647525,-0.10846496396177041,0.2444281229381644,-0.2768738311253779,0.4171577214616856,0.346589715532728,-0.17229285776358394,-0.13613916151436617,-0.04639790839334279,-0.2036348430818078,-0.45133899336883204,0.2013878558248685,-0.22079204416392045,0.6362716277554124,0.14116987206836984,0.3736058920048099,-0.210503748681955,-0.09345940631033312,-0.013923719814732172,-0.3733433876222957,0.21821374646955438,-0.5872271839617902,-0.2936366340310521,-0.3100986352510161,0.4750735959191385,0.2514665894012743,0.7357766967652415,-0.6961659217431383,0.04787770616121079,0.3241751272057434,-0.18379759338842014,-0.9966110232066273,1.1636151324165258,-1.2100177680301951,-0.3705079979826442,0.6994939572559127,0.5220256484721033,1.754940421631451,0.6926681263916694,8.881784197001252e-16
eIm_091,0.8883132749354843,7.899723938430394,0.8090581810798021,0.6733934764701566,2.8914042358130807,1.1703494102275804,-7.41817221593757,-2.642980501817674,-1.6023251278392463,-0.8080920060183302,-1.9286647336143923,4.177919193276896,-2.3584858978335728,-1.2382243747106105,0.30446769693349796,1.430409364299003,-1.4829400093278784,2.139845123730658,1.503018146025243,-0.8019034157777144,0.1238870180730483,0.1016282147193438,0.7667804058372445,0.06299754589042278,-3.2275984364084005,1.1071559780196774,-0.6088272236246746,0.5536187909793917,1.0073183287795464,2.5335395825715405,3.6800640245271747,0.1504842005334628,-1.1475660561781735,-0.23065591138680108,0.7788248503023973,0.8048250048613401,-1.0145738147536902,1.2770687962094998,1.5256228600809594,2.2768386846560764,1.893168584283837,-0.6699318706423595,-0.6038191966811113,-2.8496929371382094,0.25212943342132654,1.1924596818354884,-0.9034627189516478,0.5688549590620633,-0.10285134656822381,-1.6977037145530867,0.4186429745611532,-1.272541063526151,-1.6630977112177885,-0.830438885967638,0.3816284161658794,1.3964786650665608,1.0900238495269883,0.01805352193145393,0.514680426495896,-1.5425365209813227,-0.5371830400497147,1.2040953964887717,2.92637513875971,-0.2718015114824377,-2.7614444563151292,-0.8447444267830454,-1.5076456669367648,-1.2082840066771914,-1.4925645069470566,-0.670402445337384,-1.7189420608993424,-2.0690746107166693,-0.19500496681773666,2.6283260889360105,0.1325918878272382,-1.6220607549666508,2.0947446351689583,1.1293482797617092,-1.7323153494306718,-0.836123110574386,-3.578812857739547,1.490246767849103,-1.2946026086212519,1.8936331329054363,1.475333602551854,1.088983448728322,0.5267909406175031,2.1715895879797324,-0.9793750707746132,1.2165594351077895,-1.2849005345221725,-0.23226116857123535,1.0926165768170337,1.0917487908898567,-1.4977089230672742,-0.5487411548896791,-1.5431990390119965,2.779420386278483,0.132362314171092,-0.3460662757119398,2.1288664850428254,-0.28458643338954,-0.751067351430589,0.1329346515677939,-0.3520853012523639,-1.9197247959368997,-1.230832521779445,-0.472482953957333,-2.3513599596319983,-0.10074236647668566,1.7013296447334287,-1.0132759785810144,-0.30330232663030354,-0.23028644388567204,0.560875823244432,1.3574178909763743,-1.5434839267544114,-0.08362949761034777,0.8877476847134553,0.6767928730190802,1.6660944560099078,-0.7914688369553047,-0.2593132592042593,1.0490915417691244,0.4674689668957308,0.5475568922115767,0.47497667688197853,0.35731567847371026,0.7114826893517202,0.17369024801946553,-0.5595524218167909,-0.3410075033760845,-1.305758946615403,0.2071679630844249,0.28771222579051636,-0.5756897401301881,0.6078360301812966,-0.3478465197497071,0.2300498163948877,0.19919264139614123,1.1921002027248588,-0.9025210081869305,1.1140792399919959,-0.8696038991403375,0.43403354739696987,0.4789550138932115,0.07259507945164145,0.007944926144590081,-0.08846591106703375,-0.1884683986361535,-0.17896737081401337,-0.5180090234157926,-0.12192148543819692,-0.32664782875747916,0.004741452840762524,0.28600742977768423,-0.26314676626397526,-0.2977371429191418,0.4807362633329564,-0.11782631476975136,-0.26222852973610666,-0.08251152871029599,0.05740490731341097,0.09023952437410135,0.018721807348290875,-0.033325956473386875,0.0629684897512911,-0.03779521435684896,0.12048526807113291,0.07449215555356736,0.01650075709025156,-0.021727218173190843,-0.020459806139973447,-0.06573241028808119,0.13325819352667512,0.027607275954641408,0.017405615956510356,2.6645352591003757e-15
eIm_092,-5.314074712775554,0.4020487415378625,-0.12381745738774344,1.296327416564786,1.0578525651978608,0.2493785743383885,2.0958167531900225,-0.47727477228550574,-1.068698129704945,-1.2799292850456165,-0.19478071183853796,0.7169720917582056,1.5719821522300945,-2.3042549247874677,-0.18085456778682962,0.2141436509466006,0.7937127455929666,-0.5087094190752168,-2.5983728470799052,1.1122181312222998,-1.5437143676302123,1.1954695055110462,2.3767866276539698,1.6355783845217193,-0.16728635419562954,0.500691950227389,1.4596292009152232,0.8886263617322758,-1.742818324401822,2.35837519801812,0.8570910500223476,0.2822312300748684,0.5707341872249851,-0.3609774154460202,-1.8393826938896618,-0.5250618363014907,-1.0244839694629613,-0.4393498696134294,-2.956705547563084,-0.4662979196950067,0.28788368257959696,0.8466645010605369,0.9377288693549297,-2.415544559538105,-1.475444357746925,-0.9088110806134667,-0.26925219262752403,-1.784358707726062,0.811105137566052,-1.049576197044796,-0.03913073683594842,0.23045948966866128,1.2934516161432454,1.3673979529405644,-0.43381031500630696,-2.016679374782642,-1.5250510495870921,1.169171898471025,-1.2696701184601866,0.1225910746558951,-0.1306224373996202,0.5013064493970537,-0.35696966576031564,-0.5038669020902669,1.532816776868271,1.5160378553343767,-2.542121126302668,-1.9027116618407156,0.16512243922840075,1.6981271435087704,-1.8254401373945592,0.2772913501664456,0.5427464782684669,0.5745740973991418,-0.0738429345676968,-0.01789096817291025,-1.1721728345107199,-0.6085384919102945,0.884610817556946,0.05265064742409675,0.45127264498953235,3.229949413481469,-1.1145105052315245,-0.965774030235121,-0.020470553706904537,0.29029944984006933,-0.30937089879158086,2.4740854723058376,0.574271701345845,-0.8214698805927176,-0.4730398227423881,0.18181900926527605,0.2681000612169949,1.669899014950244,-1.198234561265812,-4.249899677455416,-0.6083811696741293,0.4626603856716337,1.1357248165948919,0.3679238132082785,0.18016397212629176,-2.205442096401633,0.409940835200183,-2.387861490721344,-1.3878260646621388,-0.21176795651018063,-1.504204061051129,-2.180439411640405,-1.0151065567985542,1.8606164571252592,-0.2609682494514073,0.2333363147074221,0.2219339623665613,0.8426187289021437,1.0873203848469992,1.5512573827626142,-1.0058317138462203,-1.1963942614171206,-0.6102241943826642,-0.22589840354673058,-1.2349366541764066,0.7595361991965759,0.26202007308824654,0.19770292905141984,1.2072446764517444,-1.5173564653889087,-0.2799330909874558,-1.7083995261242682,0.06961198669759439,-0.4761823950807864,0.3895544621451674,0.12554186416677204,-0.763092473904312,-0.6858115474186197,-1.2157894067797823,1.6681044763870938,-1.7767791466748473,0.810053146144824,-1.1408978564510637,-0.047165621360761634,-0.5733814296147272,0.9002020677376931,-1.1809927564632123,-0.38431814245087714,-1.0770537956430355,-0.7486735856506821,0.2995864699446188,0.6007414606654905,0.5658845992616811,-1.367125863285569,1.1725539915422247,0.7581089752554766,0.5664862775239359,0.8321624475549737,0.012461511295815105,-0.24764717320364854,0.15640903693384378,0.21787845045590787,-0.7945895202406812,-0.12053035457570971,-0.18170614377442607,-0.08335634473676234,-0.029346376273563894,0.3371365033988637,-0.18408987623301254,-0.12917138414784157,-0.011548392063002844,0.12068434501033215,0.09216952916564938,0.012606072888117992,-0.10015667555099572,0.017125379039151456,-0.0541276137745641,-0.09424201441200086,0.028681017992254754,0.03297167829685421,0.06938080443666939,1.7763568394002505e-15
eIm_093,-5.107359213480088,1.3838996516820825,-1.537606441342436,1.3279371423862711,1.9527924000254957,-0.5963958226706016,0.5844546687311019,0.07879965979294679,-1.4922852514761749,-0.07499902919596901,-0.17564545871108228,0.22411237531513195,0.8456225560508429,0.4509466251923837,-1.6823746593719469,0.6718929676013814,0.697213654787627,-1.2222370078756535,-0.33014786673856733,0.5779088243538287,-0.18945953951138012,-0.7328723433568537,2.6024836736633885,0.9021749919030033,0.9149906960549956,1.0521898501168652,1.2848267856009028,0.19344935952424666,-0.5180242117610753,0.12424332649091352,1.363973005739804,0.5849421964900257,0.015421378508687855,0.6709460651634414,-0.5831448189870236,-1.09936278436647,-0.15393564952794403,1.2626291390325848,-0.7429236841267792,-1.2650417265686553,-0.1254893352631878,1.9951585026636336,-0.8916221295734186,-1.09959964897463,-1.507737934827106,1.1478186919003583,-0.15989228083240675,-1.7012712712710119,-0.34088977742900717,-1.1723296185678054,-1.7744400911795755,-0.46498858311379687,0.18728420012831898,1.233084500042198,0.08119063307837471,1.17298221483807,-0.14060639987201984,-0.3349201977529641,-1.3199589058910906,0.974082555323357,-0.3836003237412656,-0.5954905427759304,-0.31912271624786603,-1.3196248878708645,0.5596731672696715,1.445648826112754,-0.24264159004798375,-0.7702383435325172,-0.4967202764632286,-0.07194115587604746,0.34079592174915585,0.864109102770795,1.1142821541164842,-1.5110835493376,0.21077982612719054,1.1222783113072863,0.3867314348699752,1.2868656517187707,1.986349076888596,-2.1597641938737953,1.3764095364130342,-0.09463220280315221,-0.7840470906029757,-0.46523097908659605,-0.7279280558748213,-0.23267390247519537,1.2833396163774857,-0.17555473138097866,-0.39599441988390083,-0.8610538846825304,-1.0921032145348506,-0.6147567281748579,0.33543424092060203,-0.12288866162247347,1.4578689864115622,-1.3560052024647105,-0.23736561752223362,-2.0071464160590864,0.5209224623018747,-0.12226477623067122,0.9009932212938945,0.49394930543959054,-1.6906684989752239,-1.0311526739538892,0.1784101228080862,2.9204552573470073,-0.9830702021786353,-0.8370009615865175,-1.5916549930388957,-2.419571352843117,0.5347791227230166,2.6226067125429697,0.4599662483289,-1.8292167716519276,1.7263687473132268,2.2569265153908815,0.9592494035625687,-1.1646659407855644,-0.46586609852157024,0.4797002982958566,-0.5544936417450957,0.7712804712165751,-0.5375522715073299,3.2009326236957563,-0.9711061320992636,2.3982814374415296,0.1938952888598584,-0.06827620037797966,-1.1734514072220352,2.495674414457335,-1.1328824266309456,-0.8048316783608834,-0.513847332096446,1.3682979362131986,1.2233438174713789,-0.656039332207303,-0.6344116785870578,-1.4460973817503944,1.5500972318864996,0.798302322092733,-0.825992536711661,-0.6424296754638817,0.907536036794908,0.5736550125674166,0.680652077427917,0.6767477116584453,0.46801373446979966,-0.3772204976737519,1.2267020052577724,0.8619290904069514,-0.19714599926852788,0.5942018657018879,-0.5955025486639958,-1.050246856827896,-0.053999687059994,0.3234502410366631,0.43771500079643033,0.05548493829999068,-0.18923087535480687,-0.02335769185989156,-0.0027405326199037017,0.11160075702751249,0.2656851714561478,-0.4900229112651797,0.07469644255334651,0.052919303756277736,-0.0518577057585452,0.04135303335453289,-0.08351189182607019,0.23831283230289357,-0.0004615566148578054,0.11593318914305567,0.04633957910881503,-0.09003040141884266,-0.07953439939225992,0.002887067973227575,-0.07308471818912776,3.552713678800501e-15
eIm_094,-4.3462173881180135,2.3584143900174794,-1.5920891416782879,0.6628874609458313,0.8975036881641587,0.712530021863494,2.4428633606418932,0.7424832937886525,-0.869862970700329,-0.09597905586164723,0.3626578783763517,-1.1942818387245648,1.2306698806176382,-0.2448876467914735,0.7380194818856067,-0.260270502893039,1.363264089508939,-1.2405796879733444,-0.9249777448114895,0.053952791165032585,-0.7333262645788019,1.2221463712279803,1.4285917515761153,0.2724660027014744,-0.8488953698960358,0.1832755808712625,0.5331603386990864,-0.6305160585150791,-0.9714673276218978,1.7597061323348933,1.6224560493296265,-0.3518058801673878,0.16200371085191234,0.7314788919239175,-0.6269180033639742,-2.1316067227352704,2.502877397980561,0.949813391994003,-0.3106583248330539,-1.3685568349108992,0.8415666612245447,1.6404976102211133,-0.5675657348176091,-1.3881285401824868,-0.4748341296905856,0.13418665185504774,0.6575546559154188,-2.2685762768563116,0.3968166280151262,-2.11806954521626,-1.6125551838311931,0.7262373727617146,0.29594017461600175,1.2151909530477087,0.4623262497054681,1.3315587412484768,0.14484732626520003,1.9904142787087808,0.6046759011761735,-1.4627617547811382,-0.9401517663068898,2.086845298711331,2.8991734598635577,0.9667736151666322,2.19336957892938,-2.1772343546986073,-0.7011290126787926,-0.18789387603203267,-1.3702178931102622,0.005173191807604949,-0.6158253860852544,1.156239152887756,1.1859283918064842,0.565575941441701,-0.9099005958806891,-2.1764801347718166,0.3040669794356459,-0.5834159879677061,1.5530604740649685,-1.7991572603195338,-0.1525995515587974,1.2679861785815736,1.7135346032461032,-0.4141367298820988,-0.3549582591744833,1.301121862867985,-0.9391172296588042,0.7844273151740402,-0.9150703771441799,0.40650225857931466,0.7726231327769363,0.9671855185598622,0.12046694866124985,3.233751216175703,2.830708084531669,1.0528999359788485,1.4991035492382967,0.9289823912479238,-3.5306362849538235,1.7752900354023091,-1.3295568628277634,-1.1878217840884806,1.2803705981926352,-0.7746728374840413,0.3587298762626524,-0.4464250542970286,1.6203090113893688,-1.676320961367919,1.5069007169645166,-1.0675560794598333,-1.1857754598196606,0.6580919259158193,-0.5418036001328478,0.4677574561182832,0.8430700661587797,-0.3913705689743403,1.2478309550579139,-0.5526345105693964,-0.8358334968077029,0.8964319941499741,3.1282162030697567,-0.005339220211967088,-1.8150453142132557,-2.141583239655514,-0.548507942443131,-0.2371326270268207,-0.959114499935795,-0.32931658064743324,0.14873942500251935,0.14385977572305864,-1.8688687534306494,0.6778792308764685,0.5593509409969081,0.49246122200760983,0.5105143150938874,0.8139787134295371,1.7715310859791806,0.9580668303602853,0.01711105344216035,0.6240316559936145,-1.4905798436629234,-0.01757347329983494,0.4724988844214153,-0.7921646682722342,0.853071248697052,0.5305279293561806,0.25331211019810307,-0.6609868530935454,-0.49229330519530057,0.5468704631801866,0.2900837058696176,-0.31568382609444967,-0.45248859351562865,0.3562471475797752,-0.1463742472076668,0.5145425518053026,-0.5911571354660463,0.2925731273878961,0.31338603716015795,0.12149002970935552,-0.2625367020674889,-0.014387665597006098,-0.08014955576819335,0.14999983503022982,-0.024805460627947973,-0.007466421228168041,0.02440152971735199,0.07176272627882319,-0.05835439898471623,-0.10900453827150458,0.11940552265369209,-0.13917776517686492,-0.14431069555622922,0.03614582178358261,0.06456871857406721,0.07805938899657594,0.059290929406117465,8.881784197001252e-16
eIm_095,-5.449850962331389,1.3269975122415185,-0.20552561853787413,0.9798858508409172,2.5533261479617186,1.3050034158335009,0.5305407757946135,-0.006870757530985205,-1.4725619733833035,-0.7773222932898133,0.14333752902974273,-1.516876044624117,1.4154715602548542,-1.3588674765953055,-0.440584801116763,0.23594500848097244,-1.3831543322037918,0.6923877591000849,-2.7182938046722205,-0.6411567175578939,-1.3223218182929666,1.0977808671937628,2.682044328715076,1.6994480299784664,0.2036328057949126,0.8107668353227111,0.3265822764966877,-1.6453309385223398,-0.7832341191975988,-0.2765704442843493,1.0880797464771725,-0.13890419157494827,-0.5838380940868038,1.0698460308774067,-0.20874714147742574,-2.556231137930797,1.460810958270384,1.2931639900233547,-0.9500541364026815,-0.8082603772362492,-0.5882326900447572,3.186453950192889,-1.0228936604931742,1.496566397524619,-0.8006836203952029,2.4706377841066414,1.507765428660711,-2.424830215171493,1.2750363427187696,-1.394342019176447,-0.9448274080384604,-1.2682900402796695,-0.17734700237720938,0.6245139565854624,-1.8054839845605901,2.2212957136794165,1.9891382988863517,0.1034638592876912,0.08361322719812969,-0.6006654767021222,0.5255826147000209,-0.19327457032560258,0.7380174271954925,-1.88494820028551,-1.709441524896278,-1.803787182743788,-0.5385672226822367,0.8110888670082623,-0.5524626236036894,1.5741378536670452,-0.19280618210064437,3.574798002564704,-0.5326655936253235,1.5647514153529554,-0.33075308128941655,-1.5205085484825371,2.0016133514201875,-0.36274853286449993,-0.4404447530698082,-0.735159731154112,0.8381149631820471,-0.49880400260146157,-0.32954027009647663,0.07518167687315946,1.2215155966274576,0.7014392402894093,1.5863746580522895,2.0347683491305393,1.7584658368034507,0.19801337921668516,2.0428059005954866,-0.25973269890893314,-1.4717525341314768,-0.934644968108431,-0.22316706600046787,1.5454761929057172,0.35866750452566926,2.194678328499939,0.40935438110548683,-0.7244993979051848,-1.8277589785672022,-0.6799226801256963,0.3596713967932047,0.6212150707678012,1.1026785560116998,-0.4928130958440575,0.1881393246417767,-0.18207005609976049,-0.5190550504214626,0.9611501021022668,1.566491812989041,0.4598863148033999,-2.5067252221199783,-0.2280062562369773,-0.8145773518377096,-2.203049385509418,1.8744392729540695,-0.40880349967399177,-1.0862258597047227,-0.5585884389222657,0.54898099633454,-0.7259750300029859,1.9912484394104757,1.8016172617554422,-0.39528386734582677,-0.34061913437682445,1.3206752164557367,0.978724862487444,-0.6660680349856083,-1.3120564465556095,1.369204822750563,0.12291931001493372,1.4061726120910152,0.8583344305568169,0.24687810374365637,0.3574942408955719,-2.400937725759264,-0.8925224313230689,1.0417666572392617,-0.3425310123582821,0.4973880232804879,0.580298066324483,-0.6160787764614529,0.48579099585904006,0.6199502863881535,-0.12652613208105923,-1.0745176586937937,0.5783849885077724,-0.350428380764342,-1.4026447511829214,-0.5637760778352892,0.9192400682441473,-0.29980384611399313,0.012915845551437058,-1.0641625634896765,-0.20063226298982206,0.16207833373557934,-0.8637833571517908,-0.08804255987276838,-0.023905578039766895,0.3240051419320973,-0.09738146469985698,0.09048902543543905,0.07577092267663202,-0.22402500191674823,0.09865775346073213,-0.12058189584944512,0.027451781265394604,-0.18162528851365692,-0.07384272055847318,0.05243578386982639,0.029215795272169942,0.04137139123030886,-0.07148098569614292,-0.06057289021137113,-0.11814260222466832,0.002151045592686862,8.881784197001252e-16
eIm_096,-3.8853000678438683,1.2478095079774363,0.0628441193166844,1.1667538422151384,0.3029034964768671,1.162454640926059,0.043456024080699984,-0.32536213921990365,-0.48348953068420664,-0.6759196917684657,-0.6631739435578329,-1.3694450294552498,1.4849721210383202,-2.303517685407959,-1.2058324811504537,0.3730929073566145,0.49269434971559767,-1.251202745448027,-2.6498622447786175,-0.6323210917393104,-2.1701291735368966,0.5055884714206801,0.8065152954153544,0.5676021654038326,0.052111316466682434,1.1238198838346727,0.3728855683773462,-0.6718547289873388,-0.565708871118321,-0.4363703439012234,1.0291199523945758,1.7550286701968068,-1.6641408188768727,2.8647724120903613,-0.24224125720477724,-4.392914532270922,1.70547205913431,-0.8513181252912903,-1.0687706386060478,0.9334476564445083,1.5331038019365006,1.5010444124528075,-1.8543812231622232,0.9734480196179368,0.765757390543259,1.2858590977091164,1.1368698562563642,-3.230726001343937,0.8396729239627918,-2.662028311721636,-0.6784107440230198,0.8593285963691787,-1.9232601932323548,-1.806982909871856,-2.6845859627670374,3.6879455208276095,2.026550799024746,1.7019407387956318,-0.7659673605602331,1.9079404543545264,-0.6738994002594448,-2.072540427448263,1.7312934010025516,-0.6074585141134423,-2.0742154418194905,2.865996061537542,0.7611556796439416,0.9814539293715556,-1.0886664234445873,1.0401027231531748,1.9561878347059196,2.5180337010319724,3.7271551037914623,-0.10449785036621773,-1.4102595090901786,0.7147608444583802,1.677593299342743,1.224368264775254,0.006677217265802671,0.6987542034446046,2.9632612582291555,0.7033639428656019,-0.9948496047381068,2.1810028001858175,0.7973490565028241,-0.4341193036688119,2.4351485990826935,-0.9393969365164319,-1.3170081078186615,1.5794557730006826,-1.2475517918439356,-0.9379380277666202,0.7518492995759344,-1.0140045433751783,-1.1739496171387607,0.8480342502360976,-0.5128253836267005,-2.827167734091471,-0.8629010164998963,0.3996123922117525,-0.13870372527788455,-2.1565379002472373,0.3884744891019334,-0.10429807804433627,-1.4682893631991005,-0.34413058151656983,0.363375063802027,1.77382506718253,0.7322921034466372,0.9101283727477136,0.07094218753558013,-1.1511632581290778,1.348957118954942,0.2884364294732579,0.7682638772126874,0.08143760909215891,-1.4118115794545756,1.01762208588159,1.1337523419724773,-1.0539148487506584,-1.2788274769999664,0.4243873320342848,-0.1143649923634864,-1.7524615732729831,0.43632734312413524,-0.7193377067995944,-1.2167492614403024,0.4331731687373236,-0.019320152748339314,-0.8680554284268047,-0.6143534030378883,-1.0398194276574404,-1.1943698361100377,-0.5451664939260216,-0.8816623189650393,-0.7656888628481082,1.1226878285140516,-0.2505263957422384,-0.4995504519573601,-0.2453982757152957,0.6810827824854047,-0.08489512856988812,0.7275021474154664,-0.26776877117906805,-0.870558800621113,-0.6206866744065062,0.5398535029498419,-0.1659811046823818,0.23439578144932915,0.1616193325177837,-0.5779601461779864,-0.2308484687406206,-0.30544164176648025,0.13373996622991152,0.4063577069027843,0.01714795849596462,-0.2511467987745748,0.5162658137100149,0.0296312341895677,-0.07678923039991237,0.015324456670250841,0.12772217980226008,0.04797771392694668,-0.12712165252348848,-0.016743620435703432,0.007631900477024167,-0.06813072716008917,-0.07174115649939794,0.18681593183249684,0.05017358627868984,-0.07656621085912452,0.02617174242995851,0.013351453991275575,0.14216003432350077,-0.010160374175857023,0.10646110278302623,0.024484084161728203,2.6645352591003757e-15
eIm_097,1.7711927850427465,0.7600334735525857,5.888257475982688,-2.179121490946942,1.515075231169489,0.29143319913445764,0.521828912974018,-4.788235943573806,-1.1697686820214348,0.3017631809870466,0.5971483294235469,-1.2331206089726126,0.5476944237663403,1.1249622364705802,-0.31034795577693336,-1.5140160208002698,1.4028220433283025,-1.1521239223069646,-5.001012104856604,0.6702600594627298,-5.528936745245508,-0.6761398635767027,2.825756241207814,3.072223808525032,-2.9193555288106516,-0.7198925911843543,0.34691015368779704,-2.210430512307133,-1.3859078584557394,2.339917980351906,-1.915360139234431,2.925173543817432,-6.27434849290468,-5.2680879597010435,-0.44626346149114055,3.005346912529564,3.1139404286575623,-4.137372494643184,3.095521508664868,2.174882875454832,-1.9364732037262786,0.21391868114473267,8.386160350917864,-4.283286854257388,-1.9961195193189396,2.9585348554907713,0.18473124813061004,3.0070129340924603,-1.7919285917982846,1.4166631384393784,1.8462229257682927,-0.9700780742587483,-1.2799205244862963,-1.92828012685421,-1.0106707521897818,1.7557251038923594,-0.6264463746785242,2.2931531214188334,0.7677979893048015,-2.993797377768179,1.7628951726767177,-1.560666543738785,0.09972903177404624,2.0182985282579704,1.838943355874567,0.22322692059578064,3.3217529380566377,-0.8256645784186258,-0.16803005751712452,1.9545863229086466,-1.0559760799381352,0.6003499374599685,-0.01840695260415992,-1.5705039763857829,-1.0216684428342422,-0.23585850978574419,1.7817182145869292,-0.1987540988400459,-0.022725791306924592,-1.130054540680375,0.6416881097446169,0.20666478027080126,0.005434042513774828,-0.7302055153720193,-0.400677136158369,-1.8398023967624104,-0.4776079672089888,-0.6086154802594081,0.20298392617488714,0.1374538254966926,-0.29548470224731627,-0.8658106264626043,-0.7419994012298489,-0.002114436971228595,-0.4796137911203393,-0.5627588022357909,-0.4880195857822005,-0.13251136242527045,-0.05614361991175021,0.1016651801295339,0.14837504527535855,0.048530635818013354,0.12082117718160792,-0.5731058938871931,0.9772156243803088,-0.2230173366481137,0.462211464977492,-0.2598852251468099,-0.3561889696749443,0.01658188652570597,-0.5025940994027136,-0.020953052306440956,-0.1679663039340533,-0.21155707150654562,-0.07602258632175862,-0.5057409594111337,0.14779108513220063,0.7993009066771402,-0.512162873362452,-0.15834393809945674,0.09665931921132986,0.3738469819299137,-0.08020635813569466,-0.05049279193045708,0.3966909652475361,0.3745792402259046,0.46995110715471733,0.26676295626927027,-0.4093147684558749,-0.031179947245109307,-0.08735264728820491,0.09961707140537512,0.10817474901027477,-0.0905170568820176,-0.14793402019542035,-0.7595106977999799,0.1240984411430357,-0.34831363929380293,0.38154895294732843,-0.3373087833438386,0.025009937938997195,0.09273470077874746,0.17336582160934766,0.10957515138157004,0.2079673050894145,-0.09511227839873371,0.3334326445605811,0.009284089878906499,0.022139731298107784,0.2760842571269897,-0.16362796653770761,-0.06238185029903287,0.24476939391837438,0.05154902532319279,-0.03850168336134227,0.04780621516522077,0.07891887555912769,0.04497635049079263,0.12889572644080816,-0.07613647313690408,0.0384499968018861,0.0696305829328262,0.005792649399090785,-0.06838965119349158,0.11229453767691844,-0.06731287444649847,0.03640294335401373,-0.01716397160121902,-0.03513866467898957,-0.03898422477882468,0.01206315774871003,-0.03570976538705112,0.006167098534544113,0.022428927399154475,-0.019720383349075665,0.021568033189115043,-0.03270317251280963,1.7763568394002505e-15
eIm_098,-3.764853385339997,3.755543131868226,0.1035592016792429,1.536223329491893,5.413930665932753,3.5169350085158406,3.914047352346882,3.1604465831361503,-9.343237128236776,1.2800316269781447,1.0403411828954776,-0.47900553465535967,1.7260511934465437,2.7122194574888594,0.44252688682838515,0.9459169481832213,2.877175792478764,0.5129682656328896,0.6343000878518802,-1.8235222806180664,0.5881051115810736,-0.9068343070090582,-1.0919356127820186,3.0351471614658387,2.3714124562804253,-0.2121660706130556,0.6606902074637767,0.5651124860953781,-0.7111187595033873,-0.6044780829320304,-1.1384703613331206,2.42921416209471,1.3127238336992662,-0.7083084717145771,-1.218453937909607,-0.5969817232819172,-0.2063941221044317,0.5509650670950939,1.6673194766318444,1.0415430937126133,0.14568390578453821,1.6108207061152344,0.7794806733799807,1.3519533337809642,0.37601875608782853,-0.5848112523507689,-2.945330127026741,0.8989585209892521,0.6526235975903079,1.4959025668556976,-1.3826558710771617,0.5023398058089772,-2.3355433604105458,-0.9432544159804609,0.5492105758746415,-0.5520428196921292,0.36112429369780985,-0.32314495564360834,0.13308159220810545,1.4606297020747916,1.098732773440573,1.1675708307659942,0.6538858891333628,0.5099384864295292,-0.7078876255396609,0.20603121808449304,0.3064376064867161,0.052236281821634756,0.8293093090001047,-0.266999127331448,-0.55635246371038,0.4988528080024318,-0.5799878290273633,-0.6210483239284046,0.7420598320705174,0.1639093635897081,-0.18661569351088042,0.37824541061406386,0.018513386902942075,0.5002229190060956,-0.5100658752620826,-0.35702103269660834,-0.1554956106047229,0.7635662944305581,0.08001104581826812,-0.9930965361999441,0.2528370494982941,0.03757038415088121,0.44428813870148764,-0.06651213945107676,0.4329525154126316,0.21867746466316584,-1.020911566731332,0.03373958244737857,0.15505849337197652,-0.807999896359975,0.22474768850253235,0.9391920482015017,0.20908433349994926,0.23361990132916,0.023789322368838836,-0.04888159579523782,0.08018707641485778,-0.20480802166504247,0.20704494197492085,0.4186571113117423,0.29555392974370187,-0.1394053723081642,-0.299651244774441,0.8074950665870753,-0.05852534265418052,0.07647719732945157,0.6500160036175765,0.5868810305381095,-0.23223500754964188,-0.17216848418086372,-0.6252131562425147,0.10056466434873679,0.49827583292580274,-0.3250597004671863,0.1462926728207724,-0.6868430265846954,0.3529516630309489,-0.9874466852571269,-0.32906744909614427,-0.02777406976458141,-0.34817083027673856,-0.024763709508644705,0.26829742852557414,0.2766113081756201,0.03125331332805259,0.2941166680634779,0.2657452999691673,0.31740420352942916,-0.10557965005667358,-0.09698689070283018,0.077273515951921,-0.4715992129140038,-0.06911293444511746,0.05936891119556931,-0.20776795503709322,-0.5852000685186048,0.5704390302065846,0.2889931826730202,0.1859628917417999,0.443890199809084,-1.1393105645555488,0.24910741916835022,-0.12689294284491046,0.3527384838193923,-0.014046032973112743,0.12898404479275594,0.15109496649721676,-0.5317082028834691,-0.27757774364727444,-0.21454375547833038,0.005464143093712126,0.2591012418169739,-0.14836615898529093,0.7646775228917106,-2.2260140074007992,-0.6673183683258407,2.7185655031620612,1.6367641840332787,-0.14138005973884948,0.06678311459256969,-0.4628860738707943,-0.032249791115116944,1.2306289424154335,1.1692298160214845,-0.48618852990981276,0.17962582493788454,0.01687749621307666,0.3310851086461817,-0.6005874738644666,0.35211357022977907,0.07842276097126899,8.881784197001252e-16
eIm_099,-3.885292433515131,3.479611306569809,0.000676493131634065,1.4817593618287432,5.742559741737095,3.2591420537502316,4.161912445331966,3.0254583246332176,-8.879170554564231,1.3066592818904017,1.4265121909125642,-0.0802534162421138,1.751025899972058,2.6618552877053814,0.9416977718584709,0.945199099504999,2.7951573472973,0.6475442228329664,1.1852079533755966,-2.4274842715567697,0.8244445131782974,-1.081940287471654,-0.9356976418495042,1.8085711873954808,1.999859788945548,-0.13963277017863396,0.3634789315021292,1.4760705493291217,-0.5593919634479102,0.13135221839188582,-1.2113043277036564,2.156648337997331,1.637122141045543,-0.0964693395556705,-1.0862749287460498,-0.6070011624990148,-0.5137173483268849,0.7471035248214735,1.2329809535000298,1.2879229839178163,0.6614001536457244,1.4877599789847296,0.78917594537033,0.5433563844847197,-0.021825646009003496,-0.1375088691693502,-2.969685402527524,0.8513260509288054,1.1093835901283347,1.0479415650877841,-1.061765642774165,0.3053845600309597,-2.2532574768514375,-1.1262636822490735,0.5564033879052579,-0.3630023163164071,0.3628709318513279,-0.3078754424726804,-0.3038596580777352,1.1534502238896789,0.5550137627032907,1.192226921139969,-0.06268043466410722,0.7204076999292031,-0.1543081011620946,0.07055306442218195,-0.18640868851547032,0.20762956646561115,0.8429970781320237,-0.27914106844238623,-0.945475652140531,0.6732701778878728,-0.456474138583603,0.3417672315093766,0.44047887250295836,-0.27574543757396475,-0.557357886396443,0.3050781604649784,-0.2961622297210507,-0.13355942178269742,-0.7427908125679059,-0.08775060321113332,0.22993349379395928,1.0299611200115915,0.2540831941376118,-0.5043426352554199,0.5192882204112805,-0.47080740111737907,0.20411850658536101,0.020511428228270512,0.2580695894107806,-0.29816141180235844,0.22731640796326968,-0.3494451357452988,-0.05942723009559059,-0.9115692974590727,-0.3266599078552016,0.14692385609894054,0.08478078951421475,-0.2890483118708257,-0.5735086410314842,-0.4475163227019859,0.046297447413786136,-0.15170328397513594,0.17717039483603447,-0.16654632447936304,-0.19195937224200257,0.34124036881491393,0.23726004182118787,0.06585229713671847,0.2663330412897681,0.5205604896432898,-0.12801943573968597,0.19837253277510403,0.3799602373380969,0.2848936425347537,0.702175256699257,0.022896059817798076,0.021425339009957245,-0.11741661755404859,0.3064497996386043,0.4589468602208493,-0.08555932119232701,0.20357066927126266,-0.47679271292172376,-0.2607637701447231,0.1742704931543213,0.5944891467199599,0.3764562427476721,-0.33670256234497775,0.0654219684321693,-0.2090356272358893,-0.46301250213504064,0.3397632689239026,0.13887608454158584,-0.3244028018256315,0.33838582822008845,0.49910676357258676,-0.3055290282694397,-0.1665187230159797,0.5944836017602311,-0.17991821557696996,-0.32950907007365293,0.29350643137727317,0.22167839273842813,-0.19997422618565713,0.37877665490113155,-0.31059719160637966,-0.2205452188720311,-0.14358019028944402,0.102070959180598,-0.32103271798708066,0.39817577485678135,1.065628964024081,0.24299901606549537,0.6598426867917184,-0.42621972902515837,-0.30170004293689645,-0.5665480721264458,-1.0741652859591189,1.3705133718077254,0.7950472092091854,-2.363925632870239,0.019918633248401624,2.100713832122394,0.27746859734475193,0.9043645995964922,-0.09892245253123422,-0.9830275342459867,0.9643181608908264,0.9258074117999304,1.270873725706142,-0.2528057274065698,0.4408696278533659,0.08290916937432946,0.1817509213059898,-0.11946820177668249,4.440892098500626e-16
eIm_100,-1.5723123629769216,2.2758339946756982,3.5047316029023485,-1.6481981773938887,2.997283252270809,1.2335877958038057,3.375008060449791,-2.4159991784163863,-6.373124133801292,-0.6568529296830284,0.9264222127038995,2.1660101661798272,-1.034607614662069,0.937853499898869,3.6128186566193343,-1.2325300508245527,-1.0148390857492533,1.8492485839369606,-3.079248345744376,1.9901710458146686,0.5496463965555412,-2.454228851314147,2.7374941722175157,-3.814275782921257,1.211541718975414,1.41378652306761,-3.0751686756272183,-2.8259051047676635,6.360035634655901,1.8196609645664377,-0.9673569986055744,-3.565021805186891,-2.6571580270794177,2.508676440275458,4.347936205179287,0.5976250921942209,-3.0780642231927713,0.8347573702717428,0.47001068978244676,-2.5437723825195344,-1.2098653718057946,-1.3411031258742026,0.7999420827737727,0.8735950735097175,-1.4190838137001505,0.057919647221721146,-1.0502297251431691,2.9090783528572652,-0.49331274362623545,4.151857782339169,-0.3595352124469125,-0.13789911578405142,3.036168565180648,1.2249725960253481,-2.59096623052357,1.4704806461672966,-1.154587108774928,-1.9484578005731743,-1.666875573277578,-0.8323153522778398,1.0287570808039541,1.1130382842864899,-1.5983168638372316,-0.46267774556441377,-1.5404707667591837,-0.7735735543431553,-0.5255228283684927,1.6717440081967128,-1.112615428951651,0.5222325566478057,2.125748679920579,1.6483490656459734,0.1016516550105665,0.7145616368833845,-0.5031313092933418,1.7990209165488733,0.6227265087644169,-0.6939190194777922,0.8687222777657488,0.1194784796591849,-0.29392252738581714,0.8599347490326795,-1.6323436106143248,0.8606315220739464,-0.712553646826362,0.8304914101231816,-0.8961515618547091,-0.38799008728193174,-0.7519315971214171,1.0945761837862116,-0.46825563240242174,0.22895491764969278,1.6058112278597627,-0.5830153384956106,1.1886890422747505,0.055126221872246584,-0.5297500383824905,-0.9090701380894911,0.7783100878384064,1.13579006613658,-0.754014483868626,-0.6805672847568571,0.02625787481128622,-0.46201648666861656,-1.2814484771337984,-0.9240792448089217,0.6707309110000451,0.17475683089562308,-0.34434665070135684,-0.3217977915292935,-0.5518527745181583,0.2962091628728414,-0.6403324760124434,0.632842358472541,1.1251998783147537,0.016433103891395406,-0.7896459299322773,-0.539113971373435,0.6137428670076637,-0.5426779201103096,-0.23158980494386838,-0.21575388715954347,-0.403936215474078,-0.36159770490632703,0.7934184437927849,0.4829207169198481,0.3105883427914762,0.4590314959320697,-0.27439257104698567,-1.4065613774852466,-0.01852210859263126,-0.26739758531598323,-0.2673113922253282,-1.2052395422232276,-0.034009640869551494,0.3269010953260929,-1.0694798962742318,1.9381614134741756,1.3313269187479897,-0.15248898917066733,-0.7619801934383361,-0.961999745257892,0.7340888946005968,0.2010121111259825,1.891914730915174,0.30381726008305476,0.27747865963809926,-0.5042108639320844,-0.10376003106313403,0.039339436128868144,0.5895094881105944,0.18435937453535978,-0.9744001970389622,0.5568422736857926,-0.4271750301752328,-0.3081823939175574,-0.45587635277868355,0.37809436018590914,-0.392138495020099,-0.3088853033512665,-0.028253062181485378,0.008956452127653065,0.10525093927395196,0.11077719824965207,-0.015136831655361949,0.1080360183106922,-0.15011332622215812,-0.042101729130150534,0.14105821977066607,-0.04151036808955366,-0.010723414109891971,-0.0994323146445723,0.07311856480819379,0.061077513130270544,-0.07595756126273034,0.0016392389224928472,-0.015273232954366889,-4.440892098500626e-16
eIm_101,-4.9397746362991946,2.590106929543285,0.1630611155744923,-0.48640058432798483,3.4065702316342934,0.66572718582106,1.4803710004176507,1.1744572496136063,-4.748474619665561,1.141378528772231,-0.7518300493108733,-1.970507872242561,-0.07925481155006431,0.8842889645157561,1.6599340624102612,0.6224149195081834,0.9676779998656139,1.0554063618273288,-0.09223140529664509,0.39080100248135663,-0.5988722886355262,1.6833563909455416,-0.2620939679942773,0.3107727330074727,0.6462720927278831,-1.0795900429462857,-0.8240585653812037,-1.4744563830718742,0.3214890819713867,1.3804677772520777,-0.1959387057463614,-0.2788756969143049,-0.06678242671661128,1.4558128423729053,-0.3281872035530866,1.2749430042968777,0.4550451638563935,0.6869373830856733,-0.35813155609128033,-1.3774338848388001,0.6510403518388548,-1.9530257594769993,-0.6033785767270712,0.06379202334414802,0.23716914813462975,-0.08891709867455151,0.6110908621255194,-0.9499259375277196,-0.49828305761798664,0.19157402198522328,-0.6539004295363771,-1.6825460484027677,2.042683314016356,-2.1540221714573278,-0.0853048912671307,-1.364177045378188,1.5583425821721195,3.235404225732041,-0.6349119761959028,-2.4476696503061244,-0.9968662169861372,-0.157212964732948,1.1921003795267282,-2.097160811889393,0.19112892929549408,-0.980404553992206,0.6284040629527976,-0.526821402948812,-1.3830874669918514,1.8846379911607478,0.21928557251661518,-1.381084692020376,-0.2164044028338598,0.8867102930936216,1.3854850296542653,-2.9176169666856566,0.9114600233134309,-0.1295825644168982,-1.089468511436302,-0.6784289867647009,1.1551838303350563,1.146640393820494,4.46966343314611,0.07988333166881234,0.848618104264623,1.7908010083940298,-2.9729140257512636,0.5080508364389218,2.229706092246151,0.6805105572390899,1.5900398491921313,0.011203815627251923,0.45247322283495617,-1.949555909275366,-2.7236102152945536,1.4694247762501147,2.25945301206273,-1.0935105645042007,-0.0511408627715253,-0.9017107895611314,2.5411064608377547,1.184719919608256,-0.5141130235058483,-0.15833306683074005,-0.4765808995203441,1.789513189779906,0.8191128085111746,-0.8173105824927117,1.538314200886202,-1.3044446057904215,0.27669078255678725,-1.2581075269382793,0.8759855823575705,-0.43112372995323817,1.828194163541303,-0.42567653239407854,-1.36473978429457,-0.11031404185088589,1.8402461038232376,0.03523780146011801,-1.718831557195057,0.24297547253338436,0.4361716761587137,0.0734121725761433,0.27349752246329073,-0.9315443207257784,1.106279618609307,-2.405183487850434,0.7755741204944633,0.8941249751644136,0.7193876103438738,-2.0678208824448028,0.4875496406313915,-1.0659484890944995,1.9517668769318508,-0.07686302334589956,-0.19131400863671333,-0.11382202208031694,0.6689744349552567,0.18812984137585353,-0.3308532235211601,0.5298121350910152,-0.3142243468168636,0.6098315137970067,0.13476231873895664,-0.19632750580994562,0.4047518111720787,-0.2954008231614404,-0.04482367101901141,0.25893662904172543,-0.22852422046594223,-0.4310376212401994,0.1552437704979599,0.21930121876795328,-0.05101287973273125,0.3582503184398369,0.30944181463903675,0.16527023070335412,-0.14829728853196045,-0.026475338511510516,0.11506481442446703,0.00098164863513351,0.2219100802030367,-0.024101598750586678,0.006420721415571595,-0.04692960155494197,-0.044881196900949716,0.03159555725106533,-0.06953621149563247,0.15751874583052605,0.052481132395307384,0.03527890250849036,-0.08339683798011022,-0.009968380612233041,0.03693907444575173,-0.05307196407927062,-0.045967434090042114,3.552713678800501e-15
eIm_102,-4.000381688786655,5.442377206431229,0.4408307191498121,-0.8443954801520466,4.3240229761026026,0.7844648477457679,4.122986234882947,1.448984896296104,-3.602190357182107,0.7017511594135557,0.3680156306482549,1.8897407831620026,-0.8932828598427224,1.8845517691654061,2.836473696714491,1.5413102103084309,-2.2425183288110904,1.0176704281437867,-2.1610183855669334,-0.7741275895588225,1.8492631264900774,0.3640068362514183,-2.531454295374208,-1.157802833098972,-1.3310410340280974,-2.2062264398509033,1.367730098729968,1.7620750489718857,0.8770486817844796,-1.6527071194856544,-2.738456513705418,-0.8503548094704272,1.343829579076409,0.07065800463904887,-2.3661767048958224,1.530678377793065,-1.2081266809501074,0.295249836573326,-3.586187226972106,-0.8539662700712379,-1.0642010046123072,0.12178746917991656,0.4835409923820549,-1.7948023125339723,-0.889490878488791,0.7248983830832596,5.020877818862601,-1.182461085294548,-1.225737120388403,-2.805060705319003,3.0234224449999134,-0.11539061130130654,-1.0125823373514136,-2.222802183626252,1.4734679805603654,0.04811858665391355,0.8908415874932832,-0.0904573723232765,-0.21823235785266837,-1.21349866309298,-2.139762391295325,-1.981280079736711,-0.5351769252308611,-0.06461953047500413,0.4983106145522944,1.3918200883543408,0.425716977759582,0.019148578870153754,-1.0295385135081754,-2.1209581204912067,1.6929977699786927,-1.552821025558971,-0.20849291933561753,-0.5000627984008859,-0.8302526338309797,1.0168106684907503,0.08082535585040251,-1.1862626516051165,-1.1864676116111739,0.04669008815621234,0.7291574026247695,0.5694828272454059,-1.699524044603103,-0.8855075078351191,-0.8862105177588937,0.347425801008095,0.12852819506465718,0.25450157479000535,-0.6919120484005956,0.5117112982599062,0.494331955111028,-0.10574844392865235,-0.09927567815508062,1.0268804843094101,0.2859676863839775,0.21804603851882942,0.2861385411050143,0.6320649209922559,0.30944497337526256,0.3597307321150706,-0.2015017398667745,0.29475401970073634,0.034182119069788325,0.2921792686507804,0.033824476091794176,-0.41138912566049546,0.880962559354514,-0.252115201184129,-0.5727225518111047,0.21280112061879475,0.30040903535099417,0.7846097927129384,-0.33313259259578476,0.029186881363844328,0.026904978301600324,-0.20258726388124448,0.21599446928484334,-0.28440457250179096,-0.0426603189532343,0.15357215202434554,0.47238546278748483,-0.5140397823112242,0.7394434583683832,0.03249987418439859,-0.31434665015267593,0.07037921438226646,-0.3374702556821292,0.23121212931373947,-0.34978981950424415,-0.3260629974166731,0.4933786217518038,0.06924858880421814,0.04951682773992547,0.010047302615172744,-0.1254365535588805,-0.4333804378278645,-0.08212072727168473,0.2796825792937495,0.02949919246967736,-0.4203847412798607,0.12567043391552235,0.30421083666949245,0.19953748891498496,0.4936803419943019,0.09158413570084722,0.1246859698702368,0.2803994296137864,0.5294397576709114,-0.18208871152592426,0.25498731730056656,-0.24514196870203986,-0.07692540606940212,-0.0445953262981047,0.048934786942846406,0.37323216650985236,-0.28007843924289133,0.013021055261941417,0.8515926607761303,-0.3767985271090064,0.19873921955752327,0.3311584416576683,-0.07417410555783521,0.9346223170266572,-0.7742319743459136,0.6056913234236605,1.1548372392342081,1.356761818795897,-0.917335140514776,0.46878692852329235,0.7407949938736083,-0.39905151794715255,-0.6270383487851823,-0.7721021327044272,-0.43203048272704114,1.5430538564119205,-0.31648635537226083,0.8072326069608033,2.6645352591003757e-15
eIm_103,0.05780576152228534,3.26089673859155,3.1757922303447983,-0.5149732525840474,3.293408698120655,1.1085053840853931,2.4655091680678756,-1.1162619219726515,-5.0045135518669275,1.7369944668119377,0.1317827528519528,1.2591949831021032,-2.0752721978979376,-0.2613935363717356,2.0257179602338824,-1.4722301102010118,-1.2571466702884635,-0.2940360178206922,-0.5814894104267105,0.550573649063931,-0.19901001605526003,-0.43808623719145834,1.0114933282244674,0.3894611121041828,0.8146121061805773,-0.6594990871865886,-3.033121342255926,-0.5997662369552302,-0.375998637388233,1.3469379396276528,2.3558217331555884,2.5049467326012964,-1.0860958651395067,2.155124811278528,-0.09299963428794494,0.035039719818712456,1.4206025686233466,4.963833602859501,-0.9825535308584142,4.7499253152887,1.5407041615854744,-3.1900400188303006,-3.6389718111775453,-2.9604393782457703,5.807016457894157,1.316743136716479,2.462934136178218,-4.219740137684019,-3.860970700574863,-1.2626320041197432,3.9033026188707973,-1.9021521145828237,1.3862567124408236,5.6713504903443726,-2.0049355410732046,-0.44350959676068347,-1.303624020548087,0.8358781455409556,2.066050469185813,-0.4385500009450801,4.174829023370795,-1.2763381907017055,2.024902092087109,2.4325941568049334,1.1175540791034428,0.5699398817060877,-1.2288468428953376,1.255786126588687,3.4587847291299108,0.05866798668916734,-0.23491929936139067,-1.285869172745962,-1.9126228125155624,-1.1822325692220579,0.5769488368869193,-0.37573452510975525,-0.04148491210493005,1.2791778049273936,2.670544049288832,-0.14649367621553022,-0.5116933219879378,-0.7276267608401041,1.285274562847068,-0.9685605243010829,-0.20649023737852756,-0.08184351760630952,0.6560430262593459,-2.0039820691744077,0.2325431384452829,-1.0119981864921903,-0.3654113727962061,0.2178276117842587,-1.5632869376321015,-0.6436421190719729,-0.8833805057893638,0.5571382468664448,-0.6051474901458627,-0.3369802440225022,0.27223294824237754,-0.7927171017051691,-0.22650302288079688,0.45436738447368574,-0.21915918889555744,0.23108471071778772,-0.6406981597807593,0.11828006215630296,-0.3107735464826378,-0.09641855990327372,0.028505722936551403,-0.07993250509892336,-0.854936143677443,0.5839766932097652,-0.09583881628195237,-0.5156124855866989,-0.14927842542665015,-0.7702483729504248,-0.45189218127859704,0.4606454823098969,0.2387331225452463,0.3826807896501373,-0.1784444747688948,-0.2996807590163941,-0.15988512944419897,-0.12391000538455998,-0.13086765326512872,0.3894043263014145,0.27099993677616974,1.0563174215802067,-0.8723681641366388,-0.4284994133375466,0.18423539703433156,0.3886571295318342,-0.0008379996785987942,0.08309491313166435,-0.5682142319471083,0.39321720395087056,-0.15670074235770176,0.9624765494372229,0.03993039606835069,-0.10307273070580558,0.13794478337896732,-0.3869271374049996,-0.22458806794655195,-0.12447169122212898,-0.3119984416651689,-0.12475434423549703,0.4731016075244727,0.06382401225460377,0.4211746692536271,-0.1620265162428931,-0.1614696682663363,-0.017088625947506264,0.39981638250791574,-0.07499281498341902,0.1323581381351781,-0.04461261671777317,-0.16797838074777083,0.24149829073667362,-0.2425690464002963,-0.009385868820685594,-0.28210723265435766,-0.04275840393679386,0.015897569410241258,-0.0406306215757499,0.05197956423164918,0.07248003925217161,-0.026626390997878335,-0.013055310659132735,-0.0005479366216782078,-0.11412597113323109,0.1776505378084603,0.04359902975917346,0.009793830040298657,-0.00431668090004278,-0.07854794521150377,0.0338875702761986,0.03350855183628032,1.7763568394002505e-15
eIm_104,0.12206027932566066,6.121142142379105,1.070179361284517,1.3823122061556798,2.3856609399850583,0.6435833630963839,-7.704543577533429,-3.1147935906468636,-3.222278255726562,-1.542915023938889,0.44012729520095445,4.089380202017834,-2.6610245297533788,-2.459303894275763,-1.6492277267345603,0.13275592126412494,-0.7483723813090863,0.9524729625278774,0.45261882575107293,-1.3213874400148364,0.3677871837252871,-0.8317753311557575,0.8946937168586155,-0.06294863783803661,-1.8127648271329428,0.28681052617829117,-0.7824557568320011,-1.4599647969886416,0.24841686258068213,1.9664926579301647,2.062094304184507,0.15438596029178497,0.08080854482629407,0.41097125647817595,0.23913471676043135,0.5339135879778051,0.8927716994831696,-1.1871531207590382,0.6472279487336559,-0.6940286988814683,0.9313823326772186,-0.4947873270153371,0.6227701080418512,0.1300229335447362,4.509027695891684,-3.563153191335314,-2.515176810814777,0.8758562321383745,-0.08169688960236998,-1.1618369617574515,0.44061844407490675,2.0001529450439044,-3.579802497538539,-0.5344180165499627,-0.18306491430133465,1.5594814716711352,-0.6484842070648534,-0.8827457430276624,2.2539047877610607,-1.642605049721589,-2.97582284562221,-0.5313250126495485,-0.2135961106295663,-0.5465454013031246,2.5902936951152142,-1.4763330512039352,2.078557629049872,0.9230933656548934,-0.4539581343393453,-3.232975687080742,0.06307942950123002,-2.1955273179860737,1.3841638049832838,1.0463077561250835,-0.5486915514133965,0.576999732979338,-0.032645445504842496,1.4345186399562366,0.475085445109395,-0.024586568302570222,-0.27897970111915504,1.5237477024056623,0.2748078412682508,0.3331882809994591,-1.7713997577699634,2.100530856731468,2.393160187821543,-2.1190332363756252,1.6773896906786039,0.32006515192743,3.270619427297621,-0.6686413234916845,-0.5637075277872233,-1.5427161598305028,3.001004119323933,-1.2953144273979562,1.192191050914329,0.10336482011061869,0.26028592240904913,1.2970040700044434,-1.1994199776095313,0.2049295170820113,1.9528669050219252,-0.5029795939404711,1.0659386904072923,1.637767583363156,0.43010918857861147,1.111115142092643,0.031597108343384916,0.0347190331852939,-2.0456631926450086,-0.533148159470112,0.3409319932180102,0.7985428157757816,0.08706710481967361,0.5380912221120588,-0.6737357587043555,0.23330433958395957,-0.09622380555219734,-1.8127494899176166,-1.0507888207233367,-0.28811388740620636,0.9120076467234097,1.6370338864621012,-0.4311037374095277,-1.6999739700537306,-0.4406393328688212,-0.213473523432687,-0.6065774108396602,0.47572818476929624,-0.1503334508737264,0.019138944498850452,0.27118359081310706,0.1429983791748447,-0.11218135626787418,0.16529861863256667,-0.1897941373329109,-0.09210883174538093,0.9971580313708632,0.1141679557516102,-0.24605062022001323,0.6068251882145139,-1.1063430535198095,0.025827255388998216,0.006122248660600488,-0.5203915772793553,0.3736960335223829,0.33066898914082754,0.4308226938216241,-0.3574707533138761,0.3693109970198208,0.5831115991583098,-0.3657417179882463,0.4831335556077808,-0.0784941451906552,-0.15117746556573386,-0.14034964689622198,0.1219074832282836,-0.19074918293369236,0.15874152633007865,-0.03879980425774798,0.026583663768077755,-0.06281384882525809,0.0500756296846451,-0.11979338994709265,0.07933492274238424,-0.0528601788399391,-0.04094258224556613,-0.11828581441817512,-0.08375051172211223,-0.2697169762541245,0.1263428943400891,0.05419045841761094,-0.0019176432777028296,-0.004977022769929174,-0.06221493109295939,0.014115748083284863,1.7763568394002505e-15
eIm_105,1.677056155525193,-3.8013933200609977,6.203912346702324,-2.1708279519853235,-0.8198825245650938,-0.7282169782789998,0.6891505825648835,-5.232159963738649,1.7292338020079727,-1.6740576818480122,3.3997915538921486,-0.13567341152303003,-0.9091145757532572,2.765092458696276,0.02751948779426827,1.847599253854289,-4.053942194681846,1.2503856363577353,0.18350113634982956,-3.82453948239346,1.505689657929242,-1.0819614744005586,4.021062512946661,-2.585892998870354,2.4100378715271686,-3.093585488867735,-5.540725421019507,2.7170619086761696,3.1979075322192387,-1.6276614994456102,-0.8941253078116278,2.6437312398136807,0.9516735857724035,-3.88451178447998,-1.8086238008921738,-4.414892903974302,-2.6935561138194073,-0.4433780697215323,-3.689923225055826,8.6207673059348,0.7058291368052798,1.0913940932637642,-0.8005681116150238,1.4165151985923843,-2.9016424480365925,-2.5487941020819203,-0.9231331384642787,3.9886524496466587,-2.743142509601453,-2.6805933584242196,-1.2774748462131915,5.023615488474799,0.4710252336086466,1.8534414579607075,1.0040729062917915,-0.7209130537385395,0.7995880081266803,2.448565012935051,-2.5247594881633972,-3.424194100704529,1.5557463347250415,0.169643665082864,1.6713939976062253,-1.7075086207344072,0.52797579937916,-0.2202566347959184,-0.14625339164075718,-0.9620270994784734,0.09124601172273072,-0.761119384618087,-0.8129384644731497,0.7168220230001051,0.49832530361712934,-1.0818987258863033,-2.8467028756372232,-0.8312258163054373,-0.3808273008592203,0.16792887540798462,0.9686681421728041,0.7830722918495965,0.22046311587378664,-0.32601305408099085,-0.30938453794238735,0.38446535318561303,-0.4058525594392206,-0.3140616991150435,0.10429255960082773,0.926444288403296,0.5033880608630062,0.45435599421502404,0.7356414226398381,-0.36309184092978775,0.9673779322102661,0.43118247496341766,0.38276533974846716,0.5245789955972586,1.4498440474070375,-0.40024483403482586,-0.6763821536134242,-0.8032709990933242,-0.03258583953739254,-0.33269840472420603,-0.8402642061743795,0.035483301724302085,-0.17276412257276397,0.5904165679384201,-0.7542911307682321,1.1808324520685276,0.039565575397314534,-0.27997738021617213,0.5372064319691693,-0.06801458515737546,0.009005177047266194,0.9410762276547989,-0.08020916064951689,-0.17888214651894163,0.41240277060991093,-0.021862425107883166,-0.042030961437071634,0.020068555913048125,-0.1404844169313345,-0.03695469729006362,-0.29492694418368914,0.46348935782764056,0.20250137363436138,0.02302046441088812,0.4469010106620461,-0.34925580687495217,0.7052507041708382,0.17612763457585112,0.22203429666885577,-0.4153033788129637,0.2965307327236568,-0.13630806892896652,0.1481133581982289,0.14460625234118374,0.04988738034731249,0.04508844707301879,0.22673362587553664,-0.349118201339653,0.059231569710910925,0.28947549710504616,-0.09160266786945803,0.29467544086094455,0.05203343804358054,0.014592538853578113,0.025100724940233354,-0.14729719638595967,-0.04814650490636474,-0.07263083160452877,-0.28246656891108074,-0.09994675428934496,0.13810607690714272,-0.020661899475527545,-0.04156880474814681,-0.048597372861681754,-0.00547730807095359,0.13290286546211616,0.052360986952353694,0.04362120997304797,-0.09008737147551682,0.019481313780684746,0.09050923758788021,0.010629393318623587,-0.13202699884065394,0.02001590408510423,-0.05220298474513718,0.02649605378898945,-0.014279279628439556,-0.0027792964951460775,0.060723182205669524,-0.001575260892517083,0.08973890970897513,0.025011493573482646,-0.03346778531639916,0.012822024366755946,-0.005570323950698675,1.3322676295501878e-15
eIm_106,-7.652850538108996,-2.8953726632346526,-0.44981284119650033,-0.2511226269227098,2.050186229093497,-2.889472351683568,1.7800483146953954,0.7497855560651978,-0.7007835209518466,0.5893667497435284,0.9958659657238461,-0.08278108121482664,0.07428941499106012,0.5724017243983943,0.7744093338484712,0.014635340055169532,-1.264886533747626,-0.8503688015418136,-0.732036831670583,-0.06699601221885074,0.1559100915228216,0.08440048022557989,-0.8580740839938883,0.9832164778896593,-0.6217951702414234,0.7049943664771658,0.9565380407599173,-0.11377976696636849,0.11834227898595884,-1.2927899808264571,-0.9474932123752684,-0.6652593087396326,0.8224871207189901,-0.4158648094597847,0.5708470590913635,1.6116169726171286,0.1613934820210018,-1.0364215204260356,-0.18751757109382794,2.0873744925659024,-0.1547859009477814,1.0331473924431525,-0.5687334332153176,-0.7967800293493866,0.3388348630626184,-1.200137514468405,-0.33657025806888324,0.4407491731432369,0.012189191452031234,-0.72714006717726,-1.1038734586428656,0.06914609768487848,-0.2688720770267362,1.035699969151678,0.6178782671178362,-1.1366761062176467,0.1406238188232367,-0.9738852861602387,1.6510149959443976,0.3015642148525656,0.22984203939742864,0.42598028544355826,-0.05873172340031241,-0.015514822908471393,-0.5674426501619454,-0.3276829092900887,0.16356748503065333,-1.72330894277196,1.6837907395072282,1.870994042300928,1.8091922728159135,-1.4206691878875486,0.950884851048009,-0.6302474741040003,2.1834457230441915,-0.7784875834694152,-1.2574762593772602,1.402775341316894,0.5746530793463844,-1.1176491832715836,-0.21748539697944808,0.8457135049032315,0.9701409759289883,0.11267571114442143,-0.06675893765297736,2.165467492149757,-1.2785062475387226,1.30868220610907,-0.4795598499709859,-0.2656006541022241,-2.736114344947848,0.48045867453052093,-0.5334342524089125,1.5861816503091217,1.048153307863177,-1.678279554602242,0.04809956342297361,0.03604325819873974,-1.7351384557876128,2.018586980833071,0.37475307978676065,-0.544671751080992,1.5615856150003729,-0.5333852380573485,0.5507456968502059,0.14830775964104384,0.3255811049931,1.9326849677777527,-0.1175794564264388,-0.7221871626569966,0.6547434264599362,-1.3670139993946149,1.302055465219577,-1.2287530997605174,0.4831300539640091,-2.108397048125105,-0.4494207470061001,-0.4817033503494299,1.6254261880876215,-2.201869564963946,-0.6508120803273684,-2.217059207063566,0.3476355040701022,0.45900684314918005,1.8010070813695447,2.4333587517613022,-1.8562869465189131,-0.3100238137557028,0.4019860536245826,-1.5865141256479172,0.16080392954739242,0.8558843253068791,2.0500581120254067,-0.6745117181372687,-1.2405083797260152,0.11712941980594116,-0.5678809745577384,-1.5203591072838138,0.9677116103922783,-1.6925702422588542,0.04314423373589582,1.2886022416221428,0.8927576364232933,-0.31770787160653857,1.0806626153302292,0.3213356825062506,0.22081761641064945,-0.032521470060607016,0.20697920606660536,-0.1922569057744583,-0.9501026469743656,0.9188295931444195,-0.020299099255334907,-1.074296343090362,1.4698123145594868,0.41848206121751486,0.28648796917320674,-1.0476113767112658,-0.199895643367498,0.08944987045166652,0.9195289961354813,0.381684052245656,-0.2723719834101754,-0.026711312382245195,-0.1798056570468065,-0.014187970550430085,0.038976445326828424,0.11503134480228239,0.05583927548717235,-0.024604374116439676,-0.18289387915444988,0.10798041630564131,0.0941310245951621,0.1452631220879761,0.04496808861334556,0.16686524678651393,-0.01898293925080141,1.3322676295501878e-15
eIm_107,0.28249165621411265,7.514263118790957,-0.8745980918535468,1.5926711921101608,2.8862621780554854,0.4621655889869467,-8.179357552524184,-0.5646307589273794,-1.2994213757329232,-0.9091151342482978,-1.8548991628121412,3.561151435598629,0.7568255281493167,0.34537589779064826,0.8156114732776789,2.2292557199668397,-1.3844590142279705,1.4806281664999508,0.3889578249040082,0.48969292763739625,0.8185994884081651,0.999567534471665,0.4739696041687578,-1.4914066559340105,-2.6882351643865734,0.7866525697055406,-0.2954075971632011,-0.7224657589390397,-0.6433845287573435,0.026436346948368605,1.0960360972860543,-0.8259059738108909,-0.008955657201816125,-0.03334358001271742,0.4256855410899247,0.35888607777040027,0.7872753274475837,0.22970303388483532,-0.5360197981223185,-0.8777686125861018,1.1015119262543727,2.2319205804432256,1.7675684422663855,2.5856478380759724,0.204426599644431,0.4160768491284648,0.7870790750551857,0.7732243680919445,-0.03934610672857819,-0.6325812872020047,0.5132283432579757,0.6167492524435514,-0.6868735183751633,0.17088237594240757,1.3728832900069328,0.49224863989306433,0.3964684475111414,1.6612279863730928,0.8853635360674723,1.1958311783034772,-1.7056023623218595,1.7137911224347602,2.544573348870148,-0.6857241080178382,-1.0928951626604522,-1.260049412755111,1.4805966341035612,-1.5726269696972903,0.7161244550525538,-0.46241425893728133,0.5559411840181427,2.82331810782843,-2.5268904369646394,-2.733611914422535,0.5327368451254204,1.3167134314737172,2.511442764051773,-0.18617059243787282,-1.274109906400375,2.6151226650816275,-0.3401702638164513,-1.057540371235953,1.3225855438114176,0.38198666085684696,-2.491655090976373,-1.9380272081208771,-0.6668834648109173,0.023116374819674768,0.512408780809334,0.12443435965117011,-1.5574888009399794,2.353916986005826,-0.4491831294469387,1.2467716585291901,-1.1235901228262606,-2.617723840654009,0.880275663207644,0.7755403363700981,-0.17163309042183283,-1.8015146019419583,1.2695127707285088,0.4309882086894656,-0.5996243181401959,0.3853670063097247,-3.4771682324294706,2.271671824734776,-0.6798536451555335,0.5710423638390782,1.7091248634322342,0.3990450399359363,-0.7662690641577893,1.562369910807325,1.0645163327110858,-1.1733202299548833,-0.05011034514900503,-0.25948887685606814,1.7550174337263407,-0.8413864556939712,-0.4053226755094389,0.7294570789961433,-0.8296978369849247,0.08174490924234323,0.9201863350433079,-2.2053102558254354,1.0572986554370412,-0.2799584639068097,-0.51697707746579,1.6801024406989895,-1.2164580080829541,-0.565355350431135,-0.04935075613390838,0.8869251690103901,0.20098459292579748,-0.735894790386741,0.5923679834757154,1.5002952024636784,-0.4040961611218809,0.1762959829251371,0.06585353638908692,-0.7642602271025203,0.005541524325885172,0.022679965428474058,-0.535659904329002,0.7420537090156241,0.39943554885396704,0.8247357479474356,0.06339072167910575,-0.15856494544486988,0.07264156125192478,0.565467371458207,0.1966200644661767,-0.1660086844166868,-0.2935133392397169,0.1062820935193647,0.013562743917199057,0.4282930163702394,0.01433136025433912,-0.07103600853916303,-0.32765901760381055,-0.049166616125230655,0.25395323973687023,0.02412266971046729,-0.03020731353439851,-0.5821648082489853,-0.03306052827656547,-0.13936414919483087,-0.13535070525375603,0.053466759058873436,0.023879961795141708,-0.16194892525198146,0.04497509718735593,-0.07453048648862115,0.0553585665145766,0.07066760112598636,-0.021530982324068693,0.019552582050782696,-0.05400567337978257,8.881784197001252e-16
eIm_108,-7.6175595821168365,-2.418506119811179,0.38090860611888433,-0.5848722720072992,1.9385685409157245,-6.3134299372785785,-0.6432213931755354,-0.0947644061456705,-0.1032489036000388,0.7660680808478826,-0.7910335107553644,0.5467933067480182,-0.5024109466147927,-0.6178150464560919,-1.7628150920842798,-0.8324250961476798,-0.45327541971263074,-0.16357542827762162,-0.5116210924008684,0.2801566087503292,-0.5483652541082396,0.16906290087881526,-0.4184404598492917,0.9130374846302935,-0.3580344019879593,-1.1874257754718864,0.24598174215090626,-0.9054756354743475,-0.22015626507524722,0.9893861964134162,1.776915205526728,-0.42703862393073844,1.0871930014366797,0.2618157092047276,0.856014957315961,0.7544694582801468,-0.7282363271155085,1.3100839008994116,-0.361252268295989,-0.8900090097585439,0.47071436664519745,0.12830596149274576,-0.6033673732056657,-0.0668163420664577,1.7797479039623356,-0.04451396080736887,1.3802644392930647,-0.6401908440987911,-0.6119204937544376,-0.21147417394799828,0.6668322465449582,-0.7206573783225324,0.5593445050228609,-1.6728192852697417,0.14116843120031752,-1.8746984893753709,0.7153375715789064,0.3890077875385285,-0.7516608283995727,-0.8906892043128324,1.893680208179306,-0.4616808985859616,0.8901798811412811,1.590987763527722,0.1790047101599348,2.102353384895488,0.46443976673693815,-0.6200673138440163,-0.7817415012563882,-1.2523005683750148,0.08704541279677591,0.07944567409102882,-0.9285612175423577,-0.6230091322392328,0.42924034745312345,-1.3347754759202273,0.05000648919568801,-1.0853706177825362,0.803610570669246,1.0578069904033778,2.086379568764296,-1.6022023440070368,0.7874144990521008,2.8225397855644276,-1.6341880959596957,-0.8336825489891904,-0.2163997907399463,-0.46276739121537913,-0.43886354591739596,-0.2573291289996692,0.4061142616232517,0.697448088781287,2.032498381251725,0.3174340994066984,0.4972415407531503,-1.3138813109382736,0.05974252304485328,0.4631238692799583,2.192779970814935,0.2151701853536851,-1.0356009666398935,-0.585539654134668,-0.5938870256748217,0.4228946698708953,0.5859251840499905,0.3586469589916699,0.6106383339213164,0.005320436818481988,-1.3406676616506783,-0.1786335973534388,0.6364971543347301,-0.9744190985396604,1.2578208546080039,0.27468724435566494,-0.23993033459762114,0.4262019809009028,0.648451889360288,1.6873600825875439,-0.29006662234901537,-0.9512480591939543,0.9952965960092199,2.387086323842132,-1.119671318771639,0.18060850659099492,0.9286760124806579,0.47763165939717034,0.6487242533691238,-0.5318457370533682,1.9126159572701837,0.06956839524740732,0.625109400006129,-1.2295165639026167,0.37842833521514785,0.8923482811253839,-2.03481916660438,1.3655488024672506,0.6652410086047484,-2.2677574226656385,-0.1471677588546611,-1.0676539326104044,-0.6312032899270024,-0.7723072808056611,-0.910784929046036,-0.2640792433185749,2.273833246091015,-1.4278755229142912,-2.542913437580488,-0.30006962442689006,-0.5286444046833735,0.41023679450790707,0.8454164597289551,-0.9821833795648937,-1.964103320850413,0.5710622387955846,-0.180655768365195,0.4986246468797553,-0.5353116679529664,-0.5007088205515378,-0.7146593911527905,0.5666171937318814,-0.09238703862788555,-0.4794001411807408,0.03433803220907196,-0.1218367742335483,0.020116812300802644,-0.10232623251569051,0.18529846287572282,-0.08725823965882895,-0.4132378898688927,-0.24388321690020398,0.11092967520945463,-0.055218220989758204,0.0018230306100950333,0.12674587283770133,0.0912669071979354,-0.09173713719172416,0.10179445197303327,8.881784197001252e-16
eIm_109,11.457756378504428,-0.9518804922440472,9.579243829878221,-3.01315263035287,2.267485509760574,-2.103730753714192,-4.78330837590775,-1.0916391391907485,-3.557472371874032,-4.861670468853001,-4.899337295935497,-0.5516522768609458,-0.9473457310196985,-1.7859282595220811,-1.3764618279908176,-5.366316757765924,0.7923742745575812,4.883152345964341,2.919856246108842,1.1416065527813544,-5.479920105380401,-0.8107991510869111,-6.149488082535552,2.0881912553109707,3.5273071044260513,10.731108609255948,1.123520005083411,5.883183773357291,-0.22049941278568175,6.279835273418109,-7.21740287732066,-4.810271214208123,0.7323682481032865,-2.101944806332658,-3.210109213075258,-0.2874092591890316,2.515345718901571,2.3648762647089985,-4.164232687432721,1.398433508599956,1.5438129661817834,-1.2700594291175549,-1.2981590873744067,1.5400555055502894,-2.8430991575310243,0.33652554576502336,-0.8585638920773011,0.29669185442126333,-0.38100190890484775,-0.11410388502987612,0.36790853041310395,0.2365516163217967,0.4048266247202516,0.586198112104463,-1.80466520267911,0.14056792259675244,-0.2614714260995664,-0.6784854340750148,0.17549829826533503,0.03968936659465157,-0.08365204667469706,-0.695082580119916,-0.40408247449664403,0.8607555179646038,0.2760430358655872,-0.25374329756975034,0.4285682582639632,-0.5685470553681258,0.5549982664314179,-0.33929136176501357,0.32549399196731543,0.035993549761574144,1.0640061705492445,-0.5569632644878053,-1.1315240132248152,-0.7040257501261047,0.03939252253863573,0.3964644263835274,0.5664446925953044,-0.3437752963613385,0.45259860643465044,-0.9604335389927617,-0.27071539024927055,0.2315412255033501,-0.17332745932051719,0.03565948536446786,-0.24737458504509202,0.220977319744867,-0.12282098062036934,-0.09655015138397482,-0.32152061800694237,0.6844780485970968,0.24580158004026154,-0.7193627959035631,-0.2383948279900261,0.15902929695299006,0.45515075632926394,0.3290649642543778,-0.3521320998044293,-0.1039365409518036,-0.20514578932202987,-0.028506121114757754,0.13149536048609353,-0.1887791668017597,0.40795404327439566,0.1625553554218935,0.4623758074948625,-0.1932491917055203,-0.023496945421916826,-0.25884207017065375,-0.02992320162001516,-0.44555973298751383,-0.33559046346627663,0.1373273771944144,-0.06678212744601442,0.020734117213706105,0.22937514768934314,-0.15253928010041795,-0.3127684377760863,0.39754705058254963,-0.009032605526296034,0.14545910761853875,-0.05774675647670491,-0.044506472365865246,-0.002535154453377375,0.09109924374379347,0.15151555396595695,0.25952592288372534,0.06468453448509193,0.023551321426560134,-0.07780863840866936,-0.15968506806002286,0.4876592922009342,-0.08397542100475917,-0.04106878072341236,-0.06894002414207834,0.0011175878220479607,-0.015096130002407782,-0.02837825075628725,-0.06321534277355711,-0.10096831095819314,0.07358950327723102,-0.01437246003237258,0.06659303734022026,-0.17992673072283277,0.02089177715671872,0.11441556754825599,-0.0072426429319177865,-0.06840287730791106,0.2422395164955431,-0.20526608710373462,-0.1626385971449591,-0.2072399761318855,-0.17948250756304424,0.023540914161628512,-0.09338509731351463,-0.08243684193646428,-0.07115481430927817,0.014311834327604078,0.1106274768660388,-0.02778461856373493,0.035211743793493296,0.08095328162032761,-0.018282780013458372,-0.043629979248422046,-0.04033582713686168,0.04656000845691133,-0.025583600623955816,-0.059189587620181394,-0.05034616790617441,-0.008363793247064377,0.009146613751642996,-0.03956253091880191,0.023928183341238585,0.06197862489667216,-0.011749477175564182,0.0445315033988275,2.220446049250313e-15
eIm_110,-6.079339078815238,-2.0753947013728853,0.47283139394150364,-0.39499948360864856,1.9106363773287616,-3.746438676655668,0.05676303007651995,-1.2530973527784062,-0.13731671801505974,-0.4482750481545995,0.2284374217362325,1.0542668026113393,-0.692437322431325,0.4552287496860006,0.25444792435615615,0.6740011853590921,1.0812795375288744,-0.292634938205782,1.340563705059342,0.9773422307200069,-0.6728543612567996,-0.2534466755894097,-0.7414040357326743,-0.09941391434856595,-1.2585575928446104,0.35197166224566345,-0.8340784473941764,0.7937204921273144,0.4266608072826113,-0.8777030233007228,1.3676924971181694,0.8376134350779536,1.0297405684875285,1.082442749682214,0.1286128402701764,-0.44352782271986735,-0.810176502204471,0.3023896682743324,-1.3797948291568076,1.1245333304583482,-0.4531096043320522,-0.7419507365841223,-1.1462713572990226,-1.1071503037445085,-0.1718419952926321,0.48099533786389614,-2.1457079489865465,-0.5897931986548588,-1.957414997523165,1.3716927333956193,-1.5671477483695309,-1.2148282847281855,0.018883704946978053,-2.8690977039127135,0.20513058091723502,-0.825448283388944,-2.3834569322588766,2.5148527103584932,0.16447634929943034,1.0758414154063038,2.432327581634721,-1.9833795446776397,-3.3633109414530873,-2.3955839012996356,-2.9780284210828474,2.174757203234652,0.6657097613367515,0.0003835088508244988,0.1879385132954663,0.4678781835952105,-1.3764803027620423,0.1546359872478385,1.6482146604556835,1.4143281361067985,-1.837831635422431,0.21672062971263895,2.9967200783210686,1.45123910210607,-0.9080809113064328,-0.7113487329179311,1.4798541783604056,2.5628791828869644,0.9229856423797811,-1.1537599455962428,-2.1056938047907066,0.600293248481321,-0.49172825508508167,0.4752770964245038,-1.0534058529849273,0.3190986056176939,-1.0839091442244122,0.3887243087239751,0.9663163622346128,0.9338488767056811,0.3242833812505793,0.43147635574479426,-3.26842084016711,0.6171665651424432,-0.7435385165416635,1.2033583651703013,1.0572957460848054,3.541792875706192,-0.46490184149795133,0.9530059678721066,-0.617031905042451,1.8128446673392429,-0.5735190567523449,0.0874489974666153,1.590270787302349,0.47381458056070114,-2.5492927857746666,-0.657495764209856,0.26248523220412034,1.4202400360732617,-1.5272868975843488,0.3465965761304628,-0.16089514560101514,-0.5086630024237957,-0.041432150845091664,-0.20934231098463912,2.7573583561690347,0.15684742504637716,0.32517265592079436,0.7654538228699402,-1.8806284220780023,-0.5682720108037124,-0.6115934221859728,0.41269406079346227,-0.8177002341510631,-0.6269448988153825,2.149696082358548,0.5213742435652768,1.2642413812557585,-0.011753011976807708,0.11512297834199181,0.1784100156903643,0.028602412800128763,-0.11818990898382614,-1.1054046819335512,-0.015518170733900605,-1.1255060708175548,-0.10706945576874449,-0.1815263269038922,0.28913693585717914,-0.3153185464328828,-0.24717843558294605,0.16413200173583342,-0.25729841175553564,-0.861213911390901,-0.49038951037317013,0.044339213196158606,0.5104134169233996,-0.11885634318524518,-1.0619765847226597,-0.9528941462141658,0.6779072294246851,-0.4136758688847002,0.14318811367451068,-0.24171342078851532,0.2614716510585616,0.1994911168003688,0.05695051918383077,-0.18966682527121925,0.010970921466422284,-0.07378283006873532,0.013372458671724596,-0.13229438901507162,0.008290709532389196,-0.025049029405518286,0.12898940665833214,0.058032456938208465,0.07098510203692171,-0.03782946120177333,0.19878079178130204,-0.014497606727238765,0.03809190868606116,-0.0023503743537670596,0.0
eIm_111,-4.048085602375846,-0.9765474578089669,2.219058157747922,-0.7300527871617781,2.135651361075423,-2.5411019447652707,3.0014078155320942,-3.2249793681879684,0.22860099809904533,0.412135042093421,-0.5654660218461104,1.4423161295427673,0.06897159514063272,-0.1623994417157526,1.5080486188667317,-2.032142931164337,-0.03669518015421149,-2.5974688779088195,1.2907889632175276,1.247326284054776,2.456755429384671,1.5853534268994487,-0.5938884121662369,0.2386674188647518,-2.6755176167075163,0.08795383506252641,-0.4984779948317676,-0.6195046084250617,-0.5070898792729549,-0.9708275865460749,0.6908557218779043,-0.5292981112958499,0.2608707501001981,-0.0404565221898065,-0.04638659903541256,-0.1825279786057885,1.1673125084334652,0.2953249803402321,3.161947709220441,0.3253164180401349,2.3830649945541484,-1.648691507915623,-0.9449110348044647,1.5153520299210705,-2.8283535145794563,-0.19514131106227994,-0.3390933118857205,-1.4227161510456734,1.2413282056336026,0.8656424785316025,-0.45752528398031783,3.052020365563839,-0.7938606268366755,0.8079316780444662,1.391279188481272,2.2079851126221435,-0.6747529752271089,3.291365806456665,0.5218512261293149,-0.2264507030163932,1.9805599264715203,-3.4420290323122407,-4.1281294448761106,1.5018666350164371,1.3054907584945208,-3.8215258955623366,-5.305101815277447,-2.1140679954418777,0.558108962973449,1.932340601272568,3.719966057512768,-1.7564605445173012,1.0305267137509324,0.006207589736383801,0.3590630174225652,0.1323192196685874,1.2173214485048505,-0.8512106745383043,-1.648781078236536,0.520630599249461,-1.410020764829091,-1.496424510865216,-2.108077315052206,-0.36326273917640983,-2.244239995441935,-0.9320372301157628,0.9364674158332166,1.6222187959231331,0.12408226726282068,-0.5762259150499379,1.302755531124985,-0.8043976212404952,0.791839416782928,-3.008626539423372,-2.093717519728542,-0.44619308141042324,1.0592379411658532,1.2045779911859569,0.837003540083726,0.16464963645506936,0.28478156801430965,-1.3035152330546533,-0.3915798935842192,-1.500320019398528,-0.5337855065008152,0.4617702804532402,0.8947640450397009,-1.4589376168537653,1.354199044997364,-0.025397288527524542,-2.0431332696924547,1.0514946000461554,0.531422484209541,0.17884325607959023,-0.46329809642382613,-0.38370445723983493,-0.2565621325165483,0.3759476182815362,-0.3000230167609631,-1.0231231661844034,0.6190999574870447,-0.8043874275728617,0.138287633640496,0.2587536433434291,0.628706857073298,0.2614114251530614,-1.6141105423642965,0.4981515501884096,0.842798377454262,0.9372341159711418,-0.6024499765860101,-0.5557987087172236,-0.36070821447027734,0.7970817720679088,0.249947657393634,0.45895028069972743,0.14962412200049424,-0.35497166200078306,-0.019839385856554703,0.2693127190996514,0.4504349005558266,-0.37193240127529803,0.367609502474477,0.5204708532263991,-0.1713933649500839,-0.17854603976792133,-0.652159339831724,0.06716530739541093,-0.055943498782610485,0.07465900908521683,-0.6954198718480908,-0.30020543941276545,-0.1517100935154725,-0.034103302029967336,0.05401037841008574,0.2296242650810637,-0.5492705011161807,-0.2908921400930776,0.4777878954160975,-0.04844354070614543,0.17524435273650374,0.2384142376742996,0.010225132662934039,-0.02361925331811285,-0.03802986089388183,-0.0687517234251162,0.20931239698857773,0.051183290018436356,-0.026560071954774347,0.009402584702955519,-0.08315577709140975,-0.007705406160631645,-0.014677259006985688,0.0014676829654427515,0.006468970953097064,0.020485606693285585,0.023340475648340242,2.220446049250313e-15
eIm_112,-5.164325859132735,0.6921970217762831,0.09267696704021947,-0.2480677450136266,2.422809114310698,-2.597583293871536,1.2198067921833908,-1.1212208283224463,-1.9273442214638052,1.4616061931767947,-0.4724530510106759,0.9040023214416467,0.9669464173117643,-0.5408218026349136,0.45322491132838194,-0.6149717600071303,0.02783969217163327,-0.6548906067819378,-0.07329985687580787,-0.4766421690040017,1.0549288125195295,0.8881462046097783,0.8574916393771895,0.06777402313312914,-1.6944382788390429,0.9133764941917453,-1.137551819237086,0.43153524978083124,-0.9205671704729047,-1.1697120453641923,0.720415048295777,-0.7274676566555456,1.0349480010038432,0.4568407879643302,0.6927174270497356,-1.238826631982368,1.4990360537952678,1.094068135441354,0.9103870143190471,-1.0406807482688276,1.5636168534285537,0.3104671745461154,0.447550191466717,0.6205785851015635,-1.949257854581254,1.719410206443448,-0.40025985531445235,-0.928863256594864,0.45055681463327946,1.2928791956977377,-0.002448075276832773,0.6150031246295619,-0.4891781096306835,0.2694360036299869,1.6117939617298471,2.5722204088641556,0.6276739059592565,1.9327240068029683,-0.4561512744250401,-1.1244297229575744,-0.47226297511904824,-1.9722960331892851,-2.210404065922782,-1.058874520216699,2.6224850732698854,-2.9180605464022324,-0.5523435724267401,1.0443442709235498,-0.2462608444908576,-1.6170112474810947,-0.9550995619897029,-0.8127968964774467,2.2842002303160864,-2.350467566035878,0.04439180698607503,-0.045182617051186647,-0.6982585848243494,2.1551349210966424,0.1919615695384138,0.8966258274722182,-0.8395496335772384,-0.15057206989734276,0.08749978087519555,-0.10315193890928831,1.6486158952382481,-0.24764739459884602,-1.486593050100948,-1.3152221778303557,0.618561961442201,0.02960531647477982,-0.4827889438721207,1.1899291168665869,-0.2668375516302351,0.363331458363924,0.1723390413188992,1.2088921234608423,-2.661722874117647,-0.23450948922633802,-1.0256707115373855,0.32895170484616687,-1.0447439552679598,2.1047736745860552,0.07873038666812748,-0.5509793665401892,0.13256376216659882,-2.044519835581421,-1.4792633917531983,1.708272434139057,-0.07414772186318058,-0.7124400526529192,3.228708683223026,-1.0690035713471902,0.8370299035608452,-0.7129722022122323,0.7129818788486971,-0.7047848504313032,-0.6211719528128692,-2.734999711708371,0.060343527040708334,0.7776759767430941,-0.5093374393916509,0.3893409119073219,-0.60590008457775,0.34745189240308394,-0.40348650334961444,0.3984314002778686,-0.47445599207031264,-0.8122936643845831,-0.08384406750087714,-1.7923429925763048,0.09235549306440083,1.412720274885528,-1.1934670443141142,0.3383948225161824,-0.44453349690941735,-0.46142692947433006,-1.0630550544454445,-1.1898958312635917,-0.17019370495394864,-0.07150665517048793,0.004342216906655594,0.034179693672675926,-2.677935466725619,1.342908944034145,-0.32979894946748356,0.10462113554700275,-0.3010894127269347,0.28776186284056793,-0.3375342434055861,1.9145412249127183,1.3164010194062832,-1.3740609533909947,0.3357373807221926,0.5186165679943587,-0.061754880498168435,-0.39602666425574073,-0.6772225724312433,0.4533535335168378,-0.5972766079248993,0.09514762675597899,-0.815194677516663,0.07162150476342444,-0.2686380524609068,-0.030050559418518835,-0.3122739623197164,-0.2852694348243274,-0.03958641342192726,-0.013277004731547248,0.01901025983917104,-0.13902070072106842,-0.05537798705860553,-0.12384013467610183,0.034052866101648815,0.009363028968076392,-0.014727583142563394,-0.18742776220586976,-0.03201591221754663,1.3322676295501878e-15
eIm_113,-7.138902037017306,-3.660682596981124,-0.6266724972920161,0.14378889856902255,0.056571933681923925,-3.7843529879806983,0.6927998435419702,-0.0985456731764065,-0.23543375929898247,0.1787655595234654,1.0531387399553753,-0.11240723230106986,-1.089064052763049,-0.043355993008171945,-1.0077944387209707,0.31546103511647194,-0.7111158570325155,0.4938742121432629,-0.4660427078700322,-0.25034547423262843,0.013351715196353864,-0.5395217133322429,0.7596801881461734,-0.5173678061274183,-0.9849341082670434,-0.043432578699227786,0.6802371797064553,-0.45812231830302785,0.7324109928846965,-1.9418573673857706,-0.4521172968827753,-0.2905290151579152,-1.0168354278546476,0.04714865041275107,-0.015631127564626146,0.24371988664764244,0.32095172737574007,-1.0830191272409002,-0.6656473718507818,0.9978355657328689,-0.48766639516507143,-0.8069667508855396,-0.31832039612136914,0.15563327176931174,0.6119798778559737,0.21616686514639077,-1.1915809499414016,1.1015326697663133,0.9070543671115698,-1.0116174213690288,-0.6108191649722543,-1.1782303520809945,-2.0106987156661718,1.259948697885823,-0.14250320539818573,1.0573737582576845,1.4279896447868934,-0.6720282982207769,1.6356269427289303,-0.7945352664051545,-0.9521823309664627,0.43299902452781003,0.40048850475421527,-0.2741452479990216,-0.36171560638670774,-0.20072317812502127,0.22807411057092863,-0.6335985331406404,1.6140779833361545,-0.4520264590463134,2.832844516913382,0.2933080983735289,1.4316160068883144,0.2715552946130022,1.1823529136514668,0.2383154491962849,0.03546553353095727,1.8367169314319975,0.8699180091390979,-1.8066356207799494,-0.829017362275208,-2.671005830054033,-0.22637938624015835,0.6054102159189587,-0.10846511695889194,-0.8258910228268113,-1.1138607332016632,-0.7984301665737146,-0.12055485298717872,-0.30504623435357037,-0.3977813005917413,0.018189276532207366,0.448138659238022,-1.3953845573290866,1.0472772624212248,0.0025037851791569476,-1.2362023243482507,0.5732481205312728,0.9050107015369242,1.139666147924939,3.054167684380587,0.6120241009632539,1.1104132485895288,-0.07415706260020355,2.0781822662898413,1.8666263617351289,-2.1832561400572232,-0.17538440246225717,1.8732415669802451,2.0656291020301194,0.7689290063674844,0.160472696815255,-0.349548435174467,-0.9232461773755155,1.5627534415622775,-0.4064901258191005,0.7028359412096448,1.1811877038010543,-2.169480733586002,2.6893901122040704,0.8343219138130704,0.43996773193376937,-1.3054214560420954,-0.9321755421234985,-1.1393353612896948,-0.2933408249829049,-0.7165967455198546,-1.3827028916508453,0.8449233184999357,-0.2863392646892162,-0.3467428087248967,-1.46417782240289,0.6569344987635479,-1.1701629635020994,-1.3273073677773741,-0.13863810620717776,-2.6368052944754927,1.488230848996581,-1.4258048811085182,1.5948569663959866,1.8625074369637817,1.35391102077402,0.4526840106096752,-0.1626174150035068,0.6033116507841758,0.14042605234571082,0.19123441875428593,-0.0352351249116879,-0.1907933418963872,-0.7696536142485275,0.1793024279981507,-0.40984777196847333,-1.568876004192887,0.552800317467876,-0.07126447494443863,0.5701657561047189,0.8811562629407739,0.4412680714606306,0.1762714100734567,0.05432235222252302,-0.226763155255725,-0.2807959052251944,0.1635246379185467,0.19792638361345674,0.19286781575566647,0.025540801476469643,0.002593122573638862,-0.03323599706706076,0.10738711375303908,-0.02383107630829151,0.21581837650403446,-0.1313061750059179,-0.07051623527081707,-0.07203551530842822,0.22108254375326752,0.07074298087935571,0.04007350382570485,2.6645352591003757e-15
eIm_114,-7.536023777913215,-3.8695193525940694,0.184733775244406,-0.43285744245681457,0.6700634178997891,-4.243721951985226,0.7119448627976722,0.13778732776527014,-0.12728933519761532,-0.37100093234891574,0.1952792605864918,-0.10555132387315802,-1.6956861738710138,0.4230350841276138,-1.0609829243949305,0.3286294160268861,-0.5032035084278449,-0.20991921475516806,0.13313748451998597,0.6394216554999392,0.9420795335646117,0.15786763995641084,0.19341696799269226,0.26478929581217153,0.8779633469894501,0.7463967578304103,0.24433049422171885,-0.7513016499250271,0.44667541196454685,-0.486554501918929,-1.3140973085250405,-0.9349768455984704,-0.5394201935322838,-0.006287895810200839,0.15123723707575765,0.5809610499040438,-0.06201810033979416,-2.137826486724908,0.5944120231986549,0.8151070605991242,-2.826405316563333,1.14546348997449,-1.4235853619385554,-0.6054586597590382,0.5344800882351586,0.28581496115250876,-0.9621278803583588,1.0134143517675849,0.638833702064393,-0.8302730655533733,-1.7627239128622694,0.7123798969540603,-0.17806630879384217,0.4917463711728525,-0.21965430871558989,0.6365463282789083,-0.3484452886646975,-0.8193270691416741,0.8323371808542133,1.605556610063096,0.6887824735030529,-2.02622859376198,0.14524819571916048,-0.1334965230867824,-1.200530670942935,-0.17771337353544336,-0.05730702150153816,-3.304993273403098,1.540247128405478,1.142179081331848,1.8033061698992234,-2.3489758051713285,1.0287953049085128,-0.011901784655785175,0.8821630014362047,0.0921348782915663,1.707800134688651,-1.0492377892308506,0.27282735206876263,1.0146774556261473,-1.3949558969649867,-0.9763019993728227,-0.42494923176210003,1.0391830710048555,0.4681922515134693,1.3437359782809217,0.2392598158389765,-0.04278394114169637,-0.9465381006654892,2.519799845229234,-0.8558058471959018,2.1881454315750095,-2.2098151834055675,-0.11614551084218772,0.81315327147477,0.44023496578718624,-0.46894652173808193,-0.4383097401317966,-1.731154851122943,-0.835597370161822,-0.38762368901786537,0.11471772367746377,1.0431979680654306,0.30976702169673154,-0.627718523140547,-0.9551395264710794,-1.222973909402955,-0.7933734245350819,0.4197159554676333,0.9681736393749807,-1.0270122752007806,0.873017649142252,0.18979608184966815,-0.6328307766351798,0.35351550654200464,-0.41449971612065983,1.19481681014802,-0.7017577138079476,1.039522994406358,-1.4863628311475332,0.9563413776209758,2.5369179427563484,0.558292172909733,-0.2655602184387088,-0.8776147493769517,-0.4584088958335826,2.920999257484934,-1.8387164838813037,-1.0712524478770082,1.6277876161039135,0.8729612324664644,0.28569166040828453,-1.40869828972985,1.7727627317424668,0.8345248910876354,-0.7293059902789232,0.1395908358885245,1.0192744508750409,0.19149782939150722,-2.8375933971329057,-0.3567836692470192,0.09568949413930711,-1.3086261136318353,-1.8208751987488423,0.3808126529627899,0.28705629996672166,0.21356206835512326,-0.3077850195838526,0.8732076466379526,-0.47168701365910226,-0.7801314856597015,-0.9138587889873322,0.06810151454790314,1.2799384279885198,0.7020071109170234,-0.5126470144090942,0.6821700664237946,0.37254245090680704,-0.015728852599522503,-0.2761257601028897,-0.2886787043363186,-0.447758849304874,0.24531596943195838,-0.029967762470759357,-0.035171036989078086,0.1503513915038931,0.03217839746818263,-0.16663164688887688,0.19306101301485984,-0.037671612257126785,0.16955249209316214,0.03677212819834269,-0.04641112717680662,-0.15106195527721034,-0.2036471985564795,-0.24874479826734586,-0.0322366924021632,8.881784197001252e-16
eIm_115,-7.385130596672546,-4.336506346768151,-0.4996563969470942,-0.27304463225852693,1.3281852551808908,-4.306605924675345,1.3854486914271056,0.32469902201148604,-0.24400579756965934,-0.7108419522559394,0.6684039229074701,-0.7862997369048308,-0.7606144120688009,0.7871074219431575,0.14948611701875691,0.5891131048068319,-0.1979287173388712,0.04743496755235599,0.28141190682068906,0.8030714529436628,0.8375094399361298,-1.329535389962087,0.19574776495764423,-0.3376090351525576,-0.5379112390971187,0.8269022621633484,0.5054774228483506,0.5864250037085978,-0.1790070363056051,-1.871603592004331,-1.2841205078219233,-1.4266804325581186,-0.18913490669466038,-0.41761963809080743,0.4054556813683086,-0.9366467722730307,0.4920981698067026,-0.8942369870093239,0.5478765143287241,0.8092319530220998,-1.7094261630644392,0.571350043238662,0.7289787682947642,-1.274014934706817,0.6949063688419005,-0.8766010784099519,-0.3813401828395521,1.639785626572079,1.7923190955083341,-0.1531170957318959,-0.8669862385504477,0.10177588296258303,-0.6522783876690381,1.0264900437506856,0.18327490774018984,-0.18841196037680907,0.19023876948002238,0.19634135682556564,2.1930962046240086,0.6891755590685725,-0.766168436358407,-0.6866592238503794,1.4434550065229064,-2.032356823686434,-0.9462189788811979,1.2121245910737921,-0.3494121139417632,-1.8290031872986157,1.1553422259693942,0.24542859346281748,-0.7039161287354119,-0.6323768848081618,1.1153917814743561,0.7077385709231404,0.2926726454846449,0.2894243211683989,0.136400311975515,1.366347643849716,0.8671287645278878,0.516210630989839,0.02751541206563468,-0.4803160606041501,0.47673645294598926,-0.8151271814162075,-0.3363528821367514,1.2687268813095567,0.4675827245543466,0.49894611536893396,0.20444267831253204,-1.947067730937989,-1.8638830161966828,-0.8836453955306504,-2.6365871980143627,0.43854889742092873,0.2266698608480212,-0.20638301142483684,-1.8089899875735813,-1.37219035843681,0.110741716138961,-0.03476491956277861,-0.15461718714277028,0.16506666635969364,-0.9523306140711303,1.9084984537598062,-0.33263577230691377,-2.4077770714363957,0.5951902203311976,-1.009848730825038,-0.5486468045706618,-1.4212899711386964,0.004306061725742327,-0.3268026497940786,-0.33357819648105924,1.6791144689392608,1.2460907388542735,-0.9118845887019533,0.19652567416218558,1.7773230618427336,-1.812815050278091,-1.0715899733516954,-1.1426683861974865,-1.6256770785953245,1.1431423774835925,-0.02680020323216481,2.11584213708875,-0.7674410923822658,1.3617589701050534,0.1721107279130376,0.12567114835003235,0.3434737351056183,-1.7076874739094245,-0.07834345043154933,0.8095753342824176,-0.5399020239580375,2.1084176217996466,1.5293950755986623,-0.08543695400095885,0.5806217924644912,0.43748716882158617,1.637543731566515,-0.16141395707557793,-2.7429365784188633,-1.1360574453045946,0.4012257402254207,-2.195609279279501,-0.8741035625221671,-0.5255084798404447,-0.1828952538674517,-1.39076306364849,0.7648621758173764,0.06978923693621722,-0.18407447120431153,-1.8523934854743003,0.3763489033929616,0.03734014087836804,0.9553762037344662,-0.04026722193019627,-0.10936779050356049,-0.004430163936778642,0.4239073134288275,-0.20588351148492912,0.1618216754330445,0.24212727462989309,-0.41386747014097547,0.22065703721721008,-0.053197276675726046,0.22799802648669987,-0.10409492245635099,-0.26144620221811543,0.004416260427456908,-0.13398101068141632,-0.06089534922650236,-0.13062485660318957,0.1966335338563341,0.24045752877167442,-0.048199342403719814,-0.009754209965770588,8.881784197001252e-16
eIm_116,-7.085770045489571,-3.341246097202769,-0.7657893347632813,-0.3378582228508282,0.6196770116878059,-5.466798991199979,-0.6711209636077101,0.6939216088784976,-0.5218479424505945,0.15059113756269937,0.4336538260723827,-1.5976305251785974,-1.2284392160469415,0.937657885780407,-0.09731578889483689,-0.48510642435288753,-0.9490807042200291,-0.5094635938123973,-0.6658209418718122,0.8568672195505315,0.6730278964976384,0.030126794337957397,-0.5895463407010404,-0.3802394760014891,0.03102420248153992,0.5454750770631338,1.1814563871597739,-2.2293380586736276,0.5046033437337935,-1.4216549798396214,-0.6995594831902181,-0.9910860843764995,0.027841515719214005,-0.48362869920906326,0.418292927196759,1.0604262583096207,0.7904769564067042,-1.108500892782057,-0.31183190699072305,-0.2630901453791611,-1.6518879917048388,0.7206474093976383,0.2952175663889077,0.19487917442367741,1.3380892108177198,-0.29193948530113334,1.5299772250709511,1.5986288737358785,0.7182809234185771,-0.11104566153001671,-0.49297204649726284,-0.965528714953882,1.0415257969331426,2.8248622673720662,-0.5136748882910004,0.9110199033730171,0.8132088368837783,0.07480292792148846,1.006705221664823,0.15079610055469045,-1.336809688530054,0.43043206368871123,2.8028479788805933,-0.17035717032787323,-0.03651916247517306,-1.1694785957261984,1.2216286734553752,-2.2136401449151473,2.399297066702532,0.3221067157259473,2.056418115640751,-0.6377243593585206,2.1528379675312506,-2.4621665699517883,-0.5118043704991576,0.09414195590143892,-0.3894525625119765,0.6093752988016202,0.4048277387395744,1.1183966552218834,-0.9317496733033922,0.5363097020440323,0.6972145696441456,-0.2774825996563277,-0.42194299824357917,1.3606691477080866,1.107230917783338,-0.3344490560496214,0.3550236668100809,0.12994549836888014,-0.2782452750848994,1.52666266435666,-0.06092454426626176,-0.3156951974342428,-0.856585891547283,-1.4614246425993853,-0.16872916261339355,-0.04428144963485754,1.1044025155149453,-1.550325035513885,-0.539925994538227,-0.5489650224809701,0.38259873314888726,-0.25033531286582916,0.03144045446343291,0.2615527757535081,0.19513898386999437,-0.341175921318171,-1.2429725749408649,-0.5635690154013416,1.7389585462677757,0.7519366328029122,-0.9001263629389474,2.6708919393471904,-1.3067698573514233,1.3115116639314197,-0.8851265597269946,-1.1885846237366202,1.1375633269283754,-0.4903822516146667,-0.04495491032330812,-0.03877973999764306,-0.7088360891812779,-0.0647632564163656,-0.4140880098955064,-0.25280858553504204,-0.6705159756678389,0.38006055541390393,-1.0594684949922182,-0.4483231769395335,1.4743814686907994,-0.9439567103158066,0.23744128049581018,1.5917413685351132,0.6467591235449086,-1.7290851310437574,1.4603010683523443,-0.07982171957157097,-1.840969295389757,2.053473568087344,-0.855606198196367,1.0206567947601,2.42008054120814,1.9183246072949882,0.9006365791993716,-1.1425893574614532,-0.21395335634871526,-0.6510331582258041,-2.12086040755578,-0.7639195382253544,0.7072588870306604,-0.2019932147997585,1.6870389334347708,0.8079250776039986,-0.8305666244327028,-0.29039793016255755,-0.15702997585950595,-0.46890617955486236,-0.13692084738727694,-0.020818095742788367,-0.07524469422767521,-0.012579016978144779,-0.16607535278896016,-0.042667332648831685,-0.2273480663147014,0.00490637486533374,-0.17709197399995813,0.20901086671177788,-0.21679498777163603,0.04164997410901461,-0.09202531136060133,-0.017416518182096385,-0.050418415190689236,-0.07068513318232217,0.006251909371357334,-0.02438665187124678,0.05847365158388251,3.1086244689504383e-15
eIm_117,-7.51259907451416,-3.162935048485715,-0.048434678702562545,-0.20485923357331082,0.714203424481201,-3.9324373644676287,0.2353102732121582,0.6975883469562729,-0.09061358139904907,0.37672595572314427,1.3673560559594105,-0.5863511103544043,-1.690871051187694,0.8330111928634154,-0.05934607979539902,-0.6021520973370056,-0.5088171735339797,0.23432062420624877,-1.1060242306061028,-0.20642729809401136,0.16916788367780322,-0.6115316497074653,-0.08276001652794007,-0.28161090369208835,0.3445141318676421,0.15015789070420604,-0.2550968743748733,-0.49547218211183397,0.010906181690250594,-0.36670297338577496,-1.9381701165476761,-0.6220242879108355,-0.011052353001967274,0.6935501224841707,0.882326564637467,-0.49720094217027144,0.154746141253164,-1.725439094702919,-0.4418880291032873,0.6212852043637641,-1.7778394163495652,0.6183193197883574,-0.6416785684704505,-0.8006312503028227,0.433600271361813,-0.3100518332601771,1.638273715168609,0.4666146859992861,1.3626319513090785,0.005393985662866085,-1.148532777789615,-0.5138189720910086,-0.2546252436154851,0.6474676265072706,0.08132295093825126,-0.13870339384635932,-0.34333337765476457,-1.2422699888269966,0.8566968407781828,-1.2818010916928648,-2.5466431119013926,0.012496476834239378,2.048590519772141,0.9135921256834165,-1.4999898704581738,-1.6699443537375185,1.19596729634916,-0.6175430514258671,0.9046488156824208,0.10656596157174647,0.6098897403565371,-1.3951886845400867,0.9186491357556981,0.39880858210344194,-0.09216064484157344,0.343538018115518,0.9484052688825322,1.0374063388509378,0.09499174752688927,-0.8723114443868865,-0.06979147242321065,-0.1889848547808476,0.11981881304113601,0.35527497012264464,0.0984652972172313,-2.182728212563114,-0.6130612478621291,-0.13875800846428166,0.015370131937328169,-0.7270559762678338,-0.08034941167385706,-2.1757171090091774,1.0519982337025664,-0.7185311018347502,0.07984953811108031,-0.27040800701612655,0.43542529013014997,0.1338036759855078,0.3660062947574537,0.2667300294027172,0.8319573365231558,0.1129041592723262,0.5572808990950032,0.25222801463417877,-0.7649647064491248,-0.43527968710787657,1.263141321430199,0.2430431107646194,0.5411818334670282,-2.661056852926127,-0.02183520981086018,-0.17454979386277958,-2.362453163022329,-0.11602268052559037,1.3558554204424442,0.3023635270754945,-0.6184409818442449,-0.5371224981556706,-1.0990233603921564,0.8792322958899228,1.0136879247015966,0.2727609053898892,-0.1505503925608327,-1.4941572576346438,-2.2472019440709907,-0.5713531712009817,-1.0795879920594733,1.702037939850034,1.9501162494775592,0.021789567949605404,1.396432453732465,-0.2693715518691008,-2.4659786909631927,-0.8940315509153322,-0.49093245983949274,1.0133379348635057,0.2064368601602854,-0.16398874797647495,1.392985184174919,-0.9207785767968184,-1.167087387177367,-1.040723421394659,-0.9524051255919953,0.18577416303017458,-1.3508725678897882,-0.21016376854463148,-2.484140111469174,0.26704167688573743,1.8906953177846944,-0.9642319594104825,0.3595814923077071,0.755546431842165,2.2114418428781457,-1.5169975114670797,0.3870425456967112,0.28275529057076887,0.5254483372214507,0.04364504020861881,-1.1853771424785797,-0.41375684527916445,0.4159494592202968,-0.18002595487809747,-0.07298850854180577,0.20684602887528994,-0.159262808298257,-0.2480191399518154,-0.05472299369162048,-0.18804181039140133,-0.14781862729642992,0.027795825314989697,-0.1361093825994002,0.058747293492269315,0.22453528604222028,-0.05989565402256325,-0.13687737218885354,-0.1695774380175995,0.0017178449276228358,4.440892098500626e-15
eIm_118,-7.434260088884791,-3.599942683090028,-0.41019782112822334,-0.3116600623884995,1.6850464853069795,-4.496686019185943,1.092310203071113,0.8508089639320742,-0.8066341274878494,0.29214734819042865,-0.6180453231980523,-0.2635476933931684,-0.6080268473778015,0.5949781973097581,1.0991374814242927,0.09367346099995855,0.8377489900286492,-0.4637229495207291,0.44414683850339476,0.6169614812862732,-0.5910495277705192,0.3137931075410617,-0.5174847724916203,0.6714836191657192,-1.2094615031957285,0.2625222387804653,-0.18980982067813246,0.010685618256985246,-0.16662817070401714,-0.2454805540687699,0.684562479799308,0.6368985832352947,0.18872527231128533,0.4395481071949047,0.31666108021515943,0.20687669753025673,0.8756723713990386,-0.28727039582755226,-0.750274432651814,0.5126764338445213,-0.46427522196071863,-0.27224104248494774,-0.7918710173069756,-0.31221329973555034,1.182893527994642,-0.6279201468827104,0.1023096125954811,1.3955971024073168,0.7099028549961007,-0.2900481137758063,-1.5285752501811107,-0.5116634724701841,-1.215112672598182,0.9075446175253571,0.26499117588086274,-1.0204520402152153,0.6213957783012608,-0.049714023093860304,0.6692671878546821,0.7322740465149222,-0.8626489031963572,-0.40524386343019947,0.13405675706104714,0.35856143184777367,0.33734062531284126,-0.08362317202270642,-0.06807050027613482,-0.6016339668565565,1.1762557856374725,0.46802125011449897,0.22914669083046957,1.5136784436096131,-1.1659480636612793,2.5848645451833434,0.43858389870228653,-0.2156251603276378,0.025161777795775275,-0.8524583663926031,-1.8824371599592529,0.1125777793719856,1.0078362534322713,0.019459204807715624,0.3594880819757336,-0.4016088308915313,-1.9022314104578366,-0.871290057090737,0.8379004369684959,-0.3415664599949131,-1.3905865262502128,-1.1665120169015726,0.5454432756168762,-0.6567382707142965,1.9667334174367883,-0.5962555481618845,-1.1720350164413664,1.115027050518327,-1.335192532436112,-0.606462671317538,-2.13188470918167,-1.352176654757115,-0.7029144164080234,-0.6920965950360944,-0.3837863973001636,-0.3201648349211879,-0.11585902528157332,0.6503275139767312,0.3292973666153539,-0.3944849226355249,-1.6102178060119408,-0.9183954063926756,-1.2687836114942095,-0.1459441175180789,1.170689907535013,1.7012779608782198,-1.4427145617355657,0.7299736735495359,0.06423654761691411,-0.800435547578088,-0.3337957266349435,1.9543538646010012,-1.4869000408136026,-2.4000262058046635,-0.9319962191448159,0.651431406581711,-1.4704486339024443,-1.3778406565802905,1.9859085055145906,0.1786490053041876,0.766112820460271,0.19222336103755056,-2.2897745248472336,2.498167905511587,-0.5611168370049345,-2.092515229676314,-0.9971909816043879,-0.30348978767226265,-1.8768488157857597,-1.8354385976810046,1.6252686087807777,-1.1416619081879795,-0.3181039510165582,1.4499179637642614,1.3485563127158229,-1.1865826648187174,0.2925012482522339,-0.2202363300399629,0.12307109528536181,-1.229487459960779,-1.2637683710870866,0.5441366183574254,0.050367637507528026,-1.1357976471545919,0.562676762194007,0.74684589549088,-0.31718498107927345,-1.3035068507656093,0.6105818860726,0.36992101490647067,-0.20999012357578417,0.003802585745931397,-0.19108158461289837,-0.3740067562289965,-0.06105147106036454,-0.0994507714200866,0.41103704996801094,0.09753012834486796,-0.0888386881939236,0.04311444610506049,-0.09490817661420314,-0.20623466451955708,-0.0010514431449257788,-0.12866239968774346,0.01671525393679829,-0.13634191081367497,0.016874127060084176,-0.1384782480688852,-0.0006774190450411499,3.9968028886505635e-15
eIm_119,-6.98821150705362,-3.419984416736249,-0.6109955530143917,0.10366149097798516,1.8659253733378203,-3.9203387081556986,0.2853162969524354,0.40460408945460835,0.09513877009966176,0.9120864352452145,0.2708022016447118,0.24911460814592457,-0.5358782966964748,1.2503067532187333,-0.6734204155319989,0.650468506279569,-1.8641020971715934,-0.22423870468670826,0.021920204289086698,-0.32662795841185166,0.6791780713195621,-1.0740785169117468,-0.9788086016309065,-0.2232420869876488,-0.827473989358783,0.11470981686566573,-0.5449179391107796,-1.06098785572319,1.7766148464836413,-0.44863640871609856,-0.6755599861863463,-0.9899426639521691,0.5798002061045375,0.7578143600318299,-0.761702524249225,0.6804440920515403,0.19513371990658168,-0.9671527781099816,0.6165384881834968,1.7385317107887202,-0.45985904199856603,-1.2904066091172024,-0.3062777598961233,0.1755211365660726,1.4445936114046618,-0.6042014810858624,-0.575072844110422,0.8924844507654062,-0.630455319528578,-1.210638168767129,-1.2095304599643384,-1.0356441392736218,-0.7308454577547545,-0.30599245904186484,1.2792279359856364,-0.3760767693126189,-0.33833734402379695,0.17900998045630911,1.0634355312375834,-0.7093138331533002,-0.759121514743179,0.6399064317902864,0.2718257533426742,0.7541328466297851,-1.1691650926221073,-0.03903369748421348,-0.12282020452862122,-1.2341215552849303,0.3003153270884542,3.044674904652157,0.1450918925963105,0.12671328032789814,2.211562047433481,1.9252017177386098,0.41425415301337387,-1.8343989595402368,-1.1228193159127378,0.0692438131507449,-1.4543019014755327,-0.3867791137147534,2.628245817239845,1.218497990499118,-1.8519547655674098,-0.01788479278330679,1.350210768264254,3.324571376271635,-2.229525831711589,-0.7704414250561862,0.8052360688893092,-0.6547571866322064,2.571505304191502,0.6365182565836537,1.7886008394478172,-1.8634617080005802,0.38572645763231705,-0.43334476454887383,1.1768436732698198,-0.24185845860848532,1.4090266489823318,0.19544187289773707,0.3251742412108506,-0.7927030963965118,-0.8230198521311789,-1.408640810402104,-1.1920301076671649,0.16468566337369736,-0.2332010282056101,-1.422303725223794,-1.1414422425218496,1.5887498164060734,0.9113924960746488,-1.1382518162968733,-0.11135758117638087,-0.661840671731569,-1.5492906778196622,-0.8494222195732244,1.119698868723162,1.7488704023043011,-1.16242475172514,0.7810009407938443,-1.6609687881171893,2.230730421490625,-0.18058250480571048,-0.9695991799847872,-1.1439334258141323,2.177496472263882,0.617510916812227,2.425735868368176,-1.1244248988733583,-0.6859142483502461,-0.4772940270318442,2.4771288946791676,0.16732363944978929,0.3730091817675551,0.3876906529154741,0.277942007356184,1.3163580889001423,-0.42302683458909857,-0.9557793751611003,0.2968374003955404,0.2750417042157791,-0.5157891402738445,-0.4521398712713787,-0.4188410534152648,-0.16086253833717515,1.3351953876325966,1.1913176253367495,1.1018117749069352,0.5272869863526299,1.5575345858642355,0.8501952969265949,1.0705334464968965,0.07630312531101224,-0.17841208352160842,-0.4588802573103949,0.1266673866133694,-0.3120397176899232,0.24520866444081296,-0.37215948275125244,-0.4939948939322974,-0.5062570292262605,0.17802662476127973,-0.048963336062550114,-0.21761215179741664,-0.13450340411365458,0.05101652581164534,-0.008948617217723331,-0.06258865898356647,0.1327898582674884,0.0892678384707517,0.07738511432081063,-0.03916595917190202,-0.002074941644553796,0.19313199117218272,-0.07842667839627271,-0.031029689671377647,-0.043181737246391294,1.7763568394002505e-15
eIm_120,-7.38135554302394,-4.032743670626391,-0.1276420756961865,0.3298153815757132,0.9587958524478875,-3.9744694525343407,-0.7391301978386634,0.21396187226066665,0.8773147752596874,0.4149613020603495,-0.6087740181950468,-0.7806204318074952,0.2521785774273637,1.1524226181833819,-0.19984851995342895,0.09710500373559627,-0.16746263205989523,-0.2032086915498048,-0.3740478043871238,-1.0958994601248397,0.8339720198989462,-0.3184994253889689,-0.33005784168831176,1.0160400244049983,0.058667963708671556,0.32961660950605154,-0.6248338271582767,0.5791942784054234,-0.2922761771550283,-0.4374221605297919,-0.15428314918536867,0.12355279196966396,-0.328448389619179,-1.0395843741782376,0.4184906738452762,0.01229259438259267,0.07251451426183209,-0.2342155431277934,0.856056244063599,1.5125222587527312,-2.015216513876833,-1.3241952184309702,0.08507268856295414,0.5421248065302354,0.8417430086260975,-1.0518279711415277,-1.3520301428676245,1.3827556179334362,0.19849515676460472,-0.7066640007858539,0.6636467013070155,-0.24202476070098014,-0.9265338132214229,1.7875176987054815,-0.07131894689996376,-0.24371586551404545,-0.1297924924643391,-1.49823208917637,-0.10732490552102703,1.2183259955533299,-0.054355247392135375,-0.17556325968088216,0.8814219424760164,0.31715045487035853,0.6160494108544561,-0.445235567969849,1.1474537117706964,0.5451857301678138,-0.5526138084795276,0.9321177551608899,1.3637350834039348,-0.4442777906549522,0.6179417367696598,-0.31871637734094516,1.4691659343002137,1.9665010576541704,0.44247974199561163,-2.350572592544588,-0.020421431785167032,-0.1409516143939567,1.3680024159630015,-0.45581350980436874,1.2865245892078652,-1.291647474535208,2.1683892692393982,-2.019305545274187,-0.5410523604581728,0.3636144916781934,-1.8550866397802235,-0.15281669720329674,0.4751279459550385,2.00537998541675,1.2491167781083323,0.026566432059345058,-0.7640455473586785,1.7373214220670217,0.2812976528126132,0.11009417604973352,0.031543647207414205,-0.5688882359342624,-1.897282287730828,-0.5428593693213368,-0.18964392759085116,-1.2285932735865512,1.1840457664861663,0.5617898149202694,-0.48198556213761234,0.5193396625753477,-1.602595856051338,0.5815104638559946,0.8038053078243369,0.0064643710778649055,2.2141499774691895,-1.5242485649566055,-0.08953082084884356,-0.006966487288824541,-1.963827517982642,-0.10603999013024712,0.15782402382618,1.2958866365740773,3.6610942041069627,-1.0410407078192683,2.8501913330126287,0.42723250712778305,0.32181738306834906,-2.7104316404872386,0.057154857589577945,-0.2085513995923019,-0.46474183999999896,-0.9089772734278894,0.016492117543544182,-0.9311909290488122,-0.2127370182019925,0.359901950442373,1.7688204094874203,2.4279811644257903,-0.01559370429379392,-0.8192259866531895,-0.08219187025626212,0.14265913697919974,-0.43794990857499005,-0.3983879152814458,1.3369447581108305,0.6432765778415707,0.07924211416417395,-0.6884580060978868,1.608498739035386,1.1913513868638668,1.9980715839021508,0.5215576187830797,1.0364357784868914,0.5809742643663225,-0.9152526347104541,-0.12403417106696744,0.27667682689379886,-0.37010931274358905,-0.8866681263197991,0.4508237669088586,-0.015986530641382612,0.16908642047117695,0.30628945731711044,0.35453178260388174,-0.2372037033793834,0.2758835642469156,-0.03695327842672502,-0.15490297607174205,0.00878074007008589,0.05517801461864702,-0.1263358123851192,0.018032983674466374,-0.09879282513967125,0.05273629044933065,0.13048987155252978,0.03550752561028658,0.07629604011405322,0.10059289038516905,0.06484155999783703,8.881784197001252e-16
eIm_121,-7.08411528115214,-2.23197432313799,-0.5568898501174901,-0.3182240507748624,2.025612504914947,-3.9678989047590676,1.1467561469079999,0.8883662089512441,-0.34985508622716455,0.2816412582643577,0.2069081987024487,-0.2086073292438364,-0.35266086530018936,-0.3976416762177535,0.4119785092100021,0.06156349462797639,-0.3808479414759029,-0.8117049554592555,-0.31196264925370176,-0.8575227463960274,-0.5275977810562653,0.41995465632885237,1.0967501518584128,0.5031435259214017,-1.4033284359480518,0.5160983170511555,-0.6138907954284988,-0.33700837056009897,-0.24364102769169993,-1.3613868627734405,0.24817053172683856,-1.0352372237052088,0.256138658719411,-0.6782350202839125,0.6357680753566048,-1.5309951758373346,0.2902604690105566,0.07695744456263437,0.7531860451484127,-0.9665237273129067,1.1219380342052254,-0.04919705960856979,-1.1015859411081446,0.39121060154554593,-0.7764537200630878,-2.4441459244479504,-0.05590384860919423,-0.1417775264749752,-0.9153516011080287,-0.35283127814115656,-1.3126079628921008,0.908986293083556,1.1852281377853457,0.9710055160591481,-0.7671962947358153,0.47654358951050013,1.73622674536713,-0.21474715872195888,0.11536787690892525,0.8578901723262692,0.12575333687015244,-0.1366670243915703,-2.0086627958423655,-1.7807358023918334,0.3763759117448997,0.555126277634452,-0.3312185788768686,0.6901106523303211,-0.2425782896952109,0.3827329791401305,-0.7937510528862141,0.17694962896680705,-0.4735565185440227,-0.6561291002038574,-0.9149266741313312,0.003211018738307869,0.4853415726976653,0.40281563813530197,0.143658374794714,-0.8347673188428586,0.173253044752959,0.1658056302580847,1.027614579337604,1.4337685714078698,0.09639926064759807,-0.03637138844858995,-0.5387191411591863,-0.7958982156756411,-0.613139551291852,0.8338857219966074,-1.4903216526339131,-1.0667325418824771,-0.9340550474554928,-0.12148987928766297,-1.1816998853976357,0.6784025030516319,2.7324587452326448,2.2253000855602556,-1.8918547659916338,-0.06186271899687734,0.5194767126207556,-0.05212523642336353,0.03780790168108297,0.7204905030134257,1.9255644847343198,0.12677742533696115,1.684484681419854,0.7171437112854238,-3.6240575785005276,0.9970206734769638,-2.0076131802616315,0.47881108188615706,-0.7453192998277678,-2.5415104779142,-1.213792534437244,2.668045120105703,-1.8121167686815636,1.5428523309408608,-1.8812488101498612,0.897378371102505,-0.45031752567875094,1.1185350880079934,1.9626599645839842,-1.5043588953409448,1.432701943217274,0.06646099443520431,-0.3479172144901048,-1.2382895311847348,-1.8315403856236054,0.974939820356812,1.901341652091305,0.9961582415014472,0.6148786257645146,0.05980058080552032,-1.5695671590320606,-1.0810975217917733,-0.15464540493101697,0.931837246437736,1.514724103352647,0.7948994383018037,0.39216369100219617,-0.6464989160308,0.06651286550306956,0.17739104902562153,-0.31973847059125515,1.2502547423491128,-0.31180382008675556,-0.19715734812666996,-1.156818503287266,0.22207664476469802,1.5357973575047996,-1.15983638693529,0.7752582482447001,-0.22764640903316535,0.7936768282332483,0.5104587738355073,-0.014182542247723529,-0.13665502749914082,-0.44137988770056213,-0.13749176948230213,0.21013045044298528,0.17193608036421731,-0.24802014961679847,0.10421968596653988,0.20747681293741183,-0.21135039550891516,-0.022234718797837227,0.13445497917325422,0.11584610553966787,-0.14428522434097812,-0.15674835044990942,-0.03769047518072799,-0.11555610421470686,0.11380599618342124,0.10465454003004981,-0.031101756931404045,-0.06319177712877133,1.3322676295501878e-15
eIm_122,-7.305659629029918,-2.0485722985124215,-0.7142289296196528,-0.49617527837668796,1.0624317761358275,-4.492332289487855,0.6018825903885286,-0.5979662354570305,0.4846855324882826,-0.05012361530185039,-0.14903881443210565,0.378144730478853,-0.8388788223865294,-0.3219802236049511,0.10219978031916166,-0.8016388341554102,0.03919050992105214,-0.14760132967652906,0.4964343641804545,0.7158274733827209,-0.8828417443331029,-1.2115753664895825,-0.03639030870630866,0.5249286916630629,-0.9334272997519191,0.7222096692440103,-0.5723127373761754,0.8377271415843441,-0.5283539569052299,0.1620871773698982,0.8361227417644299,-0.9078457214211617,0.5280832100266992,-0.15007713947668683,1.0308539851397256,-0.9281241158147873,-0.7212053706747337,0.22179529563028683,0.05278569357174123,-0.4126458408030752,0.232156249807459,-0.4927005208177987,0.2155822716575202,0.5008563246032447,-0.6864699131794768,-1.2199945598168402,1.111263617242045,-1.820731706634717,0.22145060814326778,1.0927167635367145,1.0278154362344372,-0.2901109443952765,0.031721238040127275,-1.4333347578325903,-1.687311775974342,-1.4678588760663218,0.24464566087440087,-0.3074435029879646,0.170506257595604,0.13415861337881047,0.8915245968562109,-0.8839430197786867,-0.30785555416361965,-1.354196896769055,0.5785386604364627,0.3259599566823622,-0.8645425404437133,0.5057334502701087,-0.7245764485107087,-1.0929142454728165,-1.323447337087325,-0.5562983759472719,-0.09728341259432588,0.6145645050397428,-0.7268857271460951,-0.20911978307841084,-0.796088775966564,1.126968871241194,0.7924257580045725,-0.7342035259198756,-0.7037258889515693,1.5978936516217845,0.37105603950387817,2.2957736652509313,-1.5308540788897123,-0.9979856004663998,0.6074040163376493,-0.9564127793225805,1.0633289849115246,0.5719451407104136,-0.3250767936456671,-4.4741592830275145,-1.7014017288216667,1.2218262598515517,0.5570005247317755,-0.906149788362197,-0.3169179599952343,0.9403499437232401,0.4803366102172628,-0.44527501036941164,0.23309935803067594,-0.19969133250821708,-0.7895966460252233,-0.6278495442003085,-0.4667964504957496,-2.8312701165114014,-1.237962496380309,0.2340402864633341,-0.44902748872952347,-0.9731244650087534,0.389435404224047,0.5448020656426468,1.8044800118177264,0.048001782871836554,-0.8026780034918891,-1.1300688423911274,1.5771253820474134,1.548183533641565,-0.5585901256539655,0.46849924430528656,-0.8722196656581528,0.5251930758385273,2.8301263258574307,-1.2052202753059063,-1.636091895679774,0.417177961466344,-1.7595382602062912,-0.515103381872585,0.5494249535127225,0.27096476860730245,-0.5331726406977584,-0.010286885950615221,1.1638361416374585,-0.6680284581774705,3.2933363830300895,0.11897562163827868,0.163073461910628,0.718532099818917,-1.5076301854770218,-0.9718192683984421,-0.3413036370429203,1.4231605870605204,1.714790168870258,0.6389288410309728,1.7716280290124131,0.011460726171583835,-0.6878609700839395,0.45562257290293673,1.3110098962864776,0.4647971333136791,-0.2755980653691218,-0.8376765336740881,0.19325455247999845,0.30723721694794587,-0.22375906962961353,-1.3348106414153251,0.6585260365950614,0.49964845527631685,-0.08253988200207352,-0.5732380626141114,-0.27298461284107756,0.2366115800725469,-0.47812066333675585,0.3616311538400484,-0.18738193120756375,0.0766220974512915,-0.40222830233697304,-0.11256517087697082,-0.1260707651162969,-0.1714266890498788,0.2640720308832307,-0.18492495476100662,0.1627745761432211,-0.1511327686686028,-0.11971402883297977,0.033553485023407825,0.09613702571774985,1.3322676295501878e-15
eIm_123,-7.29433320529607,-4.136802446202852,-0.1668403957002156,-0.586450417241565,0.8413088089295322,-4.191237980281483,1.0253883130871309,0.06687427762172549,1.0005758158231361,-0.7763459125493067,-0.2696689556772146,-0.4747307653368009,-0.16266680547024337,-0.2773890385389796,-0.6271913404515339,-0.8841837247546276,0.2123017809138804,-1.1706889459468348,-0.08529864955578903,0.8795025363122474,-0.009563034651758784,0.11592697230099602,-0.804279224619699,0.48627156301147595,-0.4167009650376341,1.3554749928489458,-0.058449119937124094,-0.4864231952062428,0.5771946403968532,0.16359482965799255,1.3266157475550953,-0.39519730455993085,-0.9086972425667228,-0.049268791413927704,-0.13495204779658357,-0.5173053517226356,-0.7660348230870426,-0.5618889277280432,1.5116339564168058,-0.19804887914868657,0.8383082451739151,0.6228013926436773,-1.233297164103391,1.2720825906656117,-0.9959184491545517,0.7049121249105749,-0.506624674586508,-1.5206186938496662,-1.7007932153545056,-0.21741400911373943,-0.2908256823906545,1.5165145966026288,0.1929159586050443,-1.5094235310419903,-0.5448202936088367,0.24302648446736774,0.41147038831326954,0.11696484708473776,-1.030889085446217,-0.8311022348715733,-0.09368368514658376,1.3671118716718675,0.9180815778980755,1.4540846052787715,-0.2632665274785464,-0.9910878861043827,0.07489458971464741,-1.0792844321077508,-2.169163886061261,1.070656180811991,0.08646791285735844,0.0400852628628005,-1.3435476737617544,1.0260184322066375,-0.02756907785681978,0.3203867320381998,-1.9530236482565244,-0.8838391024303334,0.5734918315316776,-0.007863593212625086,-1.7489066657741748,0.33961606536804345,-0.4206899336671948,0.05899740783496066,-1.334465770201199,-0.2530764806866162,0.6465662915761181,-0.1315359226820041,0.6387193323453666,2.8666448509435885,0.5934142223385382,-1.0689486968922464,-3.3688442866354165,-0.25766400385327015,0.8939065487891702,-0.5853986332806813,0.9683352949719027,-0.11881082567018926,0.968768075011015,-0.6287183542087313,0.3324408766074569,0.8009340211577891,0.2064176570071518,0.5950748937833483,-0.31282259234946463,1.7033893399236413,-0.11466885986748646,0.8584041795260784,0.5104901438749667,-2.0780326477763604,-0.26698245318038943,0.38666188458897044,-2.6246678042268345,-0.9292089358071184,-0.4637012342626049,0.3234950097358805,-1.2573655273370206,0.06128709893570283,1.3345174334119552,0.5515377291843033,1.0989080397208846,-1.3190090571368136,-0.8343788464010347,-0.2469728079557001,0.21143335571384803,0.08461787398962375,1.5587866421966383,-0.8117608707218694,-1.568063823035443,-0.677832468094119,-1.0896011146393678,-0.7065430966031703,1.4007481005210398,-1.108230323504989,-1.2632138555691808,-0.46347547559939506,-0.8695340842815,-1.4525428040874055,-3.4018143355044925,-1.5487575061652517,0.7351622869279486,-1.9621833115356107,0.488558102471664,-0.060617800269458955,-1.4096769666981652,-0.4878210173026709,-0.052291277905720635,-0.8231258008503117,0.21512526255470688,1.5709337671938466,1.2333593854802214,1.9488218006969933,-0.012901098005277278,0.23712885433439473,0.05597072661893657,-0.776713321620167,0.12255643016908069,0.5595923105575807,-0.45866481982770213,-0.16883151327004586,-0.18280806011062722,-0.18758079233391567,-0.5142470113897148,0.12387981541589835,0.10139673627846046,0.051206734058718895,0.3212001620254504,-0.039765395725890385,0.11924373577895109,0.04282482704200041,0.019441530466235646,-0.08157431086988132,0.026428989586045004,-0.07197790510440538,0.04411288198221042,-0.054113849316137164,0.04038783414300684,8.881784197001252e-16
eIm_124,-6.5287317872521236,-2.758774791673893,-0.685878778686159,-0.7203604597393358,0.9672453483726409,-4.75592892532623,1.4727147580441997,0.20898794385495756,1.4241895852956103,0.02377590121281148,-1.3159326760921322,0.6713890105641555,-1.0099629245286144,-0.923984630771345,-0.7298005377448004,-0.4849798740179909,0.971115298339909,-0.3542295840160994,1.1010998735904676,0.159550438250289,0.48410052872393644,-0.6983287894226965,-0.43531672566338675,1.593234912908599,-0.21042524044829936,0.6499050196423659,0.6938777641451892,-0.6275321019076406,0.44625745776318027,1.1771409677450624,2.107970062751143,0.08026198548688357,-2.1633466420382796,0.7878696817200772,-0.189491619060964,-0.7292317084825701,-0.8707460709547171,-1.5093748714656399,0.6046150180260661,-0.4255032742733717,-0.1928614907732101,-1.4556439654431828,-0.6971165686657084,1.4706607459345538,-1.5720929796576226,1.3062593520050028,0.7913462195128574,-0.2794398249874581,-0.9517135272603743,0.40158349934239357,0.01850638061214749,0.974482914511828,-0.5805330187731239,-0.6176773734088269,0.7038089518973516,0.7039540534472117,0.23698546872037418,-2.2645978887111307,-0.5105200010951781,-0.4205360866613919,-0.4998498452951433,1.0907187662130116,1.1252788922882027,0.5934257566436483,-0.42170705504081196,0.3265307412323478,-0.6643654456527374,-1.566018772519446,0.2691989561425838,-0.6828835555835933,-0.40405599520152036,-0.1659361844930384,-0.399958915495064,1.2879316320061198,0.6882046130150097,0.5380702048153915,-0.1790372886076262,-0.9755460005618917,3.265056002170521,-0.302157962876294,-1.2579185066196978,0.6529577178306435,-1.9594624788669164,0.05366509079728088,2.1775723790871138,-0.4837772055478905,1.6287388196734256,0.9960192643715218,0.355530040846602,0.021694018064361997,2.0016702148179557,-0.12357968823530718,-2.636468410761902,0.7229250898794897,-1.3639337190919167,-1.9717886947698346,0.7471481723339991,-2.7537893143472916,1.4879696449317954,-1.7044827159309224,-1.8276360348925125,0.7331081054097364,-0.11461311583445147,0.006988024867245313,-0.23671026877974854,-0.024856716131977236,-0.09155507352081307,1.8457562753895536,0.6947310186571611,-1.009873638562588,-1.8629160719601416,-1.2669994318178033,1.012645384106695,0.3303187883548994,1.495244355316598,-0.7894632073447794,-0.17921220621337153,0.9098206208016002,-0.08755707215034814,2.21794018317157,0.39942320437243534,-0.1031701727855383,-0.4506309361880074,-0.4212706647407456,-0.12984309643566827,0.12848555821043472,0.33033543055526593,-1.0607016576413386,0.4773711446284732,0.2018387672475448,1.6662792567224014,1.2987291168059634,-1.0272091600622428,-0.9423584144008382,-0.7457217513224369,-0.12436899566677284,0.22998772736952466,-0.23975454756220066,0.183286288838113,0.034190326061164455,-1.3667201164126548,0.8894138423293594,-0.5618539005884717,0.7882118541792291,0.7330128584714217,1.661464894170489,1.2530858929447506,1.8531283456553065,-1.497233675080403,-0.2529971218429621,-0.8839047640459039,-1.0311745250762139,-0.14669564918309375,-1.121923016771835,-1.5621302614142436,0.9065105765758654,-0.6634068304755274,-0.5697267511543289,0.8198892242622619,0.48649317451392415,0.8913494264900679,0.3801137452971136,0.468962884536784,-0.13310637796319177,0.27383810534335185,0.04360017955520401,-0.04438044509710248,-0.010545771934188042,0.07581503248399013,0.10471810439298745,-0.0008302711987158151,0.10729222229606511,-0.2283527116414903,0.17975757529214587,0.09155228509718616,0.18428164825407112,-0.02485746521997101,1.7763568394002505e-15
eIm_125,-1.4804759398085103,6.999246341024169,-0.8103893516131486,1.922784661020076,1.912311007760399,1.0248343346153248,-7.340895421912104,-1.6407591820100371,-2.6916776487826986,-2.0532662592761315,0.15641085749789074,4.157603755479302,0.029843072329212128,-0.4964936177866371,0.740488054197239,1.108185254687187,-1.33645005968365,0.03163559723493359,-0.5245711097657484,-2.34025091340504,1.5718146990453512,0.12941382785579048,0.9710593460965886,-0.5663266984354173,-1.6437150498986315,-0.020648295114157,0.10380546871537796,0.01744167059085014,-0.8512382779160789,-1.0784965696535795,1.7806991439500985,-0.054701610803213674,-0.173167230421025,0.5361416877797658,-0.23429122796290497,1.345901729208344,-1.4403318076603289,0.06560592246318836,-0.018270091541956912,0.5671400374085049,0.16964529394135033,0.17435696253637478,0.902470668352219,0.6171518350568798,0.5221339173113556,-2.5059541768303633,-0.32356299760742463,1.1990112213786568,0.05778217130980079,-0.4827308419705243,0.21887513351603077,-1.1629385654564963,1.3219814949441884,0.3933135128678958,1.4163984540385928,-2.6156327934493975,-1.9580259400080338,-1.0967276714533054,-0.2500948470531509,0.9285448661740393,0.8556232317497156,-1.004405375845682,-2.556901098011617,0.026562838405257416,1.474649240494042,0.6197128269136242,0.11743563184019185,-0.511123436957879,0.8604889101277073,1.6854392993627771,0.24493573590611728,1.6341817819086784,1.2758188292168455,-0.08149227679566917,-2.0851520109586854,0.22315024898338487,-0.5452085771254429,-1.1469779123577144,0.3925078965450908,-1.0253052771786593,0.706687434866878,-0.7566586297897053,0.45130200760433264,-1.5638822940426065,1.2874039919905722,-0.1391702980706545,0.016924612726508914,0.6363449916216637,-1.5445690590364352,-1.063558835999931,-0.8376999954409118,0.4696164201766926,-2.2072981073478344,-0.6240060532798183,0.8695379890762598,1.1563888330872458,0.1288804757657429,0.7651134040832659,0.7082055435365199,-0.0981121898800088,-0.5139983531044312,-3.096174320913865,0.36618334823996534,-0.15381899851922015,-1.2363385388973138,-2.3092367300968784,2.1707835321904603,0.2636230305288513,0.49170811368382505,0.13715995602847914,0.4800575110079791,-0.44507814576194704,-0.47154168323654966,-1.2881772493584642,-0.6540804997286976,0.7786954454300384,-1.059752301102585,0.688675057291738,1.9126291762160017,1.2120614965885947,-0.032181598741409134,0.5799690344633626,-1.3789592364693315,-1.5683750774495349,-1.0619710683034487,-0.4556038564295596,1.2810418859132267,-0.39937536300374793,-0.18485000030070098,0.21989123458597715,-0.8291790779203998,-0.4511006731612196,0.6893641163906307,-0.099258496205462,0.9184267690123137,-2.315342415974693,-1.832972230727052,-0.5864026224875203,-1.0356145280292102,0.8335647989517414,-1.2010953071535027,1.712227276897703,-0.7634858516129935,0.2866786771136063,-0.39242605535260267,-0.5011646536303465,-1.6323309149820808,-0.7865452933438546,0.9893935394268205,0.6118391527965346,-1.2119540615829694,-0.09341680249072282,-0.5703808113053492,-1.355826756864936,-0.4279865071151686,1.114536653632314,-0.5502243214050919,-0.11976538290592065,-0.14724940430915046,0.11559105280939785,0.3454999226370121,0.17677056184337492,0.06025232433990668,-0.05772611530257707,0.1965092937123616,-0.1339904640121402,0.1207805165330692,-0.14198492915438599,-0.024867131232931328,0.0963374141581872,0.16527898513103967,-0.019602171380810995,-0.08404793121052667,0.1352595261998084,-0.0377531541326287,-0.05814380036164679,0.00510438455306772,2.220446049250313e-15
eIm_126,-6.5351821627833,-1.8901382561764513,-0.794259044195389,-0.3968149597072621,1.89253239483126,-5.861618068797645,-0.24485625587003057,0.7950168347761553,0.2873079411051723,0.7602920391061623,-0.29274166552108494,0.10360460972939589,-0.3399290429165298,1.4086014540630294,-0.9506724547985119,-0.08526010995564226,0.8549129124282897,0.36333173154968845,0.5000433877872743,0.7080112823143074,-0.28766534359863577,-1.0326924365276362,0.04221365431023516,0.8041407390574411,-0.4440336165707417,0.44503040257150595,-1.0003912163912703,-0.42126785824893165,0.6193850498842179,0.9676254234801102,0.3674136542979678,0.559920430367008,0.5165352822337881,-0.5938732780335129,-0.006394298133907184,-0.8620735847533691,-0.41115083736773367,-0.8114625528807993,0.024522211497512103,-0.9693245584611304,0.8563654452670699,0.12839985630733342,-0.34927086667788804,-0.1046597547206699,0.8361732671873704,0.3209169408009966,2.062067517234383,-0.041119252943067064,-0.048693226912856935,1.5600999167946075,-0.17529179499387626,0.36211448888409337,0.6526022938860845,-0.2144902192432287,0.19234322842548535,0.09728933356774228,-0.011609539591472151,-1.3253590569298501,-1.3936328662123758,-0.8383416590035364,-1.743910189811408,2.780469703928729,1.2480903581014497,0.8629606474577185,0.34246190854645286,-0.25781980033474694,1.1781693565416698,1.2499467446989974,-0.744535885136906,0.18746354194233772,-0.7973058149685872,-0.6279443530347998,1.5798899423059298,0.35540338300277907,-0.836667258623444,0.005596012974699693,-1.7644401880941372,1.9998632422200033,0.2011048550146502,-0.5016401463705333,1.904517684729064,-1.0037551368975701,1.1492617999062402,0.01129122767993107,-0.20885812313215557,-0.3422462821728756,0.30580552974019415,-0.49366525682344986,-0.4994395141273811,-0.21968684301440633,1.4132192196386602,0.457982503240947,1.86040166807897,0.20780661472179007,-1.7663556847579225,-0.0015152761223773403,-1.767773492825284,0.14394497256500693,-0.29184899621986493,-0.3992519803839636,-0.5387677191834639,-0.17737897883514703,-2.036086915917686,-0.4134800991536169,0.21997231158577668,-0.3296624752079781,2.24732109306335,-0.30864836850255334,0.6844590026274275,-0.6807507730414706,-0.6743469591034463,2.8241540099385096,2.3900889238852656,2.1476792593749368,-0.9668186282406622,0.7472101542055564,0.2649377821418487,0.4427869595715159,1.2026618632269388,-0.801165101031895,2.5281520861966214,-1.329157035667088,-0.873853115126743,-0.7877750859667101,2.916474297695645,0.8249089035630629,-0.3431743003034813,-0.3020321111342602,-0.9175822248451384,0.6757384531365724,0.3954051224768893,0.5449105505109724,-0.2051363177308426,0.5630446994460218,1.0217676985323725,-1.7818631779014338,-1.5427144260951768,0.9330641730130536,-0.29005945006548467,0.20269109892668924,2.9292696021233544,0.38646368823743105,-2.5223237603654596,-0.7666007821516873,0.16080248564251667,0.6154363964360618,-0.21316801648069472,1.0746460493331886,0.5354549380673072,-0.424791805616316,-0.7585449112708817,0.7870177261190692,-0.019246088853384524,-0.4633727360522963,-0.23075046330084423,-0.5502669433163739,1.008653105954357,-0.11755870959576231,-0.47642398192505264,-0.677204932311326,0.00044382369373452413,-0.01139706746738,0.05352014814612954,0.09029202056484978,-0.30658540986344107,-0.1846331722281424,0.060292862339841546,0.00572035984002095,-0.01657870402363895,0.058719037911646454,0.030732462914903058,-0.038294366739881236,0.09660953344178691,0.03908468890264594,0.028164462103488663,0.1396335207374706,0.002516068854199527,2.6645352591003757e-15
eIm_127,-7.028619375064178,-3.2468863372368486,0.3213730764229372,0.19164576555390855,2.131262539452446,-5.812118851383887,-0.05553928908944339,-0.6912413428061724,0.42590498862397685,-0.09998967153523741,0.7806397694948458,-0.3108914461651604,-0.553244288326635,-1.228136244091326,-0.6861143293068068,-0.49594364859252016,-0.44115426243315725,-0.4019799403570221,-0.23514660961300482,0.01817158604807148,-0.7800326640562856,-0.264452074464807,0.35001414064136194,-0.30324170233053466,-1.3519016879503656,-0.4057761222393719,1.0010118991220867,0.19908542237701352,0.12456688007674865,-0.6046782106203312,0.7317592793634431,0.9755354354512275,1.2271718034160388,0.4330128626816377,-0.7783508345030472,-1.855299791064296,-0.3650920571326848,-0.022101498369542727,-0.31811429771146094,-1.5238755890807016,-0.06642791951089838,0.44391392567517074,-1.267400711352704,-0.37492577735585586,-0.0008631201902643548,0.2926844706647065,-1.8678127343104303,0.3666234098132961,-0.06257187798397196,0.908386585378636,1.2095086203954832,-0.797979505596852,-1.2799888296802246,-0.11672533858938618,-0.4061089925718849,-1.1978581035095859,-1.6463892751031177,-0.856325561839629,-0.44128202973770647,-0.007217138732913676,0.8361119743138943,-0.8499172630124506,-0.7862168665987159,-0.34171374540852906,-1.188697487594955,0.7287347011709747,-1.2508459134249836,-0.4227393006805412,-0.6265459648468888,0.08300080485433725,0.34531360981918024,1.169343553027462,-1.074278172955359,-0.7901874758861385,0.12786230584762937,0.5303425938867314,1.2366725845593076,-0.9695063231053114,0.007066965834227168,-0.18223361778654013,-0.5699296976478581,0.21063383764408694,0.14840728093372818,-0.8308421051258434,-0.3851756463560312,-1.9286127091140137,1.163153079715643,1.357805899990025,1.0639031111786834,-2.262042894494674,0.473929204063956,-0.687389821228343,2.1256614159040805,-0.9598074162643344,0.2767928182545063,-0.35268087041169016,-0.033229826811549956,0.5150324776128925,0.14497628301574528,1.6924593123079499,0.11760689080231855,0.8674661019429701,-0.06970220792165668,1.9925067447530054,-0.04194999105948938,2.1039264948445737,0.9821022292316626,-0.22624799365991705,-3.1111196198102204,-2.303634831395567,2.173278122262624,-0.022640553247101236,-2.4226746562292116,-1.7933710731752448,1.148457819166035,-0.7717685442644278,0.6012609378717362,-0.9402161104656203,0.274454090945348,-1.2767378678254997,-0.6810325674076135,-0.8265279059802171,-0.8774790582923846,-1.0904070437786906,1.296330147385806,-2.5551050282900554,0.18080409797431973,1.3829453226141455,0.3683443793691311,-0.2307188612865767,-0.4790424592415552,-0.05324421798373047,1.300301559969453,-0.20913340097731783,0.06629850548248906,-1.844514342662362,1.7627880481271387,1.4675793752959894,-1.2737021280392895,-0.3052614946544441,-0.4386954694980316,1.099575366644849,-2.0236580501259143,-0.9275880915804612,1.0715010710817265,-0.3806448539761056,1.9653039677647461,0.9065216614551385,0.545387767745747,0.37800301177656004,-0.3379643402795464,-1.1387063062536242,0.5826725952048462,0.1762749004383532,0.658918410205666,0.36649405778188804,0.16067666070386055,0.18718506396307416,1.0740492285472218,-0.09989639637358261,-0.3226614042634688,0.16291181187037196,0.3517118929507016,0.39276088693242517,-0.07733451863648444,0.204008321825922,-0.31906898066562506,-0.05909151816198288,0.04850783492988736,-0.05757439071375714,0.14237757746373347,0.04978383726530494,0.08315488049891484,0.043066037483810105,-0.04758194488125589,0.009144162313226567,0.035472713697541014,2.6645352591003757e-15
eIm_128,-6.78690651932979,-1.219902784751785,-0.6582152818085474,-0.0047658666358110224,1.699199765554195,-4.814567346803074,-0.3673972266203963,-0.46127188699013144,1.8591638013700886,0.3229651415199003,0.8199329132082881,0.16351184892595283,0.04604940856849127,-0.4502012665006888,-0.675799211548948,-0.2507769157156141,-0.6174077426988693,-0.8714421477679573,-0.09394649054571147,-0.5866237298682185,0.4552545268202917,0.11778497014100242,-1.5451215602636623,0.7220593318694826,-0.8322482320325195,0.2830722026369761,0.3564403354025048,-0.4506037920824062,-0.06446332888888828,0.1288005834992354,0.3024214930962519,0.5427510431627562,1.0194287847497718,0.5909399828936719,-1.029919872726124,-0.8141100080862813,0.14467671507588498,0.5217211398408454,0.7529005111996769,-0.3577432775961314,-0.4424583841373045,0.7748468868271658,-0.2876453560061048,-0.7332194171013214,-0.39601664329104813,0.723520667203346,-0.9999133593640828,-0.871753375694513,-1.4636033840232294,0.9513324336508886,0.44452968619367206,-0.137871829733096,-0.011152719853249116,-0.047698734169142595,0.6867188661425654,-1.151776174690995,1.3957796110833018,-0.2875605037096432,-0.647434038995353,0.16327150797219864,1.5914198353044542,-0.5502128842861099,-2.1999719995077447,1.7925602899092308,-1.0457688001375112,-0.9865729028369196,0.9134164268682741,-0.5042805108975283,-0.003654478346640788,-1.056989861355537,0.8692090343188603,-1.2255939467217583,-1.4664919494498414,0.3452128734902895,1.0808663691661384,0.9539516333820109,0.8911554418330876,-1.1261017786954006,3.108245446211174,-1.0578242356951424,-0.4113236932766118,1.688329333609031,0.0880493876653799,0.13624669338103113,1.6696015824958177,-0.9178736459135803,-0.7002017637527456,-0.1663894113882325,-0.36818841542398384,2.6813949047866994,0.36398310331438744,0.1519932589219295,1.1987412158178432,-0.03773502049347838,1.2132527433164881,-1.9283437974501652,0.9322716204150358,0.5264109624296304,-1.8912474262474388,-0.01836325671910377,-0.6324901797276293,-0.4998790734491327,-0.31532122474846225,1.0192576127014923,-1.967728819374332,-1.8853398316552676,0.7754743644005567,0.2735419662443813,0.889006253319151,1.59675717645765,0.7099355752504896,-0.9845852945241089,1.831850817015732,1.7655267610496779,-1.0716704692749506,-0.4561138610873061,2.6692121201764483,-0.8294923890803252,0.09330572971031237,1.8705672846255124,-0.7025773072972415,-0.6041130340471819,0.584175113022679,0.5389876160670318,0.07573086667445661,0.5071913828855563,0.043423751626793905,1.3624296422055129,-0.41455464644643936,0.6391139704695861,0.12449241516662424,-3.060145938574303,1.569119830875977,-1.6935339783871466,-0.4941493954599733,-1.5052774295554088,0.15420794468429255,-1.2595035715808447,1.6059849533075663,2.2295154771871464,0.06943055623739935,-0.8689576531829132,-0.9401760791695543,-0.1838645801730724,-0.9473550475700113,0.1487769190964039,0.662337744195626,-1.0109526585042639,1.2870869943161523,-1.1479155888763066,1.070684984496071,0.2034885958720043,0.8391695792259262,1.2072748506391509,0.27279539730004804,0.12610061036509446,-0.030783475565779206,-0.026196816584700744,0.6783764702850752,-0.18691823445187972,-0.06458959610951731,-0.37288275672035676,0.38546146758952865,-0.3772818109326599,0.04281965223638884,-0.20089362511847847,-0.05987342075201829,0.010454514062843201,0.04382289721348187,0.13339084895330844,-0.04155814959527748,-0.017351033388515347,-0.09701231411893696,0.01396393802842777,-0.10837890382898607,-0.015844784709903026,0.04158592331886879,1.3322676295501878e-15
eIm_129,-7.2551893894847375,-3.4527741109333983,0.20581340910829335,-0.20422274028188703,0.9911593536026018,-4.743017123256052,-0.6714642090430835,0.04793117650704981,1.2140446193479524,0.9865599017694746,-0.5409039373994738,0.3187491827947817,0.19488062578454102,-0.7174293474540959,-0.7799442590662646,0.16530289493403982,-0.9691185471720825,-0.09503697017268853,0.3979402118478508,0.4412834918259213,0.9157743500098383,-0.7574847182574135,-0.8536207262346738,0.31762913408626053,0.16727870535574096,-0.5913225109129111,1.0766353888310523,1.154967426212309,-0.3246786547782933,-0.9643751247252002,-0.31610985007566594,1.1266597429637937,-0.11516733940167034,-0.9686733171494959,0.7012893893666952,-0.21699966798666703,0.07131973081430987,-1.1913484532028624,0.7706436367553542,-0.5530781843182783,0.5908316006144105,-0.8848834073982524,-0.5645529000507259,-0.2299254660318396,0.31311298066643845,-0.4254339518079464,-1.2121005469970452,0.3955129257997383,-0.5351267618005039,0.7911884299174797,0.9030980328451237,-0.10752262338160179,0.08291794867079655,-0.06817979788155697,0.18912307851222843,1.3187806599596061,0.4290265259973497,-0.430402117782568,-1.4836187746391065,0.5248167408161556,-0.8100788942520719,-0.6630496295278093,0.048352382919238934,-0.4910468712146234,0.9276385012136035,2.4150425066680903,-0.4508175322323753,0.6544898541794713,-1.4424977720163836,-0.9086180913576565,-0.9591360017877858,1.1331778237650516,-0.10476356183655455,-0.25646184309667497,-0.23035706548159246,-0.11085430929331608,-1.6287824149957375,1.1490751128558878,0.7300886847443993,-0.23693092463740623,0.6152394933332516,-0.847239465671632,-1.0312944084670057,-0.8689017748897576,2.3121270435995047,0.1402296535735157,-1.8915946523552776,-0.4756353676606544,-1.93149919855211,0.03209497317524973,1.1089297798568793,0.953908834670378,-2.7011317396230887,2.1839729724875756,-2.8735254624507434,-1.4015526460497976,0.930735787324544,0.20362289116745907,0.39557468787893346,0.06775068097825837,0.9367419196015339,-0.014416745705310319,1.0558192032430365,-0.8984250752011995,-0.6612437357008455,2.6601320651178533,1.9705161690418358,-0.011397341877322636,1.414185065639916,1.6453054387794528,0.7507731726575818,-0.19407308112981636,-2.521697290947396,0.2896607020343138,1.4481590112819633,0.3304636866563382,-1.6266020572364865,0.9648161952905214,1.2998119034185645,-0.9421435744471447,1.4032208102606702,-0.2677303211913795,1.0895973942520296,2.3592309310692725,-0.432040833547505,1.0560426429783991,-0.917096384348584,3.071021927358843,1.4229977711589097,0.09572046723798855,0.17938879960468235,0.885299040000421,0.8334434619216972,-0.3238631712828215,0.4890559813747285,0.38188905215807867,0.05017374309240519,0.7354549990663446,0.9696680770017017,0.10080365218790921,-0.5255293957993956,0.5807751891707634,-0.11758784619414586,-0.4141084740115769,-0.5074267704690966,0.40368332931874873,-0.7081544093901199,-1.8057978566964024,0.5959139195803216,0.3374729441295401,-0.9201953414005715,-1.7031374435249829,-0.3682527048525974,1.7487364797406906,-0.5437507738425248,-0.9249430896651143,0.20485751467148194,0.4871804424644365,-0.031019697118908285,-0.36862307057290755,-0.7205118480737946,0.06303910328937001,-0.39148381568533624,0.027308431088358037,0.01875897911239366,0.07738365346030518,-0.15931981908564152,0.1679465085498063,-0.006370572510629474,-0.3068795103520814,0.0073621985804803725,-0.13321098234670364,-0.10407136788475602,-0.055722709067223875,-0.15032632230303233,-0.1580968517780882,0.03779750851864605,3.1086244689504383e-15
eIm_130,10.428166038152328,-2.124427515132561,11.981128850872183,-2.3712895351530427,2.281816568760373,-2.772302429052906,1.29078811918582,-5.736730076678166,1.9318817893869915,2.5120699985886605,-4.39637061871174,-3.3513139635046763,-2.6068294541468453,-2.149577841211614,1.9975054309716338,7.680048494344264,6.9006860358499065,6.75005127464888,-1.4565653267000442,2.2119814569300904,1.0412353784082549,1.5146092263229565,-2.242588824714301,-10.436855641146519,-2.058441383196568,-1.3830354078140246,0.9575915613240984,2.7128862038539325,7.606276700786661,2.2067789400481725,-0.27769759303741925,4.102213876813036,-2.8256414236333605,-0.5787811910360812,-1.8248432513704573,-0.25637013462004576,3.1817942647188824,-1.1382155672651537,2.1830776030084484,-1.1255143549816948,1.5618522503361596,4.885056155300934,0.5898098162039465,-0.12810119947659793,0.7101910626236907,-0.44176641562888525,-0.6728702837856815,-2.635939144093875,2.1198932054821276,-0.5640959412140564,0.17441625929310006,-0.8722731221668545,0.06708209677372395,0.20635985022673636,1.8156223899371884,-2.6847670914939092,-0.7776294450076832,-0.5788290199594273,-0.482786194552563,3.2160418616110036,0.8154090616911236,-0.1383187125831391,0.5080403821051338,0.24458153214811773,0.5481339862674938,0.9524546246404381,-0.2570569250374409,0.9695740875769836,1.1624712709873093,1.1884161197739467,0.6032864633883213,-0.44298710899066807,0.7886090602577727,0.047660432741922776,0.4838185757639044,-0.48639486045115055,-0.16811512208102591,0.6023940752573036,0.60529017197709,0.2751217604313291,-0.4393727100972206,0.6518544701568814,0.17352045742936412,0.8020156408112891,0.7758609579974802,-0.5474578886916298,0.3099993672691159,-0.34159060914425377,0.22593837286382246,0.15446560500431028,0.5874438473380773,0.20289063155694487,-0.5607895683389275,-0.04396811069105,0.06171344001185752,0.22477916838999512,0.8230573917143419,0.5172144861655095,0.18529462461023716,0.11862701553687172,-0.44744334255516716,0.22918661054521852,-0.12108658291270555,-0.007408252344264787,0.6204427848529749,0.12735708787299013,0.24510153540766907,0.003372647597010753,0.15243395886226063,-0.392418587522719,0.05064720432265124,0.0747819064902846,0.09097313818397465,-0.3702791924883891,-0.40916306066756414,0.21825490984402818,-0.000647440129054877,-0.22815770509624245,-0.6589406296464538,-0.23311228329659178,-0.07090825973448844,-0.01988309987123671,0.1660983651744971,0.18160843803783688,-0.23326735272373456,0.4018480863213451,0.04837199927422242,-0.42353211558706627,0.4541446679694937,-0.40484734370957387,-0.11502861040227197,0.21643708506525638,0.003383233915628725,0.24841860469656626,-0.0795109979175127,0.07667292171222351,-0.35364052804697055,-0.261489659496898,-0.03989834048336399,0.3111613332221074,0.06259450331805261,-0.07812494094741973,0.045981395506337036,0.15765990522096418,-0.027427933203705318,-0.15774843112215586,-0.014197583344232045,0.025958135689122197,0.15033369651712403,-0.03038387243071461,0.06001537414051217,-0.10558929048541166,0.2075259474337361,-0.06939879940841404,-0.14213227263959857,0.04564623687883118,-0.06269733027624724,-0.1252873769451741,-0.11693096391643987,-0.08966531884338491,0.11522805498902611,-0.07388291083067766,0.03999699663953321,0.04561034004428813,-0.16090884304344377,-0.024549148579636526,0.0998545619552782,-0.05524826996282073,-0.002327200076461866,-0.020705922132268295,-0.07208811385995229,-0.014420410190934707,-0.0430270147469789,-0.11005530223918347,-0.014282423121911969,0.012739340326058501,0.009715521549674366,3.552713678800501e-15
eIm_131,-7.466538484524417,-2.4735866959991757,-0.728147082500688,0.23522341500604593,2.4309313710596525,-5.34783870795837,0.1512789105994335,-0.46924930793473896,-0.767337451387386,0.1781820525626433,-0.35204912918997777,0.43633126797370103,-0.33751773965697096,-1.184291252770348,-1.3449663580971971,-0.4538136001652173,-0.9871253020555188,-0.009471707940924334,-0.9382125486718431,0.8776032461020002,-1.8625519907554284,-0.7544711188409444,-0.03827476535884489,0.29995377954756125,-0.9605235487915197,-0.709047529041523,0.1657397431555345,0.1041861468891209,-0.13079709051100008,-0.511336250244611,0.8041495766049367,0.8377541606775014,-0.4152073506798193,0.4175497585332622,-0.08783650142455196,0.7614336796040606,-0.29950493027196623,-0.29348514033243217,0.40261482426613493,-0.9215676921345239,-0.36126487325345813,-1.2047482444939774,-1.555532922415712,-1.0951452572690008,-0.9030749290486039,0.8400999731009836,-2.5723986663650193,1.0603723387078727,0.11250147179848591,-0.17870959439810513,1.0608660652667665,0.3207472895231759,1.1076108921231722,-2.039065499844737,0.6168815370510872,-2.066606716901501,-0.13828903989101826,-0.31582898107023755,-0.47529486194350423,-0.190090398912188,1.3514191842717471,0.9255659483004395,1.1244317071705532,1.2251226779055573,1.52614126919987,1.298975458392955,-0.3570732599433993,-1.4201212989381184,-1.0820410009836992,-1.0006839113440569,-1.2420718545577123,0.5422033043168095,-0.36149290455591565,-0.73937914816708,0.3886104633815257,-0.3495436583658442,0.7874061309987519,-1.534943738901675,-0.7000362597014154,1.337626604382008,0.023780318010894586,-2.6454589883719226,0.33455023671103107,2.028833327924152,-0.6109340494805897,2.1139889651319788,0.48105703735685296,-0.5936368090179247,1.7849270460786397,0.0236547268105336,-0.06059561031286964,0.5039767860134529,-0.41497594982944186,-0.05156547929616029,0.446034603849889,0.3585697458907793,0.1013120392102771,1.013895510789499,0.17806844856886728,1.2279733305717162,-0.5082875198054866,-0.45008595094405995,-0.35368941466877124,1.64655282416791,0.180510483191472,0.010713331726717179,-0.19497114688596898,-0.17399995979222602,1.4577051487815593,1.1960419842770391,0.5429361094318622,1.5892559767799534,-1.1272985896132226,-0.10801715417171147,-0.5986973425888918,-1.9100551189288935,0.7495761864255479,-1.791610447053445,0.9496316091684425,0.30052328270240336,-1.2858611191001095,0.2809481754780969,-0.6666346182186167,0.33295112294746054,1.0082412013955786,-0.9802520068999926,-1.5056247073447069,-0.7495700039326773,0.8227737808669433,-0.33928668882824287,-0.02700700262452127,0.3152178373253198,-0.8267909546303397,0.7536393567170351,0.18020115830280503,-1.2556741282973556,-0.006980316045245627,-0.1487824215056716,1.3115623319893135,1.16463305612223,-0.6158919879505134,-0.42834266559845224,2.250478581731421,-1.0657278835462858,-2.313166747543785,0.6990082816094161,0.3380762261650838,1.214420670472356,-0.05495109655685937,-1.0146869417606204,0.16395048002173762,-0.7706364879824743,-1.0732466521860768,-2.0390487761512417,-0.25380797761965196,-1.5038791338817932,-0.6179914492447527,1.566628676375931,-1.7271864225128832,-0.06704940654528568,0.29185572255418446,0.4408565696363347,-0.31149857087159727,-0.2508877192591117,-0.1517172942135625,-0.07175393942439245,-0.18413791427920256,0.2549790734754661,-0.05763008925340518,-0.1026211011764171,0.1350684134180531,0.3039528986926288,0.1470944285097613,0.12853327069987208,0.0984291441729871,0.0665424478576343,-0.03419231631178943,8.881784197001252e-16
eIm_132,-6.739205614979582,-2.9288121822101076,-0.7666096255825929,-0.05313232156605352,1.3575667287467297,-5.852565544010411,-0.7664906087361373,0.7128744546094892,0.25344183892789374,-0.36166588195280036,-1.0437092486908979,-0.16213318725965808,-1.0486151809370035,0.4205209804136445,-0.08004579675087298,-0.44752615300435683,-0.5961568133119524,0.9815088433147892,-0.32024114741492493,0.12819046829098815,-0.3887827944790067,-0.479888158272476,-0.059120382043817754,0.6167268809466084,-0.3988564005183357,-0.4743489734441775,-1.1833761307695623,1.5739304341576172,-0.546187416926382,0.7919356090973187,0.21874573636526917,1.4708500293460336,0.561633224613209,-2.0107036696765297,-0.8352835154594125,-1.6760837340478194,-0.43514690946506307,0.5074252409774773,0.7842978195719625,0.49852732062696414,0.745814059732254,0.6555664878597371,2.226781201395347,3.128773890805513,0.91257186256021,0.7550107114123256,1.0377987794468646,-1.6436558554448826,0.46697670378394707,0.1686809331415512,-0.3169012225791697,-1.3260362420775906,-1.0028638077264587,-0.2358413906885804,-0.7489670946039446,0.29692552949822715,0.8535714977115291,0.7776503189298256,-0.49337253469544046,-0.7663624995434507,-0.8050230828801807,0.3642261228644562,1.4497154063836404,-0.3891697988615439,-0.26832367351899666,-0.8824491972577008,0.41215166906644046,2.6966876118235747,-0.19681780445482788,0.39648992909,0.8380710233345965,0.5565515891456293,-2.139155798902072,2.65589532021694,-0.5602729734538048,0.4973753422423034,-0.534651613611655,-3.1982961133973715,0.6948047509641155,2.241152748200834,-0.27388483098107136,-0.3532118868293399,-0.25554344415578806,-2.644831747384055,-0.9475611618504418,0.4389560552319164,-1.6960779494058842,-0.4575971130587655,-0.4090376941220629,-0.5527616731651196,-0.2824646949402304,-0.22390460263164857,0.3214159060525743,-0.5840177604644179,1.5193242923462942,0.16290293626503272,-2.1096431405446587,0.11922209541842714,-0.2855561065677006,-0.8513891848642734,0.805027154140597,0.5432467099152767,0.6665965864259471,-1.1440568344614523,0.022003541490548062,-1.0219016883104348,0.08365176962737905,0.17549940837609138,-0.7609284375011717,-0.23613736425889365,-0.6327927089629803,-1.4117245044548572,0.07574067499296697,-0.6871585141299312,0.12820303825698687,0.6863888206384798,-0.4080883812099257,-0.7265286059113829,0.06260792006888616,-1.3099497820326371,0.061040208719573164,0.9689878481613068,-0.43375765267230815,0.45449074676426704,-0.12682375835903859,1.0691373849638564,-0.9996111494907217,-0.3710768527357783,0.1304728171863967,0.4278695994375141,-0.666576733367783,-0.7615356122816479,0.05247077968945854,0.48081607217973693,0.4792913269459568,0.00875394382088479,0.2805567777993596,0.601027376758015,-0.09292631898073694,0.35880000985525307,0.1576337600387372,0.5133005612725792,0.11544024454454138,0.5233647795359139,-1.2281527657443738,0.41618570221953083,-0.18048545788203146,0.37240613040906856,-0.22591349973528674,-0.5943811808583803,0.2015111920255597,-0.27661846392484635,-0.14062159596949786,0.02735324265128415,0.4514819926880008,0.17594978435039677,-0.20468343331409766,-0.6490162477527739,-0.6455873173810878,0.028504152090121027,0.8992747008774417,0.1513359119937263,0.7565906848814363,-0.30057107467669086,0.9001237832006854,2.0571421184547587,0.3111638985015389,1.0780088956693032,1.4983236372853437,-1.1905940971380926,0.5539688348287228,0.23245924511791,0.20308060624419855,-0.13409696710861407,-1.015260609362341,-0.19349343467611535,0.05255973039280848,1.3322676295501878e-15
eIm_133,-6.858596009541422,-1.738519189873192,-0.4344664500966722,0.08292665610923855,2.013835936918732,-4.577834980617208,-0.6204017194761086,-1.5895675364501993,1.7164942319077388,0.08617228880410022,-0.7534838635512578,0.6178638701006395,-1.1754424902346856,0.1712558160962906,-0.9185034694034138,0.025146367096752886,-0.6620115022038808,0.35934566045670646,0.23454598108936464,0.22098722506756094,-0.7348085115835004,0.4591062957740622,-0.6696971127404108,0.003268734302251941,-0.6726298708974393,-0.10354489385069177,0.16624004664001552,1.3545957824966357,-1.0965111079242287,0.36505500983696426,0.28488032960834564,2.3347490748848094,0.3817217517171607,-0.29423893206704765,-1.2797358589704628,-0.9447189869935466,0.3603194745274094,-0.8811600515756253,0.48942926918706786,-0.9943636848632925,-0.3936274083089082,-0.8269287076968599,-0.1858005151824808,0.0836955246787855,-1.3263267881447542,-0.6931798269404298,-1.3085388369043651,-0.6012185620039101,0.3972789722964265,0.09014522390940222,-0.07113586444345166,0.730633006237162,0.9607560045821033,-0.8692809205928728,-0.716938920908217,-0.542816798488417,0.37042316244921636,-0.1998278653239346,-0.7396544431043276,0.6655893773919587,1.2275679497081438,-0.8423819972408694,-0.06320450282419232,-0.35520800359094684,-0.06409198372781999,-0.06711266361420654,0.39931758851983284,0.47381313687509796,-0.9684177968865963,-0.67830124175011,-1.293365624837051,-0.15993511062019972,-1.6239045109954535,0.6168072190944865,0.8954725497734579,0.2352451001422795,0.1275533329744321,-0.7784994831745384,0.5955239759310247,0.6201567713858843,1.4378899267486949,-0.11874719076373502,0.9900319057690277,0.25800726461845136,-0.45253756911468446,1.87449880766866,-0.7971195371087552,-0.45542911762052096,0.59699135356169,-0.4813201318186281,-0.7253234571946943,-1.6813543289853978,0.6529548038752374,0.43342518127508334,-1.0227414440553704,0.046147384762744714,1.346371379020515,-0.9657118974446104,1.0463436371217714,2.568561589029475,1.3234233489512024,0.3410173408507801,2.7766828706061673,-0.1527537676170329,0.09852841302627224,-1.7999813117587589,-0.6662349791664626,0.5656383734079728,2.201119951512297,1.345587889694993,2.009011900802099,3.376502802342727,0.6798635119844134,1.3880691712884714,0.8911455835921266,-0.2922382995096433,-2.305943914178602,-0.9203508949153156,-0.19818275254528417,2.7353065996487897,-0.7441572615262729,-1.2165781965206763,-0.002172385465468718,-0.4678523722365229,-0.8195722056006038,-0.11728448087494159,1.8430575863068686,1.6387355296317008,-1.4389282474420928,1.803278981459263,-0.27954949250615924,1.1973211062886575,-0.6735852881272496,1.3717794594959267,-0.8261032626843753,-0.13462626569619274,0.7499047663852298,1.3675731332310945,0.8318498096842781,-1.2071994379694035,0.7377939818436825,0.18293599972393237,0.08091505768735996,1.077567656149729,1.181463989650231,-1.950449508583599,-0.4822764407979334,0.1375125748563638,-0.6378540236468881,0.12820417216593438,0.006746034471233064,1.4786097645840455,-0.41002355179033634,-0.23746856227637897,0.9638094656548948,0.3860052973690402,-1.0134024703747953,-1.116137330403043,0.8059792278058903,0.2196543829939117,-0.013938608418465837,0.09076308705742542,0.09877719705952517,0.05938882640528201,0.06495362482807399,0.27657114273135475,0.003923396741688512,-0.025493112421136277,0.1246239025440275,-0.08163885954370598,-0.0031325568779425605,-0.06554651948472329,0.19477487608450095,0.013611683377089623,0.00972456404636357,-0.058669974331239216,-0.10620013930073213,1.7763568394002505e-15
eIm_134,-6.9060211915240615,-3.365437668203463,0.2099566242671239,-0.6008415144480086,1.69459386788972,-4.7164541478035895,-0.8896444464272039,-0.30298190035923556,1.6742834808911122,-1.4352185093094016,-1.0128344831241476,1.0724137527593989,-0.13782571600194837,-0.22535482808073837,-0.7952849127417282,-0.0027704782272399697,0.42488398234733205,-1.1378431961260018,-1.1833043555146974,-0.6419310884757244,-0.9259216111262973,-1.536167210161488,-0.7881651257355156,0.23036259434774115,0.006431550674421249,-0.4299238392196755,1.5919468503560243,0.7644198149683034,-1.303545606376241,-1.574867476057537,0.31319978599194065,0.6792068923864831,-0.545643230277427,0.2223091869901324,0.04126445948392021,0.15961547803143095,-1.7518583762325584,2.0616190936385537,-1.7717923711028145,-1.2353864907866412,-1.3851716933770708,1.5131675607153927,2.0037709104282198,0.8132387277828695,0.2859648168398081,0.337182839733099,-0.34896933659631096,0.6656252095928183,-1.7552032204408072,1.9001418177675746,2.5577182002452314,-1.889485648894692,1.2613916928870694,-0.7158040929299095,0.4059734398427597,0.7387545572924503,-0.9894275636241279,-2.1102934417617734,-0.9281046953384999,-1.5086287198122315,-0.13398624697795936,-0.6897283648984615,0.7561893566046551,0.4401726511610403,-2.112107423412723,-0.40431903331191255,-1.9746060859252947,4.362000351225649,3.2416205647644203,-1.1454608162840452,-0.34659933584407154,-0.3997081208453982,-0.5466236863371646,-0.8084240529017563,-1.9868821898092062,-2.0681104898439533,-1.2476817863222942,1.6943451189936027,-1.4714812730358489,-0.20806125976812584,-1.7145964868666534,2.1169775583835735,-1.2904412603646693,-0.01162960510482991,0.9525832917241532,-1.9189418710697115,0.960503895723303,1.2631065229407255,1.3179430072138616,0.3629954968072714,-0.5116531130341877,0.6425423636668373,-0.11424483410990621,-0.5063944970309675,-0.09993553797811583,1.546312587263546,2.370538536516153,-0.1342988565773836,-1.1043567837535504,-1.3703240738418936,0.09492282252106969,-0.6185202458981858,-0.7288470956889583,-1.341693394120361,-0.8193076991692402,0.6235642018892165,-0.42281564747352973,-0.6535613545698276,1.0048655356360257,2.4465301074450756,-0.361797290227562,0.028008902430581406,-0.2942876747725529,0.7825657778713423,0.32366611425546554,-0.5916341772956659,-0.26207934832613317,0.0064376931997824904,0.45173760283580067,-0.9960306070449023,0.1805333455489646,-0.8815993649214482,-0.16963581843284825,-0.4382179587610733,-1.225228751441792,-0.9047604920632931,-0.8637355422204445,-1.1139985518688755,1.045251669034835,0.5152598096266972,-0.7636557397207038,1.05595138930927,-0.2670584855992333,1.1391142906601297,-0.10190922228870891,-1.0987405094485478,0.042350079752358605,-0.7594903589633271,0.5346987490327075,-0.07727442920709038,-0.9897821802769423,-1.151054762275019,0.30969444721187245,0.5234024069945908,0.42708159517917277,-0.42595065309293045,0.7052474241848886,0.8384523820151634,-0.6357349680155957,0.8238160999354294,0.5647357888792595,0.9685188465423433,-1.2713179523821825,0.4987254731013111,1.4163208686652622,1.5740157127475574,2.065611624088528,0.0501665073522336,-0.6278690100220385,-0.0844485421762683,0.08153828757571335,-0.26982626056380554,-0.04186552491513884,-0.645788261691706,0.07832463829406744,-0.48856039890731895,-0.12396533620006212,0.16781224174070875,-0.033776006643776,-0.05990070994585417,-0.0020877412163415876,0.014138917010022956,0.10114859418653155,0.0754837688873482,-0.13702646845707234,-0.13021206510491412,-0.11021103866172621,2.6645352591003757e-15
eIm_135,7.324192437873731,-3.882497437196302,8.763055353507806,-2.674341356006229,-0.08597770013956496,-5.708303281409883,-1.7586310506393645,-3.1504350062756084,1.4836921127538578,-3.7203746234214683,5.219606439110596,-1.7691613559715418,3.8581012769910306,-0.4401941102951492,-3.8818484766687362,0.6408853951490121,1.727736710690617,-0.605948716565916,-6.48162189476187,-7.109447920909303,2.6331752596506917,-4.908980149965852,-1.8403013338273506,-4.046938011122376,7.972857324682304,-2.893896802179849,4.007810773006403,5.505585404800948,-4.672642019424212,1.272746305315555,2.5196563794598674,-4.742868028958222,-0.845468386733087,1.3682501470144695,4.564643856306634,4.780843509311545,-1.5606007875632684,5.339179025946611,1.7411551694357061,-2.0589951600039686,1.801358679681713,1.7232555593641259,0.4867547044925322,-1.6833346839565233,1.2797858026930595,1.1088841939120373,-0.9065603561069169,-0.4471214091145479,-1.2535212124177415,-1.5284660219918624,-1.3185009634191367,0.9369271344983515,-0.629567272306267,0.6877223820127248,0.984900201630641,0.6520599410871821,1.0554957368819244,3.0261087805052096,-0.4073978513988994,0.035235432331925234,-0.4598794011446298,0.19019866078894976,0.12913903695228135,0.3304995357769842,1.5123570836473115,-0.2540534084881664,1.0963235962575344,-0.7334046222588826,-0.30958748183155915,1.033373369196105,0.08704707816334278,0.3812828892782176,-0.4311942109711704,0.6813224376735907,0.7975805281813997,1.0722121485175182,1.369231991091889,0.8389033102646258,-0.6555996156146904,0.7607867772520276,-0.14943540889169216,-0.24935158445140437,-0.1426116415288345,0.05392053137786679,0.027886118309460306,-0.14484423615768244,-1.0385402020424466,0.360711812807062,0.005217928627727186,0.06298101642465026,0.4449055876815744,-0.504792914262887,0.09443203278626872,-0.16342223092983843,-0.5338670054125707,0.21935785626777782,-0.347978901256742,-0.2976496211522203,0.8158535219817278,0.43700619899143445,-0.17164617768133555,-0.09388753330010124,-0.3739926752030054,0.3494548099540283,0.42791821357356186,-0.9279629941593723,-0.149427658037971,-0.14146077659456557,-0.15156472311627878,-0.1630993173949773,-0.910475891070363,0.019324780586952306,0.5083701587546927,-0.07815156380645717,0.2607347232328789,0.02446216565565984,-0.1507350674794991,0.12660989045316784,0.060021286077984626,0.04983475010433697,-0.24573996613161586,-0.7005704219726816,-0.17490820608984137,-0.12143913107078652,-0.430816368169902,-0.15793331649091524,-0.08277052266080642,0.31172782550126377,-0.28250140090541964,0.09750589253945163,0.5388562156460643,0.3410171663644479,0.2788354993981056,-0.08990564789538767,-0.06806817274421328,-0.3320862344622262,0.0883358651643672,0.4991763509455213,-0.19380368494664563,-0.22373994248716844,0.07835680077033103,0.12512561718937293,0.1415219622799802,-0.13118892310573116,-0.0493930886108889,0.3938845089173355,0.24001107470754812,0.13716364093650968,-0.16083898672072267,-0.19071887603840154,-0.24956633729162986,0.1376482533728709,0.23829701475278964,0.0998149061365881,0.010832278759438626,-0.12256085870289102,0.13824044281741732,-0.16900763103978755,0.022584332419908093,0.041423373227110316,-0.048432000079275506,0.07961374677827468,0.059925200919014154,0.09038150356944832,-0.028496900472254172,-0.013365736697007913,0.004914029917713725,-0.05495067176647872,0.09762384721532996,0.018227741071502823,0.05584359257767435,0.02135482339056327,-0.008915922337685567,-0.007656638750537015,0.015309437914644342,0.011954454766564981,-0.013821747282967256,1.7763568394002505e-15
eIm_136,10.36107971130589,0.10377105042828946,12.057188273439168,-4.624615822059896,1.4573364222071479,-1.8766153478124605,-5.528929099963096,-3.870206143830208,-0.9656736257247496,-1.530010338244629,4.4518418535841136,-5.881246104129194,3.5820645175916206,8.911516976081007,-0.6195696948616519,1.7099048436159867,-2.559224562440201,-6.335681143209576,4.212916176146949,-2.078203632322609,-1.8273057745270693,4.07159415792185,-1.575445750748761,-0.8811515433094534,1.7384687274323796,-6.17897944772459,3.8415810368451737,-8.918638020814415,4.272185484971314,1.2488031115556228,-0.3938305544576487,-2.2336691540764146,-1.7988805971122535,-3.5112613454945385,-3.6086783123958623,1.4819838182669356,2.8747513097879382,2.2642792543477457,-4.087213729660238,-1.0451801263418532,3.2595950504605127,-2.879111122746628,-1.7454558520113934,0.4847882997792434,-0.23258391098908338,0.13689324426995372,-1.1608599479774298,-2.3135831732192367,2.4050075343140276,1.8267549569258659,-1.7991013241827154,-0.5222621208759206,-1.8991280287941013,-1.123843776418718,-1.8490282272849172,-0.23787343511426207,-1.160324553016765,-1.438847327366716,0.5745392509016765,-0.0485097325423554,-0.7201171147544142,-0.6251287432347709,0.14616062348751213,-0.6396824071067213,-1.2385453782016578,-0.4442307045131998,-0.9828662695843915,0.24300689710043788,0.553039426919917,-0.925049518235564,-0.6871259125566395,-0.1811207355868975,-1.1930032703346538,-0.09327526500340877,-0.21182377047782386,0.9099041809468845,-0.6046821422254827,-0.33077375479697624,0.6677672632798652,-0.2055049126416819,0.18124666406689072,0.00896731801506584,-0.32638743315597346,-0.602928426781052,0.08181380364697954,0.18211136165648212,0.22391712711832518,0.08063542695751336,-0.3625706334687354,0.2107736003782028,-0.730991280050051,-0.36960683981513565,-0.1706123578148158,0.8544688652937801,-0.0646586842486101,-0.07249132961415672,-0.5447339599118979,0.2838540012521474,-0.12622147016857577,-0.01740744593284338,-0.38391948175880297,-0.3667053792613268,-0.1570418709701176,-0.21247059995085021,-0.23648097032865478,-0.3900027080538335,0.10728686653137712,0.14533639917432953,0.016441417924241808,0.163047506609017,0.14807113600036403,0.15458444297412965,-0.08233699888753679,-0.04585201203565144,0.39320135252934507,-0.07352817707124437,-0.29565044453590444,-0.14245716810506504,0.13490211998469642,0.21540106356159755,-0.028561302455137993,0.2785611317691221,0.3579830305106674,0.07987507370427038,0.06425302339752537,0.07793788319630937,-0.18684647494562756,-0.049039376052885664,-0.17602251503236177,0.038243149379162844,0.004049039135149757,0.23048231852972512,-0.41515311704458846,-0.09179822901276657,-0.03607405222391857,-0.004860442303083579,-0.18852616634214248,-0.1174940542714576,-0.09675154979291983,0.004371046950653046,-0.044627601007702244,0.014029740476143138,0.007813102504623137,-0.3608808406085521,-0.25242814788870216,-0.05636930390058981,-0.12580707637666644,0.2639170144969055,0.028284473247089548,0.24573752463208742,0.17769545742224263,-0.08750604855491806,-0.3269618128403591,-0.0075520856184613655,0.026157091347828038,0.042802338593914024,0.054122530424640214,0.1322958412725737,-0.1445612170535565,0.012680465302050692,0.009320011720005406,0.13549703518058176,-0.05644093858484822,-0.011493001108386997,0.012699757021068514,-0.023717454721652154,-0.013221645392430315,0.01182931047957203,0.008399724367716466,-0.011309299443478471,0.025878940159089314,0.06403424346237047,0.04480262413720393,0.029208436914479607,0.00358578742540705,-0.03765774640916297,-0.02986964618960597,3.9968028886505635e-15
eIm_137,12.34368527773557,-1.8125197278918446,11.219683582063388,-0.4905548274251643,0.7461724818305939,-2.696841213250159,-2.038250807134378,2.1947566492589825,2.52678730762422,-4.539768512005204,3.6150067232161787,5.094828189696354,9.13430642507191,5.276611843349519,3.022302942078961,8.209975773886924,-3.029815158236467,4.297477929085896,1.969366163432648,2.972248427395725,-6.37054365292215,7.11848967027606,3.0330413260069458,1.2983148897804346,6.685682110989568,4.66380963942488,-0.15156500690104868,2.945764152493318,0.2323445029891229,-6.677031250507995,0.9719395251494454,1.7240662521429777,0.5866585169278422,1.8705009104367412,1.591902142494376,-3.2751562734249937,-0.07939285366900195,-2.5838378600797194,2.149995081490588,-2.873476213220424,-2.293674637480153,-2.0305571890908407,0.7404986924083761,-0.9207009659857931,0.3518620704589523,0.10145138895627885,0.4894449789107347,-0.5952310890318964,-1.5623336502790348,-0.807993901248849,2.2535175288614564,-0.7730616365549052,-2.05805132407208,0.27471571591122845,-0.5156069015355946,0.40150851138338584,-0.20044249032112194,-0.8277229743451091,-0.6735919559847392,-1.0873072270630033,0.4619448944471696,1.7332340702928444,-0.07058935375108155,0.94931312455072,1.069968982656544,0.00492214296162341,-0.8726134641443664,-0.2226812605261892,-0.49271382021394716,1.0360664191187439,0.6795686341320819,-1.6028867706138923,-0.0062450275919171405,0.12635691738612342,1.0234448338573008,-0.19137671554911728,0.38386261855290416,0.17463103064390562,-0.3743934806647245,0.05644853258547722,-0.9294973239645166,0.4299766995870835,0.5187687881287875,0.11753636642940224,-0.006377901736892122,0.24902084055089851,0.13913190375615692,-1.1850011488511472,0.21499064672465057,0.1612062138012711,-0.16956728109853028,-0.4303564776480836,0.3229724491934717,-0.8431050209715243,0.005138750190589292,-0.16086859344120907,0.09641363760291444,-0.13878396707345036,0.12940858218795204,-0.08095627866955679,-0.3065066896853794,-0.05034525732441916,0.028659076765794628,0.11893765345357626,-0.07573553989670334,-0.30590960849482995,0.2882646116676111,-0.5997688923365522,-0.016327443848347167,0.011069350278931689,-0.4127292910422044,0.04179786710462352,0.4945720369107086,-0.3424519859387183,0.039803311889450965,-0.008888534526772407,0.08967932180823318,0.1370742760420547,0.06848657982200779,-0.2521548339652771,0.2521494071002295,0.2800559328589358,-0.376288927492028,0.48688424326934443,-0.22140975839644095,0.12429863352638532,-0.23939777738198154,-0.06412379966389825,0.19332445358452666,-0.14698664819538232,-0.014381900514716994,0.43059865291041866,0.21563348318647035,-0.2127876200155324,-0.16121801716891693,0.013185967100528329,0.04431827048791748,0.09944761860158674,-0.07824949055577818,0.16074247115291684,-0.26797873185984744,-0.05406693388985495,-0.07317852122518942,0.04410359785433682,0.01307125925222033,-0.3648289616691178,-0.19612742802121286,-0.12250852334548246,-0.21108715000322867,0.02299503730969432,-0.008689140669600748,-0.17911603938756904,0.13979217244900943,-0.06239336635140423,-0.13301743567474286,0.03651516121915277,-0.216078381421835,-0.10120546414496312,0.015187372671702615,0.06440590099682653,0.04896972423720802,-0.16020857096267388,-0.009665396038655294,0.04696802806759984,-0.018342906497878175,0.05036137911927674,-0.0021896960611265115,-0.024176216132181294,-0.0207796803439379,-0.028619254553716278,-0.042963014648074394,-0.04422532779460869,-0.02011670945780364,0.006049849318154221,0.02838801129191082,-0.01262749966659682,0.04757494507184179,1.7763568394002505e-15
eIm_138,6.971260581714105,4.413434269557358,6.463817990380435,-3.980324762912309,-2.5341650319429725,-3.472540622083205,-1.1468036330808555,-6.710847205786113,1.196856156767323,-1.0236775436860932,-0.8072556022018172,-3.032331747620577,-2.4753167252949373,-1.5205764930500036,6.644971660639218,-4.172654622750629,1.8957651798361908,0.6283990604474037,2.0339697117702684,-3.3075787390353413,2.902986485235089,2.2963258682608387,1.3102090654590066,4.865563096160073,0.8578868961450012,1.0406794345442498,3.3660651151786074,-3.2504539832945203,0.15335326393884285,-1.887803134240569,-2.215079521087789,1.7607672020456386,1.4276883795291484,5.369137900084956,0.8657813555308034,0.8777883876559219,-2.0661553974451716,-0.9954895994358195,-1.2867869504295792,2.347316497913219,-0.3213672155485247,5.539559656753592,1.6335483848915076,3.355442595530937,0.2276063144550718,3.6605621803928163,5.7243374404021035,1.7035405087730227,-1.6638070644901728,0.1994363540899589,-0.8214857765022556,-1.5177285934947775,-1.8758347278898269,0.5288376493478337,-0.2596606930736116,-1.696643640028278,-1.8418534026859015,-2.0223843213440764,-2.5948067312666363,0.2615450287195123,1.9778165441640057,0.05630652340774839,-0.7616198812883072,-0.4819583499837321,2.3493800300089758,-1.0512517937806933,-1.325683563443301,-1.4576632249716397,-2.7157813346815773,-0.46630787501273935,-2.621426168857747,-0.27612979391884707,0.27694220489248367,1.774110362157221,2.401223134927486,2.1233058141163452,0.17573362996142602,2.854219477133345,-0.7476936543493484,0.5745542472162324,0.24067891801905916,-0.4407693750073989,0.2620969535458851,0.14250556427334926,-0.19512637242684994,1.655337198384864,0.20072898171881726,-0.9630703860674412,0.4521030076178254,-1.314570210531526,-0.01709131212482909,0.3190162615162365,0.786535343919181,0.9125899277366571,-0.02901323255352617,0.1413638025878654,0.1702989193219293,0.5164922439359176,0.039020144160213155,-0.177683244820394,-0.29623737304503406,-0.2530910012155679,1.104655503994932,0.24790554873458015,0.7366336986955527,0.6185606931148215,-0.4092298412409836,-0.30214685347747716,0.43141008184435437,0.7309170538020191,-0.5211915305746384,-0.8403532014045709,-0.17035834118711227,-0.5094132922726343,0.09540499256127988,0.2381105055083259,-0.05909507080291593,0.5425348874100919,0.2130124844571213,-0.015237971565803865,-0.011566899048571999,-0.2966548128490403,0.3633555520817411,-0.7558205070678456,0.08811679356897362,-0.12170485745415,0.11622137552620337,0.3018563308526837,0.07466054371037467,0.595334595793673,-0.24662490164686868,-0.6985512184532467,-0.47578762233906036,0.10060061926292847,0.21666165982953822,-0.09482320539100475,0.17315747375504076,0.1265945807864774,0.008726738143434443,0.12660210375794623,0.028891794650149016,-0.27180776092687364,0.24544934302314725,0.13430323078650308,-0.04630023823886606,0.1089174387848646,0.5380842613212704,-0.5191796355888639,-0.2091717029490427,0.05769354350290645,0.1701942322103867,0.05182465267953762,0.055108085309557575,-0.047552492521988385,0.293000932749752,0.18541754748734585,-0.027312932608385188,0.353235387552826,-0.27999202374332766,-0.020854986943868947,-0.12971922390044655,-0.14263636114864647,-0.10993199996546577,0.01875615140395573,-0.04690669498499478,-0.017836042190500945,-0.09017776933871757,0.15533491451000464,0.12669779801143294,-0.0856014098844109,0.029305990567691342,0.14086168516516878,-0.0321011938668454,0.0501704903142981,-0.007757776983237319,0.04415404450078397,-0.03956042035647955,4.440892098500626e-15
eIm_139,9.533951468933822,3.0807572413295348,7.873059507506176,-3.259958837105186,-3.9212144388549834,-0.771359961195363,0.5366456388342755,-6.9889753321552925,0.6217793705318987,-2.068405174946782,-1.2376614350298785,-0.3896162248888839,-0.7152633438685642,-1.811420315238745,7.736560577604383,-3.564121206268425,5.390508721494011,4.4333662335351915,1.0186531604334084,-0.8944578627058705,4.805513115010392,-1.4755211160037196,1.23829573034215,4.715096749074,-0.6695300481439737,-1.0062204726711992,2.7959126029868626,0.7476431109242608,-0.22870995242379533,-3.035073597238923,2.358430316943214,3.670035833998608,4.654090119878308,2.511861381890915,2.629275018784846,3.2754081032442945,1.7557902702975545,-1.5328492834027043,-2.165476128106205,-0.7700504681831705,-2.9855441050341716,-4.949115990013436,-3.2403395607047556,-5.553808903600017,-3.4598154367541167,-2.332201963386253,-2.346050611867024,-1.8545268430324942,2.3941526601808865,1.5920233811340396,0.833446681935577,2.3673877272891457,-1.3766073092541913,-0.0013646092489266598,-2.674610273110223,0.025741228109013692,2.667909762393208,0.014465322704312777,-0.3448983677121949,-0.9804858409362831,-2.598612990694555,0.16835687533938332,1.0097865389716243,0.02751991114207497,-1.9544833621923892,-1.03096752602735,2.2399000933389908,1.7933508858137908,1.692619504260059,1.5597606426320139,0.3273841424784243,1.2258892857631187,-0.8316800786602694,-0.5358009024241073,-1.4844646748108867,-0.053150945123394466,-0.201117088832878,-1.9010359840579245,0.20128337849750977,0.42643122161452274,0.6217383730030716,-0.7924035033522957,0.03575607244670603,0.24877828448745987,0.5457325111939119,-0.5668696136164224,-0.29262389681585543,0.49378751332560034,0.6560124580596842,0.08206536030635714,-0.2611142498376815,-0.016198134475582715,-0.9136261651194102,0.18208101768205354,0.9114200327548765,-0.33073516800312786,-0.06612755251139757,0.45334742705417436,-0.27431273839394454,-0.10395576375336524,0.2333193070413605,-0.7438520538050313,-1.0054993214622983,-0.1875182147883943,-0.3142920881250336,0.48325613948396196,-0.24577219692486632,0.36487853169716966,0.021611616971386804,-0.141724520447573,0.46247536794189126,0.1768353351783698,0.37174208598110925,0.0543020297619206,-0.29471311260879873,0.22370737256369044,-0.04621351864269452,-0.0033107592331873548,-0.40601709513227613,-0.531291029399197,-0.014760699728773585,0.5188862864555874,-0.5566721473479248,-0.1056329928769405,-0.14759505687137775,0.7349471638428011,0.14679124162422874,-0.023055787894831314,-0.440392719157106,-0.03241598691286418,0.13831097098202116,0.05377506622197881,0.358713854173935,0.19745495405226524,0.05220312651860903,0.12090650943608439,0.23178464274303745,-0.23397158234129595,-0.09927878356012837,0.020543263755050445,0.1048825418737167,-0.004570646047913018,-0.24909799077589445,-0.04727393271640168,-0.17875634753529412,0.09298195719241081,0.03885316972940356,0.27783836878379065,-0.06371714130858958,0.19393930928501812,-0.0638719216923227,-0.0560436978268265,-0.09587341988873987,0.19720348203692994,-0.05577382632989572,-0.024707812781052718,0.07337897111684244,-0.11388235107323064,-0.15854701998475207,0.13060124568544418,0.022422308807309,0.03475636496854038,0.040934594294498694,-0.1425781666682496,0.02123926902087625,-0.007870396212596442,0.008338386777805629,0.03271521259463028,0.0015848718549846263,-0.01372318354840596,0.0032809715839816622,-0.051788286116370874,0.04697099026694551,0.042708481541006815,-0.009183304926045799,0.007000727735929191,-0.05985558385764245,8.881784197001252e-16
eIm_140,7.276249968601627,4.139292820956937,6.124237427755115,-3.014779370850844,-3.340553090771946,-2.6571843763047935,0.3471743448433724,-3.359534453695793,-0.18631413662914775,-1.5189759066585506,0.2973037823676437,-2.199527070573877,-0.07002415141217788,0.4714844393625408,5.16278544483942,-1.9923034750067323,-2.5859381413299567,1.6115899028096508,-0.5929728051153982,2.9743759029279575,0.6538037629571503,-4.495506890294737,3.4644492372564057,-0.6812803490038588,5.171340386187751,-4.892940306340151,-5.718617631129293,-3.1942971568141565,-4.805419816719618,7.303822198856322,-1.8509377487463061,-0.2515398383704792,6.731144224565881,-3.9789370358766374,-1.9278127490467156,-4.222809223440575,1.1095683515679473,-0.5066834960713444,6.43225159796865,-3.2460598568090475,-2.6631188894107427,1.9391673590138365,-2.6169429972639078,0.07528421859071333,1.48161549143822,-1.7481561876605578,1.9473884280174316,-0.14083129160525254,-1.1526070041662404,-1.1753676145429326,1.7363932013475183,-0.7076913954462678,-0.2693491580504224,-2.8184408039906295,1.133048046396296,2.397807471222273,-0.1457213083393526,-2.570294629549549,2.5431400831428537,0.5716572867109135,-1.1523880081343556,-0.2669514849660777,-1.934435348989819,0.3063096670787764,0.10640251308046822,1.870766865275427,-0.7600490401044029,-1.328432211035988,0.5948304909855187,-0.5708306635208851,0.0794023253922469,1.2412710366075483,0.6804934524758219,0.8082036401745185,-0.2941417826120496,-0.27354558019861175,-0.5528006820369691,0.4883065267383858,-0.7197214275611716,-0.4884987184161569,-0.8439396332290818,0.3536400835658574,1.0752160407135978,0.6375931360137509,0.5461816979141497,-0.3908440085889559,-0.19239286681147216,1.2870392505540076,-0.6390672445431422,-0.5765709304121038,-0.7909367212721217,1.0607092250417312,-0.40078900380124316,-0.1768853202830134,-0.6515270675211742,-0.26568633705583866,-0.16071406467974414,-0.2621664093866002,0.18952790102494466,-0.24427932660339402,0.47580637173594864,0.17801225787210517,-0.007672122337231996,-0.31221882254322003,-0.30740200030680953,0.36422097744196286,-0.17545295079547454,-0.16274869720254384,0.5200988070256698,0.3263104325149966,0.3656341099976671,-0.07045922223535572,-0.09469783404904433,-0.08475652619124592,-0.6828022748852466,-0.11348091179186237,0.038911428954035654,-0.37051483091094983,-0.08056885019084647,0.516711089774418,-0.264728422515249,0.0972407715354544,-0.16164669151661848,-0.025770108440788086,-0.23719007069114761,0.0826343088032152,-0.3357755853878146,-0.30245251577384114,-0.12497570153459847,-0.4743123503317195,-0.37758938235718564,-0.2839346810163538,-0.09093535217967039,-0.18509773016041878,-0.04462622285032303,-0.17728600316716103,-0.26842029621568575,-0.18733223033250052,-0.05686659790860654,-0.16625707938418022,-0.00810926569880066,-0.2866195660226567,0.23917156089495684,-0.19633512630590555,0.10271596713560047,-0.2998453817850105,0.30453202006759217,-0.06831187173004338,-0.19421570390783843,-0.03360014710136716,0.2816217200950535,-0.012520744325198119,-0.05340073457589578,-0.4987721084976409,-0.013296874950498331,0.04902336392645801,-0.008379465433814293,-0.10962405376102269,0.17764646011264898,0.1450445554336408,0.04333371117463458,0.06422692903963528,-0.012568340269037498,-0.06443935451336999,0.023556223138500698,0.06218655944766349,0.0038292690357411008,-0.07245933168740593,0.013282208970046783,0.018959217851966748,-0.031082131125243162,0.00039458925481877793,0.0021754927812975833,0.029083032292074762,0.05721646271579384,0.04708363252208847,-0.02855657890156893,1.7763568394002505e-15
eIm_141,-0.3366910905362168,8.120265974721928,-2.1071641773775918,-0.19562529721633481,-3.904432697234208,-1.7653073991166646,0.55864327189869,0.3934691436448625,1.7138540865453167,-0.24157006512146328,0.8213706460160141,-2.5591560271394656,-1.1200816671964566,0.8301039669153849,-0.3690913449322062,0.9925318590966081,0.0637696497302104,1.6500858665792213,0.035753036322834,1.1075240425259616,1.1824699950804765,-0.7118267808636715,-0.6611983048823848,1.366527173843852,0.7813290766872532,-0.14965069347562043,0.4119424664032654,-0.5345309660314941,-0.1387508772883701,0.12195662563100718,-1.4187956313558618,1.3867946602279275,-0.73600457577828,0.49667750547734385,1.8183306564220074,-1.2826503910381375,0.07943985718268254,-1.4586209852934262,1.3107284281737444,0.35836440862065044,1.535773360836453,1.716295285538599,-1.74471316855104,1.647906902078939,-0.09836543855101931,1.3694656339470006,0.46552378121887367,1.5909051334677873,-0.08292286411279415,2.004460082495992,-1.5038814970038812,-1.0250676518871027,-1.128957514297079,1.4272663143507394,-0.8016224108030907,-1.0154833982259592,0.717803345668843,0.20706458473478606,1.124303338662306,0.02806243576926699,0.13687319295112776,3.0386455191378565,1.1255841596373997,0.3020594822631184,0.7661694873373346,-1.1991774988935728,-1.2221786907614278,1.0997718231404485,0.9060275286086108,-2.225689767951225,0.08570299503554502,0.7513544953875866,-0.38847308781433965,-2.078737911280864,-3.1754387012067067,-2.576686159364189,1.5708897924960148,-0.8782306134968769,-1.5993995730756385,-3.4883945454028975,-0.45937944621143023,-0.7753100271679492,-4.004520097067058,-0.15275826129912295,0.47764748908383825,1.3067332079770313,-0.05308784661558785,-2.4888801600840127,-3.291684414760162,-0.2053526102650915,-0.3924416934428925,-0.6855877253904551,-0.821938673759421,0.547517785751285,-1.2661206914684546,0.4467192928103336,0.7608616439199831,0.9747480794312824,1.6090452459282114,2.4636106763202887,1.9303415720817414,1.843710575088078,-1.9983352742504712,-0.4288942201380646,0.7680179976432598,-1.5765565275516564,1.0433633859022302,-0.37178968574365395,-0.8913663966973294,-0.2394837980905531,-1.5234648663403156,1.0049271868075647,2.2075618838395323,-0.524439406878618,0.6366053725647148,-1.4544338952918745,-0.8097211163224856,-1.0717269367691444,1.3814857550981927,0.27168809792566057,-1.67811244728375,0.9474979356873208,-1.1962688346369321,0.16026341997643517,0.08704204297075269,-1.711395839924752,0.044532073186757115,0.46097070354573366,-0.9620507865700674,0.03911947564302487,0.21902332827188276,-0.6414630318112522,1.2583210348215947,0.21965619090119598,0.027414622020983326,1.4108244911559997,0.11068085099374159,-1.3634967486587102,-0.544263874696492,-0.4664056757150217,-1.0214428450586213,0.5103191207465463,-0.5195296235368952,0.014513488365544447,-0.7855517158067097,0.05640101165071326,0.4102967470800233,0.1221850498588587,0.14432770244137222,-0.8729611180372022,0.04936832847458489,0.37020054747401065,-0.09361980150325211,0.7983853106990532,0.04995571254653361,-0.11005603682142628,0.24983903378470051,-0.2321402917077927,-0.021429800799587395,0.3038820598450187,0.1647627580732789,-0.05586356568039851,-0.024574009744029512,-0.08937530021989834,-0.03349565775377439,0.07493536513811261,-0.006738868024828593,-0.14146128745492859,-0.1539521093861194,0.11386706393329882,-0.01853249442303384,0.019659462176026543,-0.13892047587558531,-0.05918946256664448,0.1148902042648835,-0.19928247564218526,-0.016055706171282158,2.220446049250313e-15
eIm_143,14.772646547747618,-1.1822166742090339,11.365789280740513,-1.9878166315878705,-0.7672093039744092,3.3069362299938723,-1.7200230931971965,7.4010170539434,3.048733294904136,-4.197748214869312,-7.115533603075521,8.930166463242998,-7.866090793056656,5.564119507721722,2.684229725555794,2.7883427526497093,2.2968686221544377,-11.657838444559548,-4.96407438783494,-2.261812176558767,-3.689052437946893,-7.0574066142523275,0.1015929666621942,0.9814291995370645,-0.5818482844148521,-0.20608961205660303,4.335579644581374,0.7868579313095887,4.154946319267581,-1.3420604014893682,-1.88374256681134,0.2954402829308249,4.593924935697265,0.038431312518881156,0.9638931781691333,-2.173473288390391,2.390045386476303,-1.758771516914643,1.1404019293598746,0.024385905491876927,-1.1541244581745718,1.6684025102580178,-0.9817059586674837,0.010102201429950108,0.8630612093990639,0.8186271390913747,-1.538513654854154,-1.3014635027076558,-0.3328987291615282,0.5673753234171521,0.2266813829128444,1.0217241292599193,1.8304295144020541,-0.02390160455591321,-0.7721492460693617,-0.5983709000416462,-0.031766256488888756,0.952716082833269,0.45477552558435796,-0.5239848785804044,0.9339371290037692,0.7559925799879358,0.3172527426368741,-0.8233940018976864,1.1742775698296173,-0.836409550263188,-0.4562122001471715,0.1586317541772364,0.05431965156017737,0.0033784167533327247,0.1640875015080232,0.5729309900669621,-0.4505805973760546,0.6416407474491755,0.649442491142373,0.013902663528816417,0.1333872713736899,0.5544313564376291,-0.13558331166537413,-0.17686689389674204,-0.21901830913364162,-0.46427590860726586,0.5736341330051802,-0.2423298889969394,-0.07096525123290043,0.35693059901965707,0.026872026992279974,0.09203949538447986,-0.45943730013708084,-0.4173981335153848,1.214361788981534,-0.07201098161716935,0.07340081053699343,0.25778274047988625,-0.7634670596102,0.12030058808609989,-0.3142870198497929,-0.3228356814489749,0.14182790325594175,0.23298530596117994,0.3357169375467981,-0.04865124467586898,-0.12660164299033935,0.031026310764576515,0.0528898459510444,-0.16544216078645277,-0.3688202923237307,0.4975965835316114,-0.15777538815517544,0.02081135747690993,0.15256441955740319,-0.38148501834997073,-0.337599160070152,-0.041823188301109496,0.012264105740072417,-0.04791238816535359,0.11243676001694619,-0.2731980128100906,-0.0020725762054868424,0.21774349115408173,-0.09723063761706585,0.3103209410932126,0.05060316454324365,-0.2074782362515064,0.24749470423736974,0.05530606042232039,0.021497120583533036,-0.15637502008414217,0.06159004993834549,0.033739226148588486,0.2868616827028967,-0.5786724147347846,-0.21108596498438828,0.1399884532791197,0.053984658357686954,0.20554851238159766,-0.09779029744089107,-0.1896025185921733,0.019550931896926527,-0.039478275609122315,0.10318458748408221,0.08192873163689479,-0.009868362020043597,-0.02251230510519242,0.012800600053263972,0.0013776445510214064,-0.01354954421875676,-0.025143160800962905,0.011190825219279055,-0.005238790064667986,0.0021297928202761995,-0.09185796778926214,0.004814727762516791,0.18502640752680566,-0.15085257999566756,-0.09746196109513272,-0.06730766718771442,0.0017458791681357333,0.0461853169272603,0.07735009671582738,0.11646923148623034,0.0017918779676815502,0.03162387816844103,0.004685220295027742,-0.06439872966519511,-0.03012766556531865,0.029281589345371173,0.014150919640645077,0.021149213065967426,0.016396013593990788,0.012370515689031691,-0.07728328132489676,0.008077139226917218,-0.015176478568459828,0.043868886521389316,0.035752321364506345,0.022508366319138218,2.6645352591003757e-15
eIm_145,0.9414940147374207,6.493891627016887,-1.7506626685026125,0.057635975079806556,-4.876470729952594,-0.9796833639599993,0.39509256918530855,0.47122425779473076,0.48804115493452116,-0.22959020406060027,0.20159397481718888,-1.2412626901428425,-0.21073344594928944,0.6998944821373154,1.1289596636537953,-0.9429488176901102,0.6631195427575907,0.5017931850551167,0.13875105677721722,-1.1578667210689262,0.5209871809089446,0.9468061626562784,-0.28364054984315223,2.8315699764674434,1.0988763686697094,-0.3728205089115806,0.6306343508598206,0.39498529092881896,0.6579148765343934,1.2237967460908072,0.13386012051197416,-0.006976668418922971,-0.30408893325487396,0.3594121341388086,-0.17108299010451328,1.3388002482711578,0.63126894100615,-0.8849116090024274,-0.517245979809126,0.2017288838595791,1.2720900198476304,1.8196159468298918,0.4885739923248788,-0.2836417155930212,1.6369752369454802,1.4614622464927878,-1.1939470208839877,1.3255279799476984,-0.5639382419779737,0.5692501194301025,-0.18945839647240387,-1.6473583859806564,-0.9296668261380856,0.7273291570109616,0.6663233039723997,1.2408514087082076,0.5623174210428916,0.4593471136981151,-0.7487941977050161,0.8692711100010436,-0.6389726014781086,0.22567711169620353,-1.397793047161241,0.2990136626265212,3.0147359504919624,-0.6504883466876282,0.7205108673091649,0.2977618310329446,3.7849834769455404,-0.1470253789304617,0.6848896484980382,0.463525653885451,-0.20308113032266317,1.4960727785388124,-1.0931437309510652,-1.1150293505757922,0.3254709039914175,-2.7594285174953086,1.1085075703705816,-1.1146146460968132,1.314686852900175,0.6932412437311238,-0.9205365697396519,0.30752961621427466,-0.3129975899845303,2.828146866764752,-0.618280796908653,-1.8494003960058256,-0.2452614242646849,1.5782489489680975,1.063162223464336,-0.7274781115982668,1.5928569467341602,0.06397707438460809,-1.4137288958582526,-0.8405046492354322,1.5815136394528146,-3.040623766549836,-0.9382849880877757,-0.4117986951118794,0.6964792866351106,1.6610957419216006,0.28127173130981087,2.892950979540347,-4.0910655431102,-0.574690371080135,-2.2919567242925907,0.3919208426434606,-1.2977436327218945,-0.4108005637350429,0.9383244058471446,1.6859055572291446,-1.9181319540764525,-0.9589659766639067,-1.9648355735781253,0.7992799804566595,0.4665753625742471,0.0017576583268623658,0.024827022441165747,-0.3853787426950774,1.7417266838600742,0.19587993098698853,1.5081559009129797,0.5824795875506841,0.87819802365875,-0.8924940911122233,-1.5224437246036577,-1.8379288958559585,1.9793902690287504,-0.8103097901179823,-0.752769435642997,1.29219806323503,-0.05336226510827921,-0.1288470870211154,-0.502191726642342,-0.22631320812664657,-0.7059701225425943,0.6676393055045778,-0.22254373937895322,0.7812094145244599,0.30166156621184914,-0.5449690156054386,0.05229998027265312,0.27538345997323876,0.31765459793364825,-0.543961370895639,-1.0855446343139779,-0.038121088312261575,0.5094735856641092,0.34032897691514763,-0.9697418226827743,0.09744038777374531,-0.36615959249855146,-0.46941084970508845,0.2988283784629895,0.20255429149441895,-0.1476175927504657,-0.39853268815945486,0.7701313498475018,0.02203161564864764,-0.18851599663853835,0.2351464209583729,0.1261560802117982,0.10753151037517963,0.031211992544179834,-0.05177337798755266,0.15777736734789727,0.04466029842039426,-0.12607667436849468,0.04409263983870404,-0.09968207904900872,-0.18664636587386937,-0.0033135243474358145,0.06423959731561579,-0.07515939477188915,0.024020996780732884,0.06870977864585326,8.881784197001252e-16
eIm_146,0.9615271522979931,7.176611989201721,-1.2545028009153656,-1.4849769248835685,-5.544994109580664,-0.7280270624652257,1.347996337544918,-0.16877813122420826,-0.30924900080351814,-0.5620694900051092,-0.472491810395519,-1.2762425639451804,0.21275598865621737,0.8269825225931424,-1.0381991604915521,1.3505091187015492,-0.5813755393423745,-0.6930429812531173,-1.4616742032152588,-1.8487591381205875,1.475744928458506,-0.49797230374536483,-0.6428784372709369,3.017272457923272,-0.729380869167633,1.1627342168863821,-3.2348936599885003,-0.9677074078269402,0.9485870622352963,0.534209290124628,-1.1601170120580422,0.25894513034047884,-0.9946336537573742,1.7082066357363674,-0.22164190337226697,-2.5912649073478597,-0.8610645199838052,0.4341129759409657,2.832450603940474,-1.5423496899841795,2.1645518218137756,0.13051257563802277,-1.7894099817745215,1.1822420391952235,-0.14395519443726568,-0.4051730800845007,-2.798298498740451,-0.15735999706940795,2.3736778637053972,-0.7427448043757195,-1.2980138076798073,-3.3562225572249957,0.6746697440337073,2.1715572174932407,-3.505492172285069,-1.3084246419286134,-0.1466880154033996,1.0507290516692618,-1.085656646157525,-1.5701290765612363,-1.0159059050011865,-0.3637784458117197,-1.0227858449886296,-1.5161996744715327,3.0671061417647802,1.7178194254992758,3.5016441223065615,0.8124400411347426,-0.2393096118414404,-0.3594854834502476,2.1331099561438984,-6.395743500834666,-0.8349041767811523,-0.44982107589910836,-1.104012626714264,-0.8190607941357191,-0.44255394052524294,0.7831412502909063,-1.4454567490008614,0.7866136820163406,1.926819997738801,-0.5036059941328674,0.19693267712404677,0.8567972587514193,0.6152748911430439,-2.0960067808123233,1.1954688381832395,3.014629412443783,-0.07223467404422779,0.8758606183204953,-0.6355719200361793,-0.8455576560407162,1.3240324949885736,2.570823191212166,-0.009060968818453419,-0.5894376120117539,-0.993432272099255,0.3219909894692601,2.2067638987220217,-1.8617319889447297,0.2863336404059099,-0.5038868466299284,1.4211830290517984,-0.043611346882584445,0.017049009473609433,-0.3154057704150566,-0.08283560263581372,0.3554890092687629,1.1629458741704342,1.3577423161467979,-1.3077469714500651,0.3473639865227147,-0.8287928357342323,-1.985566068818379,-0.22731158727655865,-0.6219485775763332,1.0369806566522508,-0.936094274590023,-0.8415321463539095,-1.0003730824166233,0.3065861507427352,-0.470693369081423,-0.9190300186358173,-0.3388748782477302,0.43012170205302946,0.602680921528743,1.8976954262069856,0.5607601675953134,0.4964533085404703,0.08931489607798593,-0.6755200364725025,1.4442371458572711,0.6566924917311354,-0.7119488783324147,0.15330830877566504,-0.4571399454328533,0.6883196862273542,-0.3638988972094243,0.12972488221551642,0.5051549559281461,-0.19461553091815298,-0.13101915752798,0.3761870371349322,0.9820454937418976,-0.142960559230791,0.06553201635443812,0.49080070668640685,0.24932090383834082,-0.22594927415552174,-0.189986780798288,-0.11087637262663053,0.03693417010701627,0.28884520817685444,0.1189913137173091,-0.2075421797499122,0.23305079025336273,-0.11860506873988297,0.4905996703430288,-0.18070179291460464,0.18176676045277462,0.04733778599889216,-0.07474421536176012,0.08461982877492163,0.07081474770989563,-0.0634631866820885,-0.06634056885526463,0.03518291111998151,0.08244068896422296,-0.06012723199803115,0.03869467702325324,0.17687953987582272,-0.04306777570431952,-0.012807989919204399,0.005573806178426732,0.05008249536899223,-0.030414119891279068,0.0022265292638514733,-4.440892098500626e-16
eIm_147,0.4885610597943284,8.88572258145421,-2.052694677808117,-0.1371567220414729,-4.597638793264058,-0.4767493442220452,2.577677836780634,1.481398969920187,2.7703243049317186,-1.3921928373527646,2.3622671256404026,0.3379335260141949,-0.4919491768603942,4.238343171974421,-2.217968131002362,2.196338631290121,-0.7668360453749885,-0.04117152587671691,1.0257973891938625,-0.08399071797814797,2.3698183819404144,-0.8981786065339649,-0.9623636457460332,2.2954787291385834,-1.8018918748949813,-1.2337742981836526,-1.947152649160361,5.170471048475587,0.6906237233200327,0.5740794836572641,2.5022195007829096,-0.7070435655484963,-2.3405921642200838,-2.4913608236709086,1.2891037242477226,1.15259917035969,0.7252897366457118,0.33348168701931696,-1.165302666112643,1.6328656531823826,1.1580027362433658,0.4458997266978657,0.778038335231771,-1.5289777436886562,-2.6717000856735003,0.8806665326135558,1.5260552518064028,-2.4143047543511447,0.38967611727665524,0.6502335865499812,0.16621538032477695,0.16102741107946092,0.5933244996909042,-0.4138156327760552,-1.454043680170591,1.7948669392888583,0.8648558398794245,-4.412675423944664,0.8668906843816071,1.0079374700281185,1.3076267763741787,1.3505731050526673,-1.393649422043714,-0.40581337347564395,-0.08958858834214878,-1.1001349914010112,0.3201285519175612,-0.2058908100766763,0.22292140491362455,-0.04769436732895024,-0.6222106874449731,-0.31924013522743,0.5329198686777653,0.8165655892108984,-0.1219948517839396,0.5021796155372638,0.6409091014280388,0.20535351053364415,-0.4408005621814492,-0.2858725096740514,0.07462580710973121,0.3070311343760477,1.734148227831865,1.2297894092768242,-0.9492379903543009,0.37802663884384846,-0.2397014246332383,-0.0889795819204311,-0.5336746710564847,-0.742927969294291,0.39887677780987807,1.3340520412604682,-0.3469913739608157,-1.034129470657153,-0.5482051452288801,-0.17650038332464413,-0.24276705246692276,-0.2154563122452589,0.3513806301380644,0.1912370172959681,0.06265036518188087,-0.5315748440728725,0.7138064589161421,-0.6242495251397562,0.20346043209758446,1.0352012733861353,0.13557452744664203,0.15715154006330948,0.30476143551497514,0.25879637107990494,0.23876493107351549,-0.2318290977470594,-0.4927760550751361,0.5027475578235194,-0.5405272218037188,0.155609720167306,-0.19038160226835582,-0.7443366402557499,-0.22322558620930177,-0.48815892738539995,-0.8642572658869175,-0.02664995569741091,-0.009653621267156298,-1.0445482052239268,-0.29731516427872884,-0.22586677087689644,0.5609975583395659,0.15717757064266602,0.5086927324160526,-0.28362069747008256,-0.3218004876745437,-0.36802239706492645,0.08013061811326277,-0.08804579112416931,0.20230332628222458,-0.1990706512770506,0.05313409898368726,-0.010744300943062168,0.1578433113705004,-0.06281481150546653,-0.06815478046684853,-0.4230312489038567,-0.1974318775774616,-0.0483653310100608,0.10385914274829164,-0.20241075782682988,-0.13520790956628914,0.10323531660663887,0.3625211774131698,0.5943491693154515,0.4840949230089107,-0.14833504338705839,-0.17979746820531228,-0.2227891357432878,0.14077074883284016,0.12407972510785603,0.031740950290265246,0.2308100841783034,-0.08770982923854909,-0.09801073833223051,0.05372662599486211,-0.17678580106378916,0.16996549043662984,-0.10478131033611929,-0.7770802747349004,0.9305950616608495,-0.8235272386419352,0.20363886740370948,-0.8148431620961005,-0.5434286722196934,-0.47402813974483005,1.191057693668025,-2.406550676392956,-0.5674092556419881,-0.3445355424289306,0.7150467874711788,0.23408556534328495,1.7763568394002505e-15
eIm_148,0.5554549157523851,8.889654611541426,-1.5410872846818475,-0.5208890228440257,-6.142419679966052,-0.472346217551355,1.4064283664834218,0.8913852265232876,2.1636208834047794,0.15523637542794122,0.19570876670030468,0.4101908704305929,0.5864034629044197,2.0605996465694583,-1.4244520197399009,0.6110476922817019,0.23732972450655396,-0.999163263105951,-1.1893494158436924,1.7311114547036472,2.519085326659112,-1.470749056867327,-1.105217957991725,0.2459145795950312,-1.612254389511204,1.0698790259366247,-0.48033617914300797,0.2589947674369196,1.4344087283695832,0.3894487297705471,0.08697798387718125,0.5034189424628364,-0.5432033465238175,-0.7013893368788915,-1.032139742307958,0.20875796282120218,0.621871572501292,-0.7506173534502119,-0.6571065612341926,0.32135674959863453,0.07270997388783298,-0.7734131272941367,-1.3599740444883077,1.2920391906348687,0.7929905937641059,0.5779684182308705,-0.7259011032533464,-0.33514646946697124,-0.5115479948106192,0.7285099476377928,-1.5620135994214561,1.428188624698234,-0.24517452672157058,-1.79647038443576,-1.419974869827692,0.0843497154231414,-1.1312367513347321,-1.9733634248467902,0.05894422982525516,-0.3424350603085342,0.438963464614818,-2.0968802176775703,-0.29367000837934343,1.1532055667589363,0.7179175864324587,2.0762813652930108,1.3089265719108667,-1.156215376950217,-0.21083497495548809,-0.2964621899598496,0.4459722613726218,2.4008133782468066,2.1592748081535023,1.2358873756471453,-0.8657323146385556,-1.2429867700381028,0.7556598001400703,2.23858242705447,-2.2082054788585967,2.19097643687046,-0.8366332744148042,0.02225644416810818,1.0195065745848624,-0.5251456728631403,-0.667684724863872,-0.7719039948074814,-2.5017694247586295,-2.21240503444821,4.4448639316667755,-1.465446841166171,-1.7780887067758016,-1.1329317761178554,-1.3722820148214372,-0.5046470119409949,1.7029407421112421,1.205177301449387,2.1768382362388707,0.46916701345817996,0.18628153441782658,-1.6795873579955762,-1.5298446037999343,-0.44868197357457035,0.28061185196793004,0.18934255605857714,-2.575321495839907,-1.4826683709506685,0.43403998952276224,-2.600745995688014,-1.8264067352495714,0.6570501335113601,0.3925368271429285,0.16697467972504376,2.3381314834445615,-1.4361397885096971,2.6365298497048357,0.09819734123518853,0.04786099488494805,-0.5558307657081603,0.5915468004029885,0.2065579708558462,2.0133212684155146,-1.5608861491961326,-1.180071308358081,1.892567589803307,0.03346425717136292,-0.39944724894824735,0.0413904232446376,0.38220264916507685,-0.3017269285740345,0.4500545936597776,1.1342621937339683,-0.029254095939721503,0.2277910829673183,-0.7899366301580549,-1.4391786407692098,0.624422642921892,0.2775894697296084,0.2791425560330078,-0.6831834653939584,0.8291672306600761,0.26498006816580166,-0.007107224274429558,0.2641933171271317,-0.08940294360397749,0.3356729912801162,1.0909879234943713,-0.30478321523063445,0.06783357235601661,-0.15778922764035674,-0.5632095011417068,-0.3786415638093142,0.03717619781778869,0.3613895694321283,0.2412116296272651,0.3090193793922511,-0.5560638817980109,-0.053017780042174945,-0.32067692071921705,0.01861210096703536,0.3033657408019804,-0.14144841030045874,-0.044074702037685314,-0.08856649264139208,-0.13422052597904574,0.20172372468679067,0.05442102952567757,0.07528010856786693,0.03493586564454876,-0.08102938526969469,0.011565998987248971,0.05778829419014797,-0.026269510861310408,0.0194398947926937,0.010172101291308966,-0.0027519170637024803,0.009291285639280056,-0.010290110353497028,2.220446049250313e-15
eIm_149,-0.3567577944561382,9.112949204102994,-1.147715993804706,0.3661885955012263,-4.618167426503805,-0.8053969920838095,1.2323972548988595,-0.033457027364905745,0.8018285279965843,-0.4213775891599695,0.28051998579431037,-0.06561414322572912,-0.29236159104621584,1.7262901745264565,-1.4679383084313633,1.9432527634217318,-0.20815299324441414,1.9368993732392166,-0.2912664434516039,1.492842328029276,2.9419672649483886,0.4271004466027757,-2.283870111527561,0.17803444451861888,-0.1608396028017538,0.08341635689507898,-0.43121344927952054,2.7083266052680797,-0.15670888712158326,-0.3106530133362073,-0.46830419327187356,0.5514942286185773,0.6115730299727034,-1.4880563016541593,-1.4831003353828236,0.798228243648254,-0.46681565489026045,-2.6051795185082147,-0.3652242398573444,-0.3376924163044201,0.3809354721113933,-1.2375766977911085,-2.386862829267526,0.14543838669514159,2.0086566728955826,0.7922310931002792,-2.4677427459873753,2.3457288683927198,0.7464619654223452,-0.3884597240051705,-0.5453908155523155,-2.1746827271253895,1.2036222196827453,-0.8246526906377644,-0.6706749342896152,-0.16959925798168363,-3.115981117219149,0.9390533523382101,-1.658648331119455,-1.8619516230439508,-0.047083659402758715,-1.9557846653060005,1.915702126720229,0.7624521824014487,0.666983712234939,-1.137675243016722,-0.46608763429715294,-0.9237669815791765,-2.5681540624567285,0.5120793865367881,-0.6108283464031079,0.07171684525460847,-0.839355851263867,-1.042443021642542,0.6348202733827841,-0.9202630129208007,-1.0496910143057194,0.7164961850623297,1.4591068909108245,-0.8614487429945288,0.3765622213750396,0.5213801658247744,-1.204413899654607,-2.284828663562794,2.0934570704774416,-1.2360164880993174,-0.2602283175745682,0.859748921446482,1.1286539345187216,-0.41404427146568185,2.0538604295241223,0.9528890254537953,0.486181876100536,-0.25779532403417704,-0.31041248507149244,-0.6263257001521974,-3.2668691219949215,-0.34816375024543156,-0.10198004816074424,-0.039382645287417084,-0.6665352976668286,-1.761224484029782,-0.7221284669543747,1.8069201623537179,-0.6245515061427793,-0.26205908678922696,0.43308063575554945,0.3093266527983495,0.059024059109495264,-0.49127582915132884,-0.11721753917484345,0.03180340924595182,-0.1817909230729918,-1.311618622430161,-0.08785583270986841,-0.47786608914910556,-0.4859771498593148,-0.04673687822969552,0.05219590061111379,-0.31700012444664166,-1.0480589264204783,0.2911869810167733,2.0260518978624935,-1.6103353461517207,-2.030301812977614,-0.8256480871830111,-2.9585881390119364,-0.7965990516410234,-2.8025973009559086,0.7158926610618489,-1.0707594964423732,-1.4122430421947068,0.11306084100306077,0.7179493526111841,-1.1560109402020253,0.3942945236426403,-0.29413866257177834,0.16372177243695857,1.2550341876274762,-0.9335526827040361,1.104783573864596,-1.069826943714276,0.2984627469741622,-0.7981062678232095,1.154698244961348,0.08518868282327652,-0.5150246005420414,-1.0562227689281882,-1.7071080870401258,0.10369649911326073,-0.07219636430582904,0.01208084407542831,-0.11324742562245271,-0.20015289149775578,-0.6207220784950805,-0.13704776187664203,0.4602772414106866,-0.18137012909686923,0.021275743367232647,0.2645955223014428,0.25747947934407467,-0.021006079616604716,-0.2569755239416819,-0.257056187041959,-0.020858439051882893,-0.040700885494990846,-0.2333421744578723,-0.11027285335350001,0.05094337162633544,-0.0007241036066425455,-0.02071624606849065,0.03257297910737361,-0.10399980583612312,0.0612030368525025,0.00500195179880758,-0.00645162337187577,-0.05332778248813541,1.7763568394002505e-15
eIm_150,1.2823183863507985,8.539870213735316,-1.9942229209006093,-0.5834378186567406,-3.34689741726734,-1.1957616595707068,2.0195199695305925,0.4417388167058973,0.7037861154249562,0.022777552926566247,-0.1231612292237918,-0.7009928026396419,-0.531002467977829,2.104850591090365,0.3269027235018851,2.052137404317413,0.3469243615493808,2.258786692587691,1.691506842639551,0.06023038378158668,2.147274033879682,-0.48598366958162187,-2.529342838567546,0.2864344348214411,-0.7462804185399571,-0.8725442653184377,-0.8972766827334856,2.20199363434585,-1.717053787669633,0.18112313847450912,0.20229635182964079,-0.9812966594522494,0.7379437557476254,-0.8945965984522664,-0.9624284538341668,1.1451363981385045,1.9449635142450326,-2.5510302750182055,-1.6301288103749225,0.2745152098145919,-1.1148645425309045,0.23486876378497912,-1.6012522302272967,0.11287111397731453,3.170832090901702,-0.7010227223830156,-0.15450354864779642,1.3085308885876483,-0.03175057504563361,2.5550802987825953,1.4746777141428382,-0.8070415086511125,-0.2850383331358091,-1.87606022294231,-0.08251686508087208,1.189514969522788,-1.3595224935345063,4.381375452956135,-1.3216432053599236,-0.020797758997280025,0.7896633925809478,1.5070230666482343,1.0449236073491481,0.39259307523712417,-0.6589563328738697,-2.4103432484401566,-0.15935928369533953,-0.26837997230622507,-1.5149688705822393,-0.693680306720013,1.1333857098954419,1.9674442332711748,-1.5516838410579366,-0.7883167327062526,2.713034863257796,0.8376558105104154,-0.38921918413417117,1.6403594756705555,0.9893346990801204,-1.7961543816257957,-0.794812907129874,1.4890147831674536,-0.49063415373874414,1.8938991652230825,-2.9659289240316355,-1.3283575900070579,2.5981502552410882,0.9990657985321046,0.08074691830699676,1.6037420646609741,-2.5872567814778593,1.0052889123568214,1.3268384381757854,-0.13173562855856896,0.21215705403444152,2.5472350582677876,-0.24228646922643182,-2.7382256145665234,0.28756455286404736,0.4110491981954537,-0.030826710966278828,-1.5490285541321205,1.180365105268192,-0.12766430812117696,-0.22402106371467712,-1.1752560103319105,1.6921251010675369,-0.2483229759305233,0.24259721014746316,0.27083085424032616,-0.08754846392414206,-1.9391393500263507,-2.0769419306751344,-0.4468561064943285,-0.3892741742051914,-0.4727423058117983,-0.5299833114004113,0.865498355073548,-0.6594144988042366,1.7108803223094498,-0.3220234311260469,0.23578170114037755,-0.10373560317584474,1.916667602744011,1.9287011463362274,0.9840116946428638,0.1855456189854674,-0.08734200963908312,0.21706255863317336,1.6309870625410108,1.4682946906866814,1.4700942229457266,0.028441652790620414,1.1188292861066957,0.7504255208635237,0.472331115818063,-0.6938895881418766,-0.08610558182432954,-0.815787666066728,0.7135492600326814,-0.7876142581209482,1.405645170008782,-0.24637934386521115,-0.09632918002890445,-0.33863837198786717,0.015741293344042645,0.22194969740747256,0.4929718522897778,0.7939913255508034,-0.11435885978954219,0.5554859868511656,0.28953496534458933,-0.04922839669728485,0.3723947964847997,0.1754062670783618,-0.11524047069454457,-0.07642029515134507,0.15832346274123926,-0.3452957532492493,-0.22428414008067998,-0.2673291438141625,0.1301024280973913,0.10076882238107748,0.09084266855083292,0.12934880137129956,5.725151281837926e-05,-0.05611263903138908,0.047954270200011695,0.027812188876120747,-0.048202605148752076,0.010370839347785266,-0.07736962546615483,-0.0008292007646117927,0.01018607894755097,-0.05107016748752902,-0.00530035285547692,-0.009792328834391628,8.881784197001252e-16
eIm_151,10.322290848779904,-0.2809308382668029,9.80799091131237,-1.9306844312127485,-2.0760453341356566,0.011348730723554468,0.6935449586722423,-1.3018521704136163,-2.565918071887945,0.777863101279598,-4.1190875050206905,-2.4131111510502317,1.360794335027105,-2.424198317388261,6.083164638741215,7.776727450300866,2.2900371496427225,-4.969957116900996,2.673525784758727,7.334446852652564,-1.6993239076407243,-2.5498707053116765,-4.572090840335952,-2.6861709215496345,-3.289251961506227,-4.071462095489771,-2.442374064557484,-0.7673427374699,-11.197521098101538,-1.3618293582015057,-2.2434695362562342,-3.1818490852641936,-2.427002079189007,3.080021648700587,3.3582826984055427,-1.8108173976424122,-2.475659471542384,-1.2747259547723644,-3.668753233621443,2.6948156524291216,2.0835852301992217,-2.408626369690542,2.8740556185828368,0.7662240723839226,-0.11938358222764267,1.2880129421437443,-2.4738650694706417,1.153688334326885,-2.09833585516527,-1.2938039357608497,-1.9705078156331364,0.21512421873042506,-0.9684930570073542,1.9671566776197726,-0.1315752213354029,-0.12134045735326926,0.44269965192556704,-1.5735807606645567,0.28818198127830685,1.0566259025574294,-0.566534523851434,0.3096692934148748,-0.017621220449506314,0.5443152190753764,-0.5933151682956148,-0.0973418627975029,0.4787605225738551,0.8999719627347602,-1.5364540184242848,-0.9963581446221832,0.157625336007867,-0.047854021100489204,1.2105375195792347,0.3009383668170945,-0.14291738569093923,-0.8986024433228295,-0.3883196872824634,-1.3571808343169967,0.8353323264322385,0.6301888716792535,-0.125158920032995,-0.03950051266278054,0.7091463396860613,0.32557202623032133,0.21537348173783566,0.5747798953170317,0.5137028844841007,0.7195095877982856,-0.11002827667814058,-0.14968171537982522,0.8647857949701898,-0.4825156542137429,0.15156459242132087,-0.14708737471717992,0.25715383116939566,-0.09700873152062517,0.0025305890267581788,-0.04624758810509175,0.26591454307623563,-0.13889526552259557,0.022056391677180195,-0.29016605452132754,0.3804868514726265,0.42706007038597216,-0.18132422170613427,-0.03605513696533022,-0.39947381286765127,-0.25658075171159445,-0.36946625233735353,0.0060102499712428314,0.5949268564598641,0.5778812142591727,-0.15010740277126863,-0.2334848408791947,-0.12828225891751244,-0.20983195257517262,0.05133043218160016,-0.20360387362687526,-0.24009712405492423,-0.059420487683698175,0.20495929800108048,-0.05186443020075604,-0.2529436856506361,0.2268889263951931,0.3334071093470312,0.30272722247773937,-0.07431034579976292,0.026026661489824243,-0.1736528220187561,0.3179943983393059,0.38246476024348464,-0.3307025604181065,0.2273889430286898,0.18671251434908762,-0.08141157821651734,-0.42354210757318733,-0.03885202182871983,-0.13017334988306611,0.14500541605629752,-0.20665091714812522,-0.09593420226504867,-0.09129319651926726,-0.23444786316890032,0.025278520311893815,0.15450191415353656,0.1955530887421778,-0.3250076182480617,0.03882277588656313,0.2431373430259962,-0.075081008516376,0.0864101737677613,0.08777693580353096,0.07571735576966065,0.09173392316314745,-0.13845706283944134,0.15586258070801018,0.13400000572583592,0.0266314435006747,-0.03307327888219991,-0.1087264985324487,-0.02094503517679347,-0.10175922537150528,-0.03442681414623028,0.10634905411138443,-0.03394262652283375,0.07113032488054871,0.004165800435554701,-0.02809832464066131,0.006859091869098444,-0.010263948385373478,0.0009856089501056875,-0.03019524064966378,-0.03203120257087644,-0.019728384344110728,-0.06538194808571973,0.02543770597521866,0.052132031158615755,1.3322676295501878e-15
eIm_152,6.121087809761344,3.165557210199604,4.709356711551968,-2.971835837909625,-4.203153402556787,1.0113678648696414,3.680677503395495,0.0630286380224514,0.09804729499532738,-2.985962360604678,-3.1396612875644774,-1.3330236606378973,0.7476910065100267,-0.5116226688497142,0.4248658409953152,1.426611428824084,-0.7340773520937947,0.3289493626898401,0.005372089345142106,6.91983882056802,-2.448392245301514,0.0698117473166312,-4.642593264235308,2.3409274776735276,-0.8019532517112016,2.99796647054538,-0.6162873005908345,-4.249030688222641,2.9075798526027543,-3.249000433661645,5.2742719024756095,2.656840132927174,1.8261599810506963,-5.485262734183979,0.7038486313074019,2.9058246222490367,-5.488946264801359,10.48309100994235,2.554911552481242,2.4126096302555307,-3.717966005151207,3.346617863092659,0.9744894114566307,1.3877339950730336,-0.7962049440164686,-2.24602787506184,-1.3356267240687816,-1.1546371687826615,0.6007732247130437,-1.3277882346081524,0.09675936245258532,-0.4373275278189539,2.0059576361089855,0.8676140993192508,0.7577868811857231,1.094420328093556,-0.6015163002935182,0.9490473722538235,-0.5971455099151808,0.8491777749347557,-3.166508809033039,-1.551448576580278,0.21347341088259464,0.0861441251601951,0.21310528235063098,-1.6978696363045946,2.045881003483543,-1.8216974900917693,-0.7670276356836649,-0.9497814747101907,-1.1562704870616496,0.2648672790340508,0.3481980676358418,-0.7832044884820197,0.5165977346750609,1.4261244295467277,0.07204098262178149,-0.386441099431287,-0.6431607836465498,-0.5008382041111964,0.9665631694673907,0.2984737430573695,-0.6768337046765933,0.05722845516416575,-0.08079492791472465,0.7047620914040369,0.4748413487520194,-0.22634794465380437,-0.1229413109509726,0.004613238930960772,0.35680556365080063,-0.652754008254805,-0.541063808146345,-0.08158260063980771,-0.5088460014219396,0.15252120701823868,0.17952977551244176,-1.1036997271766624,-0.39137898720090747,0.7675353681998904,1.0140527957436576,-0.4146061141765956,0.1755460912295558,0.6851518304793847,0.7875937671515117,-0.2640527558978676,0.24083652059241942,-0.36602454407948126,-0.23540175035026267,0.08560698573255882,0.2268475521316048,-0.3943068064035773,0.13899336794836367,0.21852459134248453,0.17229284222930857,-0.7037514601374149,0.15901428544703405,1.0204251290172528,0.01311092423342608,0.379596788932665,0.4327902386248561,0.5721681897849829,-0.4907929036567429,-0.001534489273905093,0.1028031298799007,-0.6678792800368165,-0.5630502191728481,0.42252117223897134,0.06844110329598596,-0.0005143113863497195,0.08076656534945825,0.09549105813508163,-0.19241978373692573,-0.2931146931253726,-0.28387148099692694,-0.23540676722633624,-0.020076095578982323,0.23870018443401292,0.22536198495542809,-0.21249525417808357,0.042820927194038516,0.4088762205221489,-0.4752066627743199,0.005398009790562486,-0.14705263004447403,-0.04016598200254551,0.14016279945365856,0.21333697471277036,0.11135429313341305,-0.14955948125069463,-0.18490489215129258,-0.04562332544406,0.0871387281994831,0.15033265684293134,0.09792547932313034,0.016019216208244424,0.11578232327217597,0.09953224556918511,-0.16314521139277915,-0.056954562583221846,0.05416195163646309,-0.05896918177273224,-0.0057074934331475535,0.039243961629129714,0.09246385355186293,0.00768201330028262,-0.058260460212860576,0.09020238680271564,-0.02590505881186106,0.03227075134467339,0.012796883538845671,0.027336360697349404,0.03527459867080629,0.02671389669424684,-0.04432570464203678,0.02681815883619887,-0.05664524501338197,8.881784197001252e-16
eIm_153,2.291256984957224,6.478506688076123,-0.8371060740108052,-1.3420080713630433,-4.6080143442683505,-0.9308292320102969,2.3100849233091667,-2.328236542959033,3.425220806471183,-2.52542352331452,-0.7517092835832738,-1.2173102918340766,-1.7868789521995012,-0.5188814892231437,-0.8656405003226788,-0.16050461831937657,-2.7903098608648347,-0.42015796412034856,-2.67450256571239,-0.9560518213827207,0.4646142530009632,-2.034997642100867,3.2941876833225425,2.1948159607583357,0.40467536499053147,3.3731939738864845,-2.2397768670496134,-1.7641049132974704,1.57855234027455,-0.2262508589291341,-2.1385879585225784,-1.3052734693215562,-0.991074527310792,2.1731247626927597,-2.328033987811124,-2.250663826389818,-3.5955571514565854,1.378182161532565,-0.32871163508774315,-1.4449190057550456,1.9563135713050357,-1.2589224634944625,3.557083095046624,-2.983831470458026,-0.15317113624049228,-0.11115514120237947,-0.9160099271957316,-0.9240645978565964,1.0063709351362746,2.323785793528179,1.1141255963119097,1.169894883073236,-3.3589472092785013,-0.25852598010269584,1.3944915355185186,-3.6218213257803074,2.3647853238957777,2.385844018430776,2.0139240902734823,4.078756094758212,0.12584769288277375,1.4602170229544147,1.194024381775368,1.5339523417451497,-2.648942629782294,-0.1063243248918494,-1.7493923213223708,-0.9621833492504328,0.8060131802904482,-2.7310897249359654,0.07557807189735,0.8451011986906446,0.4019704900993497,-1.4489314589485884,1.0468223291703684,-1.593122082090706,-2.115123649651734,0.6304031074924715,1.0933750095096721,0.9822671250235804,0.2025665970267052,1.6228013594172301,0.8338493971365695,-3.3873628945591463,-1.5289711925166345,0.5511956663203047,-1.3420381095891638,-0.3688323443212862,-0.2087876450265984,3.122407294639631,0.36170827783611004,-0.031004174847509613,-0.6215253076917597,-1.1900809686137135,-1.705505360342569,2.1781277800193886,-0.214225491609086,0.37077039148818497,1.8090518715097401,0.16431209695560228,-0.10889651268234275,-1.460370298388785,0.7342789585229893,0.9951013280977561,1.5997972364544872,0.3594353913008102,-0.18640363964936837,-0.11214408017771507,0.9020096563712647,-0.3303981818738062,1.0069269460859913,0.31195073174613075,0.9879413666143225,-1.5832432494069286,-0.18769980336187653,1.550713031516,0.6850667935681181,0.013778358206764763,-0.9798971481176476,-1.2995135836526714,0.6011412570310388,-0.6749535098154604,0.5938636391521616,0.1755116832866669,-0.25959964201845076,-0.14217572937467315,-0.1830879318639842,0.3437316421618962,0.07143322088326975,-0.16735917621928054,-0.1889308074243401,0.14034020688906557,-1.1852109976999843,-0.6457097641780263,0.15427788534507614,-0.9421978697618598,0.398397542283339,-0.0999374372029847,0.5025471018375351,-0.4515084059983905,-0.777325025184034,0.5802521188010316,-0.3270805313696037,-0.5502034954725065,0.18478488365823023,0.28185588126584854,-0.13239174354792138,-0.3639002458981302,-0.40357879354032006,-0.052995383233444215,0.3844587270528213,0.23934889905446832,-0.2540226269104173,-0.36882454943659965,-0.5544516947964592,0.17676820534303317,-0.16839709806255354,0.012264824811722641,-0.054521880937709155,-0.09780155611030489,0.04451636440913531,0.02424021533116317,0.07036053077102841,-0.10814718942685134,-0.035841187991861645,-0.01284497289248654,-0.020722563830197105,-0.13477274144807816,0.016067192306458603,0.07925729844513252,0.013370778952239926,0.07115354848615912,-0.009337137248470295,-0.022693765398431154,-0.04763374869910664,0.01783910217584772,0.05461732307798717,1.3322676295501878e-15
eIm_162,0.5288136671893806,8.030114187939237,-1.314731094637888,0.07575236345315783,-5.366361975837886,-0.7500285855897066,1.5580400019376452,0.09625141846108165,2.1444675303767293,-1.0419895298708628,-2.844139651366245,-1.139515766203586,0.07668253762375277,-0.29859112152264367,-0.5925296580942381,0.8533263511226497,-1.638383534205339,-0.3358363309606951,-3.8455500634509967,0.5154492268075719,-0.11690865590549171,0.43529578151328374,1.9816934098750298,2.5508031056295226,0.24360608653620908,2.639353472584805,-2.1591912612301196,-0.9831902937219625,2.434695513312932,1.0887046573558123,-1.3204345181301647,-2.3559325786170913,-1.3896761236437365,0.170852540947305,-2.119513195292042,0.8390898439019414,-1.5690797417839553,0.6799894565395306,-0.21794438118946935,-1.9513366878505227,1.3976861041206516,-0.8804970476685929,1.8172491819361554,-2.935546699653914,1.4150369823048123,-0.029065333066588386,-0.009137678653827808,0.5891914147505506,-1.651412688364837,-0.4689813514408545,-3.3319513300598373,3.2902557239225723,-2.856589594443803,-0.6710215097428293,2.1974423977978956,-0.15118410909899516,1.4554757937337452,0.48552386734616504,0.43952993206004676,1.7914234062524224,-1.0632697590345814,-0.7246723304619899,-0.2591721440000676,1.2816625347321358,-2.1290155456922055,0.5114305018759451,-1.7654355894828497,3.474760780884232,0.05391653399694585,1.9171669782046148,-0.5823662224011212,-2.0307592086573445,0.14866717684075886,-0.26206450503005607,0.9928441670487238,1.3976465115217835,-0.16580265255206766,-0.8328420124346863,-0.11381456872828644,0.9873426499149918,-0.8257982193756581,-0.0584968000410957,0.3372465995711234,0.6070180962802303,0.004861686672647858,-0.20191997540932363,2.08613356511161,0.020013757421665446,2.235056334119175,-4.055988560376647,0.6591117755602094,0.8100773192454138,1.535550108946024,1.9859247959919573,-1.8221801396376807,-0.7648817012175593,0.3015883154340029,0.4355796010771273,-1.8336638344716178,1.204772214633468,-1.0461711143897479,0.431664825225976,-0.33550817144298495,1.03898841002392,-0.9653397055881185,0.26331538723863834,1.2206918432054854,2.5733858754030856,-0.8442028184600131,0.6258155649783044,-0.7337045599708207,0.12734416702832552,-0.7583491353385267,0.4039343026404883,0.6567919730841233,-1.6657090180172915,-0.20979182465853136,0.7933132183724458,1.4914178593644478,1.5227328203239392,-0.297736055546708,1.1599430986666883,-1.609493721506677,0.2973178008069529,-1.3720900371787434,0.9305141188910457,0.7585718256957843,-0.85465839832115,-0.3026596265878907,-0.32408098338427593,0.13198908062169368,-0.29134074401711296,1.4073246274538571,1.320194032194495,1.0238526106757018,0.8861130313578853,-0.806148247271441,0.5727318528822181,-0.3665813564440966,0.02867213125770629,0.6031579314739879,-0.366935373157414,0.7279711702050774,0.8854432896568273,-0.3703623074541217,-0.4397110992144584,-0.25185703923682623,-0.5988830358065099,0.8489634338713576,-0.36631630907694235,0.3866330019806371,-0.6858909785327563,0.27823401310746987,-0.11176180917398702,0.143858974545957,0.22740744464783824,0.5947287305620743,0.0342964115834925,-0.08721997357921263,0.22282104689540327,-0.22009174654258934,-0.1295525343707682,-0.15576660192391376,0.11098001869970778,0.19396226921910698,0.08181076408817972,0.058556254167099864,0.09632379875775765,-0.018967232543279824,-0.0586541530926703,-0.0017810171152377041,-0.06990213266176865,0.04857838230992795,-0.11941612838329396,-0.024769428175407504,-0.13675720222024645,-0.031002183473734624,2.220446049250313e-15
eIm_163,0.7630345047936,9.128162520537375,-1.9752780762637636,0.22399839354269435,-4.746603862608775,-0.5586303051676118,2.255752413075969,0.6170644633599813,0.925003994741462,-0.6557962904734725,-0.774932731352422,-0.13143663918835236,-0.32166104541073615,2.180656238983283,-1.2282138131686131,2.3769059188970982,-0.5401385974273094,0.758506704179718,0.3463160225085402,1.1019578332552333,1.9549492104238777,-0.03406071818328604,-1.1881820227665936,-0.8761056278210393,-0.8835136748327624,0.5310326624732002,-1.5161680438641945,0.6695131323323218,-1.5226782727779873,-1.2280138949485837,0.06232820777029768,-1.0975659339904584,1.1258411115618903,-0.019458686763504207,0.12123300354561994,0.35074767691073516,0.21918263209756694,-0.7024651527072507,-1.4613275008450137,-2.3022613557583185,-0.19645975400341206,-0.5215392563835696,-1.5362574218124545,0.1504161332708941,1.5970392209396023,0.8153255950170105,-2.0748871456276716,-0.245968729119608,0.5894732401861662,-0.4303066628419817,-0.5038219281898577,-0.7302840776900033,1.0857961687690871,-0.843791188241818,-1.0343046573167014,1.9263226556935782,-2.604943828455598,0.7149387588802842,-0.3564468783216156,-2.374150201095925,0.5102181426822979,-1.8253079579966975,2.584304493105106,1.9874375056723588,-0.25012521142930244,0.548921445542879,-1.4574910868843054,0.22196342654713186,-1.2954284812990688,1.25689247535266,0.07853540599784381,3.880967589045946,-0.6927265407656716,-0.4698230422902079,1.2075098590560769,1.689612536282412,0.01337212044129854,1.7506513682527425,2.053860756080518,-0.7788659100242511,1.3851872081273555,-1.025215850640559,-1.919059206418962,-2.2952979545447576,0.6684868212559878,0.8612201701397788,-0.8919705565435545,0.2899005526908084,0.6652054939948808,-0.496263578267763,-0.7986479543426558,0.9841692471243495,0.40462950409569687,0.14617404159897618,-0.1899230373900871,-1.9788075570189163,2.731683473662737,3.2077410568174103,-0.33570548536050704,-0.1334519926707851,0.10842960800100702,2.393274275643282,1.0707162228561236,-1.0917857552103656,2.2547034850865155,-0.8057670743472334,-2.0615181924188164,1.1519967892000906,0.07096425245755733,-1.3257862547298198,-2.076992155089085,-0.08626838426762107,1.3356336278280916,1.386996179560806,-1.280539401093336,0.5199529114144803,0.3843148236133293,0.5680277601237842,-0.34778237462429507,-0.9532811351379542,-0.05664272823366645,0.6516365835144442,0.3945193164225117,0.20259874840016745,0.47935890476439835,-0.3297587188142935,2.2642286933049913,-0.15558385962546084,1.574713456000296,-2.1073072115072344,-0.47724972415266675,0.09753234287251455,-1.295192607634996,-1.0014688062362105,1.0518999991308768,-2.283320686518569,0.6488205698682945,-0.02388950897601677,0.18147763322484717,-0.015609987654959245,0.3759295559101119,0.2939929401093334,0.4741708559843073,0.8898168932462552,-0.44858060272387124,-0.4652738015939375,-0.5389707859083196,-0.17711379936177063,0.5142749910698606,0.01392180603206028,0.14954950998123795,-0.16557387168317084,-0.12932595944704106,-0.2936179451970303,0.900919609073526,0.3679691891090908,-0.007551517973640287,0.2877717461605148,0.17808057469209387,-0.1609338462958223,-0.03548279996587511,0.1199304163052427,0.12716751274956117,0.023536832697187787,0.016844202470491787,-0.20454083512016585,0.19431259083520058,-0.08127930528500138,-0.009406789625167444,0.15222690064676758,-0.09475045893070133,0.06560309532835634,0.1640346316127852,-0.06798369148270611,-0.005352991116972072,-0.042031998702374396,-0.008916733769747998,0.0
eIm_164,0.3321693608801972,9.103332495391461,-1.7310014281118238,-0.260291704812472,-4.420617178224855,-0.3288753988718345,2.6790003313336133,1.5625006742420557,2.696297022329185,-0.8645100042853725,2.2626351898667587,0.15723183227709359,-0.4287546616609812,3.906256622679685,-2.046794123168101,2.209838710609041,-0.5863414322043956,0.3200300725915479,1.0983509936646576,-0.10546068142696699,2.2460215612187038,-0.8245525484779269,-0.8826605961807297,2.1455431616064415,-1.651910319381682,-1.075385517420118,-1.673799369535597,5.153571221430898,0.4264466023804303,0.5183185272899902,2.489631539753156,-0.6613784683983546,-2.5197819254195006,-2.250212058811692,0.9551962728963115,1.0337088014088556,0.7319137032889493,0.27525866372786106,-1.0634391250914845,1.5977571490247193,1.3382174725291718,0.684443781569497,0.9348834090578553,-0.9863766468788103,-2.664854589294586,1.1880022564162855,1.902459864428377,-2.4638840665725814,0.4550394917628502,0.23654857925951878,0.4404046177253617,0.10361743754875555,0.3985045924620452,0.2033367796717805,-1.8643897037886557,1.1292690821949176,0.9323440832952034,-4.329806402064426,0.9702009161893288,1.1687756159866942,1.2571580063309737,1.4135352343791459,-1.7908598482741953,-0.6767937719005714,-0.2105529233272585,-1.014593004897335,0.32743677285826794,-0.537537149323715,-0.08476777957576398,-0.5923189618532894,-1.0928319072910941,-0.21825503863099155,0.8716033758647067,0.9392617479307837,-0.3123102719877797,0.4607281063320805,0.17435284851291533,-0.17158952318726173,0.3489131008199297,-0.5113102058905589,-0.09916973212892649,0.4099603626277687,2.37808268515304,1.3786427905507694,-0.6896188227859925,0.5978279160341354,-0.3234775331570615,-0.14291457790634055,-0.758445239985065,-0.4432137097002329,0.7411763621715067,1.823466063703995,-0.6334739085765044,-1.1526002272878486,-0.48521885081851956,-0.701080867184501,-0.6749938056994378,-0.19633956087203042,0.04900613326873238,0.07375476987234625,0.09163245013483652,-0.5040823150218081,0.6298465056059851,-0.43374966469276827,0.3627183783136819,1.5171991787163328,0.6872990438491113,-0.18521862755224658,-0.05328154403826657,0.28581981397698697,-0.45547644288680533,-0.45109307840404234,-0.49422155814851143,0.13189558672819368,-0.23731597837163865,-0.16757847628543998,0.052265876853592685,-0.7999249755814002,-0.32678998851344543,-0.5333690472207291,-1.3992070789744222,-0.11989296033762731,0.06384472052459211,-0.635689373085661,-0.31628521774218776,-0.3448465157137732,-0.022464186735917435,0.1588254585154779,0.5721509561621847,-0.36337221647392726,-0.14053338214894961,-0.48903081716000973,-0.23776735569699395,0.37593947510650877,0.38482034233579765,-0.11693429693357404,0.3291858880691999,-0.19186450952795037,-0.010928357827937107,0.22138552251040977,-0.2616979714965135,-0.3699503594475496,-0.08916727424152493,-0.21543783364906555,0.2335283218772545,-0.3009948514524887,0.281080805156109,0.025514224427874432,-0.05863565247649921,-0.05293726593884873,-0.07733420603701313,-0.18008648550838835,-0.07269635187069867,0.12045786120270849,-0.3647269277975788,0.0693294334315937,-0.20483458238262986,-0.09343104580591333,-0.09404075047385968,-0.19835981920181434,-0.010003583814970796,0.006330441266471816,-0.06459273727754228,0.18970604282367234,0.5557726630780788,-0.7560141305730065,0.8700810505791736,-0.19925152869432283,0.8300193266607458,0.4256560856522318,0.4443113103201539,-1.1197322980477094,2.397664921569752,0.5571380472905605,0.3316312665470025,-0.7160926471928419,-0.17453939860662293,2.220446049250313e-15
eIm_165,-1.033512513272946,8.190500645731609,-1.6551809436509979,0.7741077698185341,-0.9389037625857892,0.9620067365365184,-1.909654594356006,-0.08329602234811029,-0.7960819739613845,2.6822128129920926,-0.18575828882326584,0.4548929419201734,-0.04861763123131352,0.5813141420368662,-2.51969277211046,0.49291335248239276,-1.0937017115211398,-0.17312653042937187,-0.44363442552586685,0.011592815111544447,-0.23631702011866124,0.1937871318522586,-0.5519312544706034,1.3673530064366104,2.638648879366702,-1.7216833587613665,2.3666388318881135,-0.9395452277848904,0.03623452876923039,-1.0291371382457315,-2.4679132491465987,1.2508839385962458,0.2448768032271258,0.4926283846352623,-0.7779144181350346,0.9342000635960598,-0.1107088078519346,-1.0593934350526613,0.4234568468964599,-1.0455146159338167,-0.891350607783146,-0.03556600236358132,-1.619601575571717,0.8310707072123236,1.6777922196522828,-0.4597020267252047,1.1610101458630457,-0.03307225895632948,-2.317061637520697,-1.2977667810367781,-0.5239806802882667,0.10591889941665708,1.2739425753395244,3.1063606603532032,-1.0059116346659138,-2.899622648061016,-2.0042209023267294,-0.37668777474067483,0.4892024071330836,2.8139189902817776,0.7219324051288836,0.7212649914324334,-0.1586891517942679,2.451255966077274,-0.1824299239468301,-1.4432232109471825,-0.49359210771862033,-0.8645438964960667,-2.3851430959387203,-1.2490623214248278,-1.3651382167865966,-0.266637292296267,1.6414770322485948,-1.2578796976560325,-0.5095703018216329,-1.7122761048999107,3.663254812388281,-4.520104153887698,-2.6506620018848066,0.13599216991055862,0.9655314459316532,0.9929637985582341,-2.266187771133023,2.87787324964403,0.3401096335826763,-1.7527056638960974,-2.441567064398363,1.6117489026234058,2.2459111492760657,0.348548386567312,-0.1801833794343615,-0.16457263876774786,-2.9083049428842958,-0.8695286266176607,-0.6108046598090793,1.1688577696831743,-1.1734596591624076,-0.5511763115450611,-0.31422404208475685,0.8717999248831769,0.057274976702319555,0.11507220976118424,0.8085467077834801,-1.1591946888462386,-0.7357579856154148,0.8268942271052138,-0.7759647356659888,3.0352276049191556,0.21377543910091856,-1.3582964114120992,0.07212012857812022,-0.8734277226127254,0.2998056950358274,2.233565695764755,0.22441803535613547,1.331935280539701,-0.43734301532359116,0.4512213373016083,-2.613381459047013,-1.0137136871746024,1.0207315440810922,-0.6201075115067352,-0.6055740840526531,0.5268083790731097,-0.05096596401935316,1.5194269975742811,-0.001843357109449384,-0.25477357708366577,-0.059565993481004886,-0.1711930324603499,-0.9134751046068676,-0.04859535937225912,0.5348641859165826,-0.04380201639655075,0.24552879155667862,-0.36984164834150524,-0.18251034928312748,0.7904283297379653,0.5482821287292527,0.9317208833592661,0.49975842934290693,0.6262867830175437,-0.4420334444124997,0.19346653605451725,0.2012913421094514,-0.5606739999587114,0.4165676785782484,0.2907163364483688,-0.1433887108981583,0.31030915503719014,0.650759144803289,-0.24377611706146718,-0.05973537898205272,-0.24329630291455395,0.33254939765569796,-0.2621915146041752,0.6802792916302356,0.16594702363784453,-0.07418944630894636,-0.36428574579104456,-0.06774957113292701,0.29213254713273784,-0.0686769220082466,-0.040696510693382676,0.012842600637344992,-0.09288388920669355,0.018467340199229243,-0.06574732661958438,0.04423039995635114,-0.1622672427347296,-0.039094571230607,-0.0010411420738972166,0.09333764659304289,-0.02912030213918193,-0.06805526826809816,-0.028206095774664708,-0.009065204673207816,2.6645352591003757e-15
eIm_166,-6.837771318550182,-3.033029433997309,0.04678108037372339,-0.6592309994301253,0.5276426745863987,-5.821140463784944,-1.801364281400983,-0.30797105565139815,0.8662117730950613,0.06829721435338831,0.43819464610287084,-0.35706297277484933,-0.8384923515721628,0.9203765451541654,0.004606217802816892,0.15189831294588796,0.6770107873193476,-0.331315663489568,-0.8719868183543542,-1.5744243408449397,-0.25593629769943005,-0.69867198981549,-1.314536869238758,0.47801859611370817,-0.12482112982395277,-0.2185118761285222,1.4552938284452979,0.30162240505060967,-0.7640513720014425,-1.9539681954418684,-0.13389245887454054,-0.3727573111733926,-0.26713669266841755,1.2306733297660692,0.5100296159846607,0.572334154774672,-2.867280842603173,2.2437096181319225,-0.4124588977423278,-0.8545705576836982,-0.8867881282743664,1.1432440453539672,0.6427557250692988,0.08148118666802368,1.1503137293863044,0.184820390433772,-0.028215908842860127,0.8030583955903199,-0.5577519418035535,1.45645724697922,0.3331432473678025,-1.3841829458156583,0.2862403069820327,-1.0659632926416147,0.6333842488657717,1.18361293208593,-0.8872698650459434,-1.559766430116384,-0.9034340776836849,-1.462281929481048,0.2348500706607204,-1.6294717152620368,-0.9684803808330231,0.6223984750995512,-2.7118802983267396,0.9330843242424663,-0.04618204546479149,2.907643180070636,1.12559219145256,-0.8554643829055442,-0.3218024565367208,-1.3457554165926382,0.5259333820109519,-1.5974754385714172,-1.3390445378709015,-3.352504875580305,-0.5046976305144737,0.909510779205998,-1.7713263540111281,-0.8731411995836491,-1.0854483307977085,2.202639042148305,-0.15943489349893308,-0.8264101890302884,0.7150664417812875,-1.3645104602932536,0.2833192908647967,-0.40976803044506993,-0.11508226158868728,-0.3168900645776249,-0.9182347344320835,0.7115140939092695,-0.7043879344119651,-0.1543240677500961,0.5822674504834545,0.006293942042016054,1.784052713962991,-0.38802494619143374,-1.8705265760875707,-0.8083217479216904,0.6659008012873144,-1.5404108081341747,1.4805331257653496,0.015647245364044104,0.6791713860039955,1.7047442761778717,-1.1200782258467845,0.16919369050579894,0.0832014813494446,-1.314764336433276,-0.7878887822208098,0.30976436608087865,-0.08670902559757018,0.309158706715628,0.013025650118620224,-1.1532539404747808,0.7019665075684822,-0.9732820148311829,-1.2283613476365192,0.11581903721594966,-1.0028500301687298,1.4985926891917059,-0.13335409572846613,-0.46820238631287125,2.454077855702999,0.5699535928896255,0.8433363687141202,-0.3671036283884669,-0.6677685962285174,-0.025105491254109324,-0.567807017522072,-0.6236103063977109,-1.4641716726873373,0.09751563422453054,0.2568936003671034,2.1848612214428518,-0.3761138688200546,0.07026306479552707,-0.06828071180568879,0.6935385938518654,1.6146425160712898,0.8799902944944306,0.09966279788692489,-0.9291093123375559,-0.23292821377776798,-0.5656936783100572,-0.7996158683753708,-1.2769849304871956,0.261757018279251,0.10774109231215712,-0.5036070399277504,0.20502680092090575,0.6966613251243767,-0.8092814644476626,-1.5489025550880877,-1.4526214941275033,-2.423614840895222,0.009679649351124642,1.1004265539324858,0.19410963417990845,0.07345738645618338,0.5680068394193316,0.0031768420599090907,0.44008010222738025,0.040370468094507395,0.5922788337298797,0.15438993409970658,0.06539369412874424,0.07620089086398046,0.30423340657387943,-0.05820419790867004,0.08749080880245291,0.06755544582729489,-0.08994705779428669,0.09552985549716153,0.23969197704658196,-0.006376076309405954,3.1086244689504383e-15
eIm_167,-0.23039650127172706,6.882307722899563,-0.5214789256708762,2.1156657002777948,1.6302567254863651,1.049127945540964,-7.3157553185411,-2.1317318650448533,-2.154827312032812,-1.621029901644055,-0.7145578246355061,4.2756251889294585,-1.31653959576757,-0.15094705208744785,0.14815088802558618,1.7722366218171186,-1.2393959324748065,1.1204286596643784,0.2054552016393434,-1.0143337901473808,1.6797057588026536,-0.6127978487703697,1.1451428248673425,0.2532839228876968,-2.2781100563421415,0.4216329217299868,-1.4270454121353393,-0.012916990391939581,-0.2517030991798076,0.1069679791219249,1.4442187816497947,-1.7311141204815776,-1.170942527850943,-0.458449665370416,1.6985103667752464,-0.37090228518306434,-1.491136119348495,-0.29939417001765783,-0.7041535720258247,0.20718648848338717,-0.6716705666069107,0.9451846486196709,-0.8228744321949149,0.30737774657314254,-1.0376160566914736,0.06397286211429612,0.5302961988637578,-0.4030985969194758,1.0409493057536712,0.21222586854017145,-0.5715721438861003,-1.064160562442806,-1.5471465508906883,-0.7115010270441067,0.1586704615916973,-1.2679895990591976,-1.0140750069461724,0.9708557785809826,-0.10092040964671978,1.1751882938981544,-0.508832558101361,-0.8383302285397133,-1.4006579448484557,-0.059044087908856735,-1.618317418231367,0.5005048375281655,0.3751079429880915,-2.0242221510111067,0.4821603574153419,1.181376092343352,0.5901577044195703,0.8340287563669129,-1.1820048172648747,0.5055036020337353,1.8679147692315436,-1.003715775465364,-1.6914169405249266,-1.7744651576254078,1.413621637960752,-2.9761559856697435,0.4895735849572732,-1.056297300259562,0.17734772005211324,1.6007960500356677,0.02122046781053344,-1.4299312302764429,-2.0376616480400793,-0.39956126433562034,-1.1020896568379155,-0.7973121737172544,-1.1691413920481153,-2.3756842489123504,0.9556626078569647,2.031899795329855,-1.7680518494528765,2.1090974299864733,1.8755289464591531,-2.679126578494836,0.841443532740888,-1.6723590554271908,-3.3957903114490215,2.258672576976469,0.4162853526404514,-1.8993996313875958,3.044524661100447,0.44320370578552903,-1.112311662585859,-1.6550779246027665,-0.22807745946104863,0.4944465219924685,0.5039639665326142,0.6730072089533554,-0.8225507187845301,1.92748648638811,-0.14964810599436384,-1.7280387267458288,1.1748409791403245,-0.28635325189430416,1.1701738569802078,-2.083215272196697,-0.12703944494479813,-0.19974313991690007,-0.9143508062752905,-0.03978250659571014,-0.8648974995117096,0.41430157987851357,-1.4956056730011786,-0.8403557603801884,-1.536920211887991,0.11456431626165964,-0.08123777178828373,-0.26849130876749655,0.19381850557503738,-0.27453652562200054,-0.9798627799643364,0.4441461782225631,0.5050734368383811,1.0071534864399916,0.18115897843548195,0.33607497147100523,0.7270757456387671,-0.47808820506098926,0.10144866188075902,-0.206163986761564,-1.2688259762536553,-0.24242230345884197,-0.22435453438458508,0.26462080459947945,-0.02774326315219411,0.5251579119951881,0.4925238216819073,-0.5124950917046198,0.8854922143923278,0.22500211246711943,0.0033332520489967894,0.2472139195480043,0.1599411528634629,0.11209105782756146,0.12433613407490873,0.2414199306521484,0.046902165573312615,-0.02382204048307645,0.008554204789821718,0.21574119254818305,0.05849692916471483,-0.08406032896636162,0.0009314322366256178,0.011621303007069206,0.08783304546171022,0.037857415475777034,-0.07645702907909002,-0.037469830416817174,0.051352056058432405,-0.04119825598067828,0.015753733528731106,0.06207252135992314,0.02805018010313326,4.440892098500626e-16
eIm_168,-7.368109669131073,-3.668167684562087,-0.43320649798227295,-0.6449960152326657,2.1522425529436937,-5.088798650999861,0.4451534440395467,0.744117250633826,-0.13467880018302558,0.9346999225513629,-0.5807945518008247,-0.2571825216252115,-0.7328329313582421,0.8588592752498108,0.506554046271225,-0.32018970266614466,0.18959281314839457,-0.9046641743349799,0.8742758494612726,1.3406328624352666,1.3610623794664984,0.4968290595308724,-0.1352060308879952,-0.09806155528623067,-0.26710363224691136,1.5646232822371169,-1.509103738139844,0.10834408588084657,0.48499478545144203,-0.8173052800098792,-0.7279820593736376,0.2083684628204292,-0.11824057641561403,-0.9504215184724696,0.2544362216080606,1.585436256806765,3.2674760000494105,-0.12809779151639594,0.9459515007966612,0.4994272397826891,1.8357977829465342,-2.263633505448726,0.47815491442998437,-0.007877679762356093,-0.06672211151462581,-1.0623520105253865,1.286394335397364,1.4487729634302766,-0.94019380719223,-1.170463775257725,0.5210220564549108,1.0858352148823385,0.27674009685839757,1.7853155761578972,-0.30669028269455045,0.24673831795004464,-0.9193375820046404,0.9336541963970815,2.7731714149987097,1.7529456843868694,-0.5713086436713152,3.073314598701655,-2.0020241978286317,-1.319446757001431,-0.013919131823838082,-0.043263282347556054,1.3228533602562693,1.687602321024184,-1.0651548627013998,1.1632720298866954,-1.4556222262140404,1.7089675753347136,-1.8966046270127872,-0.7455288923878229,1.0790836433422646,1.7394610028804522,-0.14919071482583984,0.8194751175253567,-2.3204843805959317,-0.5811297676725271,0.8400810930476424,0.8653355482492077,-0.6951254664272312,-0.24036563802992506,1.507071319337139,-0.03825754842265078,1.4710896110963954,1.0059798912869105,0.13045286078174279,0.32164421568447654,0.3871492759610783,0.15713380385091213,-0.4169068531299771,0.6243537679597091,0.2945811520465882,0.5923486516410559,1.0552296570399482,-0.9248223404584076,0.022254998142204885,0.3093457495764733,-0.04205234880714164,-0.4857635927614455,-0.6203283217981634,0.37169912410645356,-0.557457299205728,-1.1734590181180495,-1.3075016178216645,-0.7989958078049227,0.7449571276196076,0.46216908254540223,-0.45270190238182184,-0.6735504063618152,-0.1292606007845418,-0.5437946361064039,0.5578430847461404,1.1167174651291294,1.2725282803681683,0.2902793898275968,0.8823494252342909,-0.9312413879179664,0.008522557695299748,0.18318504754376352,-0.6219423044617411,0.4276093792864002,-0.4846133402823687,-0.29497606551691724,-0.35721125138643095,-0.48664423421355535,0.13828448544679328,-0.23012822067102645,0.019826592963699596,-0.7684175866705879,-0.4947186259228351,-0.18673705970032975,-0.7720865176097954,-0.1064926005999236,0.5811578914091551,-0.05561005575861949,0.5352577524908078,-0.05190898373202668,0.06744984655341502,-0.10715510652972371,-0.4314386826852483,0.44158501621778756,0.04383515723567541,-0.06988221130799122,-0.5989674430864469,-0.4122179179462919,-0.42876523714232817,0.16095252612810618,0.09618088596949242,0.2234796913203032,-0.027291821093236912,-0.36969166877769305,-0.01538291336943917,0.10079126199250177,0.2757467310041284,0.0009475128726466053,0.46221337822139064,0.3012792603121246,-0.631632623456803,0.38890943306225456,0.2680396733494435,0.44498539511620405,-0.8383337909402493,0.6603287957508291,-0.26704740415914396,0.0703961144425373,-0.22367823864891,0.0974025712932376,1.4496895637741303,1.2284307983699208,1.2319657329109626,-1.5705698775903618,1.1044120015222942,0.45038117928739885,0.6152958921472157,2.6645352591003757e-15
eIm_169,-6.873864341726325,-3.246439468633931,-0.4547466040744178,-0.8769974225756716,2.3861952544545604,-5.444432772532379,0.45018440498858925,0.6087514800191318,-0.08061342860982557,1.5432251017378507,-0.3597487294199092,-0.6261396589636867,-1.3137472418005265,0.7535497264350619,-0.045030034622556,-0.10538322202162309,-0.525249059445608,-1.0364474475995678,0.5557390126929463,1.1164649808197564,1.287378917726694,0.4965122233703845,-0.5023684587187738,-0.40170295444679605,0.057056746011461934,1.451854188339476,-1.511415384664399,0.30234408512792077,0.7164916528582697,-1.1129742487011913,-0.7662232837671541,-0.22123171039118672,0.006100681251340667,-0.8029236532304508,0.03170971378479276,0.9055802549653877,2.8431248895078056,0.02525599870159445,0.3918466594547574,0.45602778048235204,2.1121423980766845,-2.364702467285012,0.6606963573569078,-0.23370878981214582,-0.3681622518441453,-1.5305357895391238,2.0363495207866844,0.8801374087826441,-0.9835315403370346,-1.2552100747823998,0.9534445157603193,1.1627339911195578,-0.10922576676071524,2.1886739023652,-0.883261876746394,0.4494679806537254,-0.8468032180910281,0.7197864772452935,2.9664102018463434,1.605633263446413,-0.8492913446672777,3.050737034502966,-2.279708555501007,-1.4238770628874184,0.21963799115460292,0.5218423692040317,1.264677991013768,1.7546024791059727,-1.133609935844708,0.7672420297794287,-1.90446511387479,1.394881725069748,-2.500322432146837,-0.870781198259198,1.1489320778570251,1.51879581353424,-0.0034309412637911207,1.5878226499231396,-2.544625774498019,-0.4482841766738074,1.363921762248821,0.7369183766416644,-0.7835467904190057,-0.11534598075030655,1.4974734913598615,-0.5221369884856212,1.1581312178294911,1.2037320501963018,0.54066568665354,0.04305676536460351,0.7056177652136891,-0.3572575515994386,-0.3409483383801334,0.6432093159766801,0.33820293575325777,0.6063221581344014,0.9688034315570382,-0.42354623303104705,0.27197651664090183,0.8447860555103808,0.05926029627176431,-0.23679401922825394,-0.41928541296848065,0.3305623781218382,0.03579723123416978,-0.9938310290402557,-2.3591226592869163,-1.080893083531473,0.8640512409301946,-0.4341079296825777,-0.04701885899806968,-0.5103950351108957,-0.4967194086449337,-0.601062202062391,0.22701363427599536,0.7357320566492689,1.4200322600484263,-0.10237047843338143,0.8260227164261095,-0.6007076744125801,0.056518655168495524,-0.1302907089924954,-0.9874875396036817,0.6459770151529978,-0.21345301515156234,-0.4114376574696462,-0.3290686997582577,-0.7423129111612929,0.20198494762281527,-0.3802125900353379,-0.2678045142833785,-1.1622543190571437,-0.5299850400762444,0.4351157017828706,-0.06466617043457579,-0.12415783749364562,0.572548728693945,0.3606190759974735,-0.08035294427345996,-0.34561209943717275,0.5539393582947787,0.24083821934245908,0.1499420250411192,-0.44193085869979376,0.5171079865469851,-0.2577010341638779,-0.25516092221012343,-0.0745009635851055,0.13540636366036185,-0.4877462541109232,-0.2960578677041296,0.05143850742029876,0.3145107998756729,0.04172843536161429,-0.2479187884718623,-0.1355476985298708,-0.7803084771141978,0.09936714738725083,-0.3429465313963429,0.0961843189611391,0.49400791295592383,-0.4527966365400673,0.08073915106243318,-0.5492272600430489,0.9754232173067554,-0.5669662198749675,0.22828110036535842,-0.16864450078091164,0.1574276120396773,0.17023441512329862,-1.2495385594384563,-1.2283387963144379,-1.1308478199881196,1.431152851759692,-1.034113699982257,-0.3006345962091035,-0.4836863021666672,3.552713678800501e-15
eIm_170,-1.0002927615156736,6.945158595349558,-1.7302508366936513,1.9567298120567607,2.5161698183464987,-0.2912280596704071,-7.361444954363127,-0.44557499882353024,-2.2601496262498495,-0.4503167365374453,-0.9275536306898041,3.518002287406441,-0.07167559745078445,0.813040877833114,1.0477982178912657,0.8633834165175371,-1.1859340993557053,0.8720383345877984,0.9225997399360447,-1.5597321181596973,1.8365460514821248,0.24391124904311,1.5485368767478835,-0.20908360123134445,-1.3587985309439448,0.5021493424800876,-0.8896574524514206,-0.5753023484794645,-1.6345941147507697,-0.8039050735148356,0.9965516315318654,-0.7135123088950859,-0.0636842373256703,-0.7470493292687578,0.9720748303544982,0.5999119387690288,-1.0940254357590289,0.3355413537079667,0.7468241996394667,-0.12441810768590518,1.0866853364120117,0.4011384691373807,0.6891479264053856,0.974578607082677,-1.223381739188956,-1.1519091127761742,1.3998644744465858,-0.4466949946094718,1.099411291033463,0.5233396962081256,-0.9050761780684471,-1.8551947782892972,0.3792420220002663,-0.617880805702209,0.7998715241178325,-2.2016172434646517,-1.552739035113202,-0.25929029528924596,-0.2551600518723116,0.40414211750380596,-0.19295169949070645,-0.2805183604881648,-1.60789017804332,-0.14640080137369504,1.1590256565824113,0.5433531850599653,-0.17986207090073505,1.1688189873658532,0.6219686817676491,1.213344106373919,0.4305262781760697,1.7140170759417668,0.9850830536726451,-0.41892794106714915,-1.789168706146266,0.773432745402471,-0.5912535674957171,0.22894940681500098,1.4572004553540951,-1.0750185946838537,1.5361031636070175,-0.7379371417517784,1.6446636137550008,-2.370227780666416,1.4782992899969376,-0.06623169155200379,0.166878916454677,0.237434500917323,-1.281402915314785,0.16358669836617723,0.0790008792396843,0.09375974682500965,-0.7960555121781986,-2.3952825149998684,-1.3389268522799866,-0.43966133644005156,-0.950084135245773,0.517816477052177,-1.7957214059899342,1.2561749300008833,0.10969290872291419,-1.1861910230654367,0.2724855129028648,2.5147866346348278,-0.4340417911991951,-0.4873566415088657,0.9058990035156229,0.9908532874972091,1.183210606033257,-1.3171774156164,0.10025089198618231,0.6492270533848012,0.1568384107612577,-0.12100566837128139,1.4348248423210186,-0.6985210138885629,0.8809292785171212,0.9181940037460565,-2.266407553631973,0.791290687810058,-0.11617022136165212,0.28191891869840635,-0.7663862262322962,1.4439467316830088,0.4211522747450427,0.9831844789854528,0.4418516424922043,-1.3108768916906066,2.590022268499195,0.12072013734396259,1.3075533058241338,0.2122377911949097,-0.06805616126672495,0.9115854715525945,-0.7826606026524922,0.7249312480975079,1.7750568873810182,-0.1739718014213602,-0.7425919865874446,-1.2755721542124285,0.3218258411546928,-1.451487498657246,1.4043515722701643,0.37507465999802225,0.008955651253097746,0.2618124856086479,1.5945025743637156,1.0412238363546136,-1.153185437753216,-0.7913625686200325,0.3543782653514729,1.0922238680803038,0.8168971921452937,1.3651078525301006,0.3570194938173727,-1.7672198926956593,0.7549468640422243,0.15759876393279598,0.08703395029218891,-0.17308664535935198,-0.5210605080146669,-0.1337630813304042,0.14911452939711944,0.11472378963155463,-0.14444663060558915,0.12360313356594083,0.009413809839129428,0.08810523026171901,-0.07669565857853194,0.09406690768800918,-0.030068019301591198,-0.0002175921229907729,-0.14195551382495974,-0.10127783380092037,-0.10876527052788665,-0.015833370019842974,0.020107751653891448,1.7763568394002505e-15
eIm_171,-6.195145196777538,0.009263267080117238,-0.48395294471592065,-1.0441545012968199,2.4243118311871035,-3.0479547681749075,0.8575337978597195,0.2370988047343201,-1.0749129367894303,1.1554348387829876,-0.7520172740268932,0.5577711445672452,0.18914677070105823,-0.16892396768353013,0.7644536839000953,0.17670056149063873,1.2646242918117743,-1.0546534653483568,0.5215396281056461,0.5942095537769753,-0.13601533128941146,1.583216659670482,0.2891846547022817,-0.16415028570196338,-1.6865189586334304,0.15042852327549516,0.3437524841037102,0.5963012509531319,0.2207346594468873,-0.6246847281392904,0.4929196336454993,-0.1181277004470429,1.491532633313144,-0.08003283816052886,1.2957979102719996,-0.2779833103477112,0.9566219922657804,0.5850929300923751,0.6076076975418483,-1.5508261251886772,1.3639916583595146,-1.092134731278093,0.7995310571416672,0.4328202595948928,-0.78061684849791,0.05249873922562255,0.01027643459267108,-0.8775581835023785,0.7824446263543352,1.903389029804445,-1.0354343498486445,1.9246259260145238,-1.187991146478111,-0.16865178535114395,1.593991109283395,1.9313202180259548,-0.1931212915825381,0.900569361432493,-1.0838274278346027,-0.9480489634105659,-0.16748476109901878,-1.1742898488461369,-1.6106359995750297,-1.1412728508181895,3.075509976391311,-1.6348285752686245,-0.3628673964974067,0.1292832378004254,-1.2928403250718352,-2.3009246412132693,-0.6604853095690968,-0.4692160296872775,1.320604370764937,-2.958627405652729,-0.05385778339217426,-0.7695788316762449,-0.3520794548280109,0.34046109292375626,1.3883404564988087,1.189240204723071,-1.4716425824332449,-1.0080029285036667,1.0563832562874478,0.8717144753295178,1.9071873880972559,-0.6567691276042851,-1.3166203071897353,-0.5703822669723848,0.013396584565978475,0.3695321008339586,-0.939646340076532,0.5196288389401696,-0.21557591922551048,0.8530570745221774,-1.7694674762216678,1.410541799169126,-0.8098553864903104,-0.3936885634971492,0.038216628446668066,-1.5551645829544045,-0.9370408141634712,1.1316150977044892,0.0018335688323408983,-0.33186373827578747,-0.5440280845190207,0.2994508863754344,0.3194150901037509,0.29180031633442605,-0.6032086263974421,-0.40578938141212617,1.0753772594497786,-1.387580023091991,-0.46166533001065835,0.9440334811207,-1.5960677338149867,1.5335230270244649,0.3415367228840581,1.4313596735238914,-0.2209381798666975,0.10907039250201755,-1.5292016382297646,1.2689661980164688,-0.17758138563726833,0.5950641385291358,-0.11589974505038625,-0.9827096091338959,1.8999928902372234,0.8152353714542834,-0.6927046923617632,-1.2503096159483431,-1.3898529674328612,0.34546713960932296,0.38039476590701216,-0.557193040659359,-0.6619859653071364,1.2539738335638948,1.1347762913088104,1.355713922107737,-0.5950354142765646,0.3394965038502863,-0.6032732752777886,0.04949748858953473,1.3440046663215561,-2.277957449166188,0.8007014821549765,0.15194128963764908,0.10112578297476027,-0.1667975431489156,0.8090532065642684,-2.2902764905080613,-1.0081010167854274,2.2659403167563914,-0.564427958374121,-1.3649444668120105,0.1279803747233537,0.6496954338776344,1.5791292666354177,-0.3624358399593479,-0.35333689285401715,0.14623640762832268,0.6215142941244632,-0.38952148727594593,0.4513572248368632,-0.04088654163145519,0.3099588822660493,0.35035031422240037,-0.036190008762881476,0.018763956703353513,-0.03306020752155403,0.22454572794894245,-0.0678517560819647,0.07186687012839171,0.06818230601222308,-0.015268301970718934,0.16209633947684987,0.12893095841587554,0.06110413527630926,3.1086244689504383e-15
eIm_172,-6.702111896139989,-2.9139131939307723,-1.0375222455003585,-0.2704238763488238,1.3188499512431446,-5.516545553167991,-0.9426040659647094,0.7091030353023704,0.5886250832171598,-0.28807212021795825,-1.6883495153629045,-0.2938618211182129,-0.567021463230075,0.6550662740078159,0.2188818764830628,-0.9056412408337446,-0.16900544511520418,0.9862076029831635,-0.17976382425982163,0.07071338427506377,-0.5133714876966742,-0.5854144698053946,-0.055382128054224156,0.7729386013021669,-0.16169817824719757,-0.8916764266521479,-1.101512724807308,1.7560995241549469,-0.5846860818760696,0.47800152593001055,0.31735879406757694,2.200116505303224,0.07865027425295112,-1.8517913962519155,-1.290940518268846,-1.4443453938500974,-1.2593427241513413,0.7998712895282576,0.8215280316665619,0.3860241581545015,0.5225517469043262,0.75189690015504,2.446752170357407,3.3614447196074786,0.5076099372375837,0.5473246169405811,0.9059458578463824,-2.1300220704528856,0.49515047983826765,0.2326228989260583,-0.5879828142742995,-0.5065145195744998,-1.1632953368975714,0.3048088405410901,-1.2372608457426297,0.37890822816334624,0.9881768847725717,0.13131704295229207,-0.2829741814028426,-0.9226895542479018,-0.42582808326457633,0.19021898121568948,1.3923818521215519,-0.10942935725414227,-0.4869433424026992,-0.9852424611066694,-0.07613098004447882,2.6120975263923176,-0.02281004712580681,0.2221660391971248,1.224558557330272,1.0225063502019558,-2.493746259632294,2.737135768974359,0.48337056752467134,0.7836393689128025,-0.46826858785458575,-3.5438087403052148,0.49045630014285335,2.413625820825689,-0.07764290671051155,-0.25130048651952974,-0.16827942122984857,-2.0122190516830827,-1.220580871661297,0.4718317423267451,-1.52980748918263,-0.3458135565537708,-0.4051205602485872,-0.6435033368995623,-0.750598355506939,-0.030864722640139397,-0.27615433595724315,-0.7176763788873541,1.7091119944868993,0.3627037691006205,-1.9668124244781342,0.34898364947729665,-0.11522877948314858,-0.48281831289087696,0.5713313777236912,0.679491660573591,0.7736863236316907,-1.0021282262458377,-0.5831669587331949,-0.6002546245845591,-0.1379010539929956,0.3943974904603539,-0.22547921506132867,0.4659227093273679,-0.4292599955829779,-1.2618615828633948,-0.17833528228372517,-0.5335251618397461,0.5643530244859908,0.39058795778622146,-0.4142925614171041,-0.0620708263207288,0.2999079805681521,-1.1172624490985086,-0.7179741501073428,0.8462130660858334,-0.568373710889267,0.4167016167452703,0.3206578682762661,0.970065656948711,-0.21824919747860005,-0.25751378793431695,-0.40943323959355227,0.8229932144154833,0.04459952213900076,-0.03128268465585804,0.11263973102486438,0.7554111930988666,-0.19771793384864622,0.1286311200639918,0.1599593173797229,0.8212627630523638,0.49132471158088237,0.31129908583647176,-0.23132790693505378,0.4368846690127952,0.5610400527143836,-0.18703304610008253,-0.29093296834653437,0.2477778265403138,0.08562885421510885,-0.2223152822528448,0.0443452856968129,-0.36024874030395226,-0.5946868319243701,-0.12148682792735321,0.4649442228012586,-0.5065463034505079,-0.21756443577802384,0.22194273361836747,0.2762083055476634,0.5451814252883831,0.4816388410883714,0.1358483924721301,-0.7566642612305283,-0.07299533720082596,-0.7279624967473965,0.46651994525892226,-1.00698608367906,-2.0937863461617243,0.0004434941501992862,-1.1878961152635739,-1.423352422009686,1.2431989956559606,-0.6442693297113122,-0.08679216089666736,-0.3374687038658246,0.06878549531077738,0.9612426767350339,0.29873581202506627,-0.23946500892680522,1.7763568394002505e-15
eIm_173,-7.2666345936385355,-2.585093407473087,-0.30089753726857205,-0.30443890127057394,1.254189025894427,-5.936941151675468,-0.1866679737145256,0.36794600911248376,0.1318900264772993,-0.4556578256651097,-0.5457646133950861,0.1838898572599652,-0.5154307468994397,-0.5979971413558465,-0.9992741733916435,-0.9488888106986901,-1.1281572220097518,-1.188586871299232,-0.3035893232347888,1.2255531864969098,-2.1239296985641363,0.22202135782211418,-0.24233168562074048,0.47095546380551306,-0.4950790366381246,-0.6478303925094834,-0.20823952827170122,-0.8969270788116529,-0.005390734736446912,-0.7669207335899608,1.219639260061476,0.2849583818249166,0.0746433276774261,0.17840518708794068,-0.5196194554451607,0.8663419245332827,-0.5739037597612127,0.944406258375706,-0.4386275565780713,-0.3766503586566551,-0.2785749275606217,-1.1519378993692582,-2.1367353596001943,-1.0617683765122985,-0.7773803595111121,0.45193353739405656,-1.2089854067289934,0.3119230975575622,-0.6611707725856805,0.6224340174542999,-0.19478675929062111,-0.7006031561105359,0.6283016960829559,-2.5120319775223408,0.860145015404852,-1.5969917508847333,0.2468466080028956,-0.11529928790642796,-0.4916199804210303,0.36594621935559596,1.4353939308729244,0.9010519345882533,1.8214172016539814,1.8180508857089726,1.949773516757589,1.4159985020968389,1.808354804171845,-0.8906326795766325,-1.3842849391600227,-1.4049986294427004,-1.1452656382588366,0.8228553454142498,1.5782655443323874,-0.6149482519304894,-0.37836100773913156,-0.5986308279786201,0.15235339881418866,-1.426126344533617,-0.39862989868551685,-1.2931459970015315,-0.2724266718705778,-2.3763172743865497,0.7966054883111287,1.481493869120345,-0.9949983406938521,0.8755630712952259,2.061305469030622,0.7341958067971978,0.5499220556353627,-0.5909305300670543,-0.5941622902724232,0.8011858166982078,0.5250254442417022,-0.4339195148222652,2.067542497184563,1.8923873766347226,-0.39892678982918084,0.9730029716101009,0.6009843390124424,0.6976969793986505,-1.4998560551259899,-0.2102381891530386,-1.2796463781693075,0.4907223718190258,0.48181060608002235,0.12065473036773525,0.2864765019674531,0.03253713580813583,0.931205988355932,1.5514881598043273,-0.4656646279679257,0.23234492202598211,-0.23661484729344198,-1.1838475705630964,-0.991326457264362,1.8569047212859808,-0.7607159150390339,-0.4881691414353915,0.3637097245515739,-0.8497542730716285,-1.43537009824625,-0.32573892393246906,0.679277050038644,-0.022873072829173058,-0.3962637499649595,1.4587502003773358,-0.582823089630337,-0.3342828422886971,1.044605550984824,-1.902840017872121,-0.4561125539474229,-0.03404631016096893,-2.109084777932912,-0.6352669129185536,1.074355994879423,1.9071665782809966,-1.4337663659887414,0.8668011106798482,-0.27161080041742985,-0.0991073888980063,-0.1782120066523214,-0.7714164998118319,-0.1738765014689011,1.4792705007791818,-0.310502587689517,0.9162144198289588,0.7109358874025835,-0.7455143989575594,-0.0068673771975387154,0.3989016764023634,-1.0508502843011052,0.545610353112935,2.1142619339877884,1.5239614293159591,0.057884520019386404,1.3381972540861418,0.5912163376277548,-1.0542949633695071,2.015671613036841,0.0787680914180856,0.12833929761451857,-0.20457765697107422,0.06519380104399464,0.21693649237198734,0.03624478188045677,-0.02131140155693545,0.2702426566327715,-0.066473711423504,0.3802928318121957,0.1277329848304809,-0.388867099568202,-0.05699057011817471,-0.2162766041880404,-0.33265292338741426,-0.1216692837078408,-0.13620161771020878,-0.05985974239595626,1.7763568394002505e-15
eIm_174,-4.134103598858427,5.38966147326035,0.6357287337984427,-0.6740281426122579,4.080831262945567,0.677285618000208,4.306682977207334,1.8230312092424017,-3.8892822954068267,0.7208960475576793,0.21708660839239968,2.259134457532492,-1.0676860500119996,2.0063725125668905,2.886352393648068,1.4587167669968872,-1.9292256074527712,0.530734265061791,-2.192393053226768,-0.43675915505718044,1.9474204023383328,0.14360592062837252,-2.7333368872812907,-1.4353207985000618,-1.0883499211355503,-1.707590798590969,0.7396778891154743,1.9794867775181415,1.1319853130104798,-1.5970716006229824,-3.1642394087938976,-1.2856135943912028,0.8413489855035707,-0.2360515051442887,-2.2789804935644247,1.5601849273617294,-0.8826791995070365,-0.18538995696164146,-3.45040236839374,-1.0574659245863367,-0.9510478960021158,-0.11077031583554131,0.17831819630351237,-2.387798262714161,-0.7540622242327154,0.6032796109487147,4.968414261957306,-1.0469866687230078,-0.6770520823596915,-3.3001570661089716,2.3587420310497786,0.25756988209505915,-1.0980838294806834,-2.309812755660807,1.6636143197697957,0.4780690288336904,0.996331624062852,-0.24389739535280391,0.2747592972325579,-0.39142406068786123,-2.17466728906637,-1.7692702614781233,-0.1902419934420173,-0.07377906600603468,0.6251083903565119,1.4365598729271354,0.4951548741860073,-0.15230429186703826,-1.3445780316494016,-1.3150382372367964,2.1544851162248726,-1.5640568378112079,-0.3542838800384247,-0.4654579440190516,-0.8599379100191409,0.9925815461716447,0.18746231397959978,-1.487242042717681,-1.329538189048292,-0.16244997420137908,0.10912585903996419,-0.11382908228867555,-1.6773659634843736,-0.7498763401273905,-0.5098224276831698,0.34786044195448745,0.38399563090446664,-0.2933711061036819,-1.0416129366632214,0.9074894741074588,0.16576929531032222,-0.007516267403205323,-0.22663301144645645,0.6797655133955067,-0.08858695100255187,0.14545838728890215,0.10292369050901717,0.5604660177787273,0.18548754011523982,0.10404185184458781,-0.27752827580175216,0.5877987220387859,0.07580084906099416,0.12516865300218055,0.7299403280640565,-0.5354222389160707,0.34054722376066204,-0.09721627278101,-0.3626335200661085,0.015698377968512145,-0.11521091144459839,0.32322240164474025,0.19142109706895907,-0.6903893776929074,0.0009475576850465073,0.11419082273973469,0.2721068840896004,-0.0319856871865567,0.021024118438275674,0.5231336337607617,-0.10118326133917199,-0.12461962545883676,-0.18915096055411418,0.341987211853898,0.22010337741306962,-0.21410839915936997,0.4058673740148573,-0.30410960504656526,-0.1983834678672669,0.32693438817780884,-0.2735807712884888,0.017378580100558705,-0.04021508917803848,-0.89212369899362,-0.35414705619029474,0.03829484568912611,0.0939059085852042,0.23357581199064414,-0.3657011824540058,0.26820529931582504,-0.13257905811041026,-0.41865103690547645,-0.15277856167420462,-0.025063133980085084,-0.29200485377373264,-0.027621372528669697,0.20635729597632746,0.04890732251012386,-0.5432197411097545,-0.1760069468828176,-0.5292715402113797,0.5367553637315707,-0.5704738814172812,-0.045528220106147474,-0.4556822360659785,0.06514669914914006,-0.012544749669280986,-0.7087825908306875,0.6253859505507631,-0.09238766657258557,-0.5540055103229584,-0.00277909492710781,-0.8900309451159689,0.7097047237161612,-0.5785283050204391,-1.1444061468027975,-1.439686407615272,0.8324729318609942,-0.4694010053902126,-0.6186068776775927,0.49325396936039745,0.7416977252661157,0.8020268042513787,0.4259130897115697,-1.4803354671560771,0.3222887832610384,-0.8037630649374788,2.220446049250313e-15
eIm_175,-4.365803560007169,2.578787721047151,0.19160764170801856,-0.3741501372787166,2.8203489159151767,1.0337901423962228,3.0097637395677608,-0.05132695153171829,-5.134855320719616,-0.4376888922079615,1.0506317959435383,0.839137027808446,-0.5739253673686701,0.5371591403124996,1.371863012278793,-0.08779630232692215,-0.9791583281683525,1.26216602225855,-3.754079943927289,1.6206605039020063,-0.05752242604378327,-0.7014470045470366,2.267108933738583,-3.4829047167046223,1.7050462449615351,0.6701913324265261,-0.9087302611344329,-2.2310417953836823,4.015496027468785,1.3391101551319242,0.5916117614419265,-3.3055068578444686,-1.86273608066639,2.31466036560471,1.7654290189718855,0.8800863474517848,-1.606162431209662,-0.42388622914765556,-0.7860835299958109,-2.1145474525757635,-0.7601857527694054,-1.4788650769264848,1.0885165506610077,-0.012815885652367631,-1.212671116264969,-0.49296671819758914,-0.2797307559888568,1.256662302884511,-1.0209924009138829,0.8430967430833417,-0.3200427636819975,-0.10595862550654232,2.439430145420976,0.5173354300292399,-2.9688651176106244,0.5652300384738511,0.5736798460654847,-2.306661166749189,-0.40247995335920206,-0.5330792200746514,-0.01317362337959016,1.4667945174312775,-0.11370159474783637,-0.7094356601173684,0.7217528913137818,0.23917208968240772,-0.04263842981939364,0.5785329514887076,-1.6069470831890378,-0.6301962416760396,-0.1558049762260605,1.0823944193893726,0.055043093940691956,-0.19077567758280933,0.6822595247417562,-0.1352873859642536,0.42243047857932875,0.24061850878016244,2.208599262043472,0.3479011672967254,-0.24947476986360012,-0.47217745149760804,-0.1490205293429609,-0.004240329580947222,-1.0159717592223472,0.7551854459889449,-0.7639769254371853,1.4212346935785107,1.1286914564825556,-0.645575400464252,-0.08387203686244082,0.28288874864992886,-0.5877517951317381,0.5729125565074131,-0.4102164876052983,-0.020385362677812324,-0.5960873180405786,-0.5040399032191536,-0.8404871988499159,-0.6075249733663104,1.3477135100562148,0.1084308442867901,0.23398415116690732,-0.25184437615880767,0.4111173397132514,0.9084660567166366,-0.41775141770895663,0.7624945233941623,0.2951602898098973,1.317829245905459,0.607187958415934,-1.0109780971507074,1.3184042520452535,-0.7184275537829585,-1.8619672934652653,0.10180613272227412,1.018624430217611,0.6015589309396931,-1.0667124551980396,0.7131171173317958,0.7142065824534567,-0.6178765402058208,0.5606861242713528,0.29083976795929156,-0.5793682178654611,-1.5344293407670135,-1.0984421276440823,0.49552774373544384,0.2665444147093132,2.132524843162546,-1.2484586181123238,0.6413971452695384,-0.10748639883100672,2.1953039882817897,-0.5169169081530621,0.7384633700192658,1.6324199516207547,-2.868452490926608,-1.6762439710166348,0.07449590306879683,0.9729679614024944,0.9139420531479396,-0.8537904222186902,-0.5988102037858375,-2.550535987046649,-0.5727642745533312,-0.4015488464879593,-0.01770243341674338,0.046028121061617466,-0.07243742187760893,-1.3751336701886343,-0.7895061265328549,1.2422005460100671,-0.22579016869736884,1.0742653497989207,0.07602318279935838,0.3070157541479879,-0.6311576290703416,0.7462729485549666,0.44389698111637643,-0.08048371428983603,0.07655506786628075,-0.16328381186474744,0.01949149659687513,0.14053657316364387,0.035212013502163686,0.06100091728220636,0.04246810628366249,-0.14913434304358253,-0.02776773068928362,-0.10623259987801625,-0.009491592449415998,-0.0998877707842265,-0.02354402378499687,0.1389221801332765,0.048467884301241826,0.03989908901876016,1.3322676295501878e-15
eIm_176,-4.178312762936526,3.490414752058744,-0.5044387400028968,1.0279471966140399,4.846523415066434,2.8275231076338896,4.562711319000302,3.2220791520248397,-9.058848661489003,1.4118605061098526,0.9941393533753274,0.046886771556816864,1.9956910952032767,2.9719511321538143,0.582462692673698,0.575145601474238,2.4659876976134294,0.527151918619768,1.0297759782193718,-1.9746819804251432,1.1806702989956077,-0.9915356810607648,-1.0794944708973129,2.0699120985961708,1.756605501286787,-0.3202221806179484,0.285820184225374,0.9261468356086806,-0.6313812889945921,-0.39282252441664967,-1.0380719546928314,1.8304133632832493,1.2739961677802918,-0.1305195225655973,-0.6505108222063929,-0.3307484335243769,-0.6453492047504642,1.4780420776313958,1.1863423468628311,1.332777431382328,0.4544318865909733,1.3901099106472767,1.3556617547947853,0.8885996157102376,0.17774085041626697,-0.36731124309690505,-2.1180378996569074,0.6539504217923089,0.9731297694954277,1.4426508013411854,-1.7071665759272265,0.27169101244079774,-2.0816995382396373,-1.306282621486946,0.5281783508957354,-0.6400558571998297,-0.11179802370921749,-0.40339518908582184,0.09116747950629367,0.640767906569194,0.4917100863499396,0.9400120291617116,0.020007302602748744,0.9471378662882926,-0.3649525261679363,0.3070257341355428,-0.06476716614330143,0.1750710165545405,0.7053187592876344,0.39921523231902845,-0.5677417360984547,0.5648466302737827,-0.28871596545981015,0.10160718676012426,0.14917795567170822,-0.048112982957240646,-0.7314650251873256,0.40043345820403115,-0.21537189789614658,0.10935736461153134,-0.5034588973620462,-0.12265057505480625,0.12349728629060525,0.37514083812403587,0.38429912869635996,-0.37988207966465304,0.7537607741516966,0.11670915884683364,0.20944644366901022,-0.057147473852584174,-0.2174309637778687,-0.5463712328395044,-0.05038552073178562,-0.03947295285128766,0.09704116498392423,-0.39746642301614643,0.06641261066959792,0.19588866317642706,0.30169112886158733,-0.19081020159723938,-0.4155286553118663,-0.18668443965772902,-0.21925618643374692,0.2810804431912701,0.24297693875876358,0.22340701427644846,-0.669290852980325,-0.12060691354395377,0.18841367284282018,0.040980365716692724,-0.2807913143994355,0.04146383190946934,-0.11903623835285301,-0.014355802171685042,0.2692617118526661,0.33270773370332773,-0.40004634095643304,0.6916944442433763,0.19974782987862716,-0.0012763941380685706,0.22753111154820804,0.33219390739342103,-0.21870667328528903,-0.14901255665146418,-0.36289046860365937,0.037906002094855396,0.37331501987514315,0.06208401229900573,0.10448285959406434,0.09112575662789735,0.3659862671294316,-0.2041246437236502,-0.34480440284814395,-0.06846075607724138,-0.10978241686493473,-0.4537470385538367,0.5490416492007638,0.40197905873764694,-0.25384731415464284,0.3004295698684528,0.20064440852809895,0.04279619904967924,0.003191088285980942,-0.5256410408361961,-0.25553437426987946,-0.3047312222382421,0.3477302732945653,-0.14192670171437616,0.3989778392493242,-0.1955386378038937,0.38238884587538213,-0.0016518002474255056,-0.08775588757955743,-0.31508985326154537,-0.31449290645844113,-0.22658785039861162,-0.3672670084920173,-0.29420417175101177,0.9298559852570821,0.26296293839270424,1.047796723992858,-0.19595967287565264,-0.5683474963616856,-1.658800873320951,-2.1875379485313906,-0.28411766072908534,-0.22337615366850783,0.14595419284258404,-0.07387102958517941,-2.2416931835560687,-0.43447568888594335,-1.5541433393960198,0.1374189298700006,-0.8409043156874036,0.47677976890891405,-0.5519086593092482,-0.012137151665272072,2.220446049250313e-15
eIm_177,-5.801962967772937,-0.47552687960106677,-0.27965686650661636,0.76830024375408,1.4384202214754802,1.5449789993269316,3.2720616193330456,-0.6469147622871423,-0.9256551978344362,-3.2830002419549973,1.4153560737674051,0.09849130771827208,-0.0653817278084935,-2.8405106879566864,-1.0046193049635304,0.9184976108507112,1.198359484992087,-1.5277803660182991,-2.1927981582009677,1.187371341760453,-2.08105042361532,0.4362357127704149,4.497912309066962,1.037596378450558,-0.11938614935096825,-0.41276976601966553,1.0656800706972556,0.5015604124131691,-1.7608834243152445,2.469864994584711,2.621608199725233,1.2503225300042948,-1.2011906804670476,0.09609236198504745,-1.22989308979552,-2.1039148662577247,2.0256932699603825,-0.9454353649427909,-4.053916473037059,-0.05804432430071897,0.33084432060913094,1.5617807608545748,-0.7651742657066176,-1.0876824823406697,0.09174882502006532,-1.152167813535531,-1.62839122742388,0.3525347669712502,0.31101186035360506,0.08293780723769678,-0.3881193148143646,0.10974515600344573,1.3902214586479025,1.6317757257942478,-0.21848721086505984,-1.6699368041015972,-1.7895526121940946,-1.2066625350325815,-0.7522762454737355,0.8271322727587892,-3.828219981784433,-0.2650439730216695,-1.1085975243184412,0.48957006044619045,-0.12154112222221025,-1.0511646995020447,0.04575764987925465,-0.11098822242247441,-0.5111174181059878,-0.43633802255335813,-0.919080352047621,-1.2044596922275472,-1.8743453562791863,0.13944867561571672,-0.012259510837700882,1.2472031343948458,0.44458991968712835,0.6814951052707089,-1.7270962651063764,0.7078142187896047,-1.1668837208199099,-0.4899943485352781,-0.5249027011798717,0.2927318228722605,-0.22057156310587778,-0.6119900893678885,-1.4969538729392398,-1.4776485037597533,-1.6502778060212566,-0.15665819752472365,-0.09846381565788695,1.2859282789498412,1.1615665942824531,-0.92248445470627,-0.16451494238453157,0.27381808249187944,0.5508045924946658,-0.16299027060752175,0.5129883173182762,-0.8884753779313932,0.4559589852023759,-0.4486285639850886,0.3093959562347943,0.5074740721529848,0.4899660503282307,-0.7563890095230723,-0.13241981213374324,-0.4434647187984879,0.8067705022746965,-0.6088713037849085,-0.01624960863650371,-0.8308973721132114,0.21867324330157137,-0.14615062690923608,-1.0370969225071338,-1.1160815287238133,0.4511823613301318,1.384820403068959,0.5933178518480621,0.5561617506315893,0.37704254498745976,-0.22964241431293342,0.5143752711777915,0.2986926550792971,0.3482020836149107,1.2013935809684941,-0.11325175792743125,0.1435318532110399,0.11542693617379007,-0.2449962365282241,0.5700227896628971,-0.4264096643047383,0.027330877082409027,-0.3262517238602137,-0.08328117108494992,0.04249847710358057,0.4922561615626395,0.5422269363249904,-0.8861871989725321,0.5359906737178819,-0.23486122118101305,-0.19579592642550225,-0.08162634520159762,0.10824455930372989,0.31953764195617296,0.026742417090899195,0.08138360199014016,-0.1404519962410996,-0.783194760853438,0.5724446671792738,-0.25071382703840583,-0.3329521303936299,-0.5953640826143449,-0.5465831912934531,0.2627161385155247,-0.7605118845708214,0.25521207801640644,-0.09927439084943901,0.40532474022112475,0.6196934046832232,0.24754223440198753,0.17579223408523564,-0.5175508826935153,-0.25708485819092697,-0.6281452438398337,0.721572447625198,0.06184410579223221,-0.4636719390102382,0.17041393952032202,1.0324125849067598,-1.1341062408516154,1.081417791336831,0.2663336747395999,-0.7530403611061869,-0.49052870971017726,-1.7040515952617377,-0.64087082613187,8.881784197001252e-16
eIm_178,-7.933737492570128,-4.8908492923432725,0.3094906357627385,-0.17280952950891404,-1.6246154690734405,2.147069521373031,-0.5816163635391757,1.4390579850406209,1.1454036600349191,0.04938823864135933,-1.8572208865050492,0.33026381032358265,0.8904599793106155,0.8940706055712682,1.448724820901351,-0.6017147545801009,-1.1750150894996914,0.7693401225990539,1.3131214497363257,0.6256829641754734,-0.23542681917050096,-0.10251548878457939,1.467671924485341,0.13313508628976706,-1.0157288671683202,-0.24217038600067242,-1.0016341016977584,-1.6355183446931374,-0.0006845964169693852,0.7887370568569374,-0.5492964461354356,-2.185256087473282,-0.3629388829864726,0.6201027321014796,0.35155321514028154,0.6061160409243755,0.8254397530406203,1.1770071735034715,-1.5772434527584944,0.8725322539316037,-1.7656501062731775,0.27487866624849344,1.0961716732291809,1.9172982296512329,-0.5856646772907544,0.3895360031495102,1.670106661172767,-1.4760344177406817,-0.1671924183460557,0.1974746509828143,0.08072957777180159,2.645163902805441,0.7700524291177189,-2.444320447944632,1.3003927806954378,0.4766002471847215,-0.4876969677610754,2.155373902219409,-0.6838548074312389,0.9304417285207885,-0.8626515392399029,0.40486161643289653,1.6818014652206328,0.22653073345719354,1.0135819468213332,-0.9936548936334285,-0.8315480050152293,0.5579326918039194,0.5445654774826185,0.5350743557738589,0.06074231502408156,-0.05783914203157834,-1.6144674559395418,0.32078637326767256,-0.017620293182877722,-0.2965043469112738,-0.5939600713053745,1.3095079688745475,0.721347529914633,-0.14292310113180362,-0.3444957456078127,-0.8590292800331906,-0.2825312109837466,2.2283449756930085,1.4338945295753498,-0.7323901649617761,-1.2019599038898778,-0.3270053900110703,-0.8123282977431074,-0.39519990429654156,-0.799214149027843,1.78543452425265,-0.0015451394932459173,-0.8327015999939129,1.6288480861933574,-0.5156577206867329,-0.3945420264214141,0.755051850590887,2.325106810877527,1.9351509045440998,-0.12868935974007878,-0.3352377134868783,-0.7330304268511725,1.7180729145632951,-0.4629465584183431,-0.45206593381047955,-1.4194733268802098,-0.37053121944545053,-0.8430899953632984,1.2999106438466836,-1.1521082266400438,0.40537005900694467,0.6601538116477885,-0.3839787400661769,1.048476760395033,-0.2871526012979799,-1.8514683752095762,-0.7415922636295769,-1.8321305110688946,-1.290700710214155,0.37751340318194104,-1.1927035748191923,0.2566008197214807,-0.728996019005373,-0.6536509678790068,-0.08203605280092413,0.5157146571959423,-1.327530644431884,0.2223600981912035,0.29801679918476065,0.7784751398106127,1.6520273887636086,1.5503739557077947,-0.10807866932130321,-0.5889901184496772,-0.8533043119664756,1.483275714370284,-0.3568066918187202,1.1652621318852814,1.3464232042187283,0.5197360769583608,-0.06847235031891918,0.047142649941807446,-0.6376269634826174,-0.1643418027572661,-2.644818225217211,0.8599765245259237,-1.062386398961793,1.696481596617564,1.2020144277575822,-1.074748718940214,0.008404850737085301,1.1537532721704238,-0.21766321474482614,-2.4591444142988617,-0.5740246837507244,0.9895843689758141,-0.062346340576504566,0.007527105701676251,0.05104367611345029,0.6978385346439446,0.11110421612403742,0.2779867701075712,-0.21881764537162182,0.4840290403689178,0.33947560739088123,-0.10860819084119666,-0.14725946218153207,-0.01860624710493003,0.1071460875564314,0.09462126669576487,0.20354889391305192,0.07511233527509309,-0.05269796961294082,-0.1662786771201179,-0.002752950390892628,-0.0925241034413199,2.6645352591003757e-15
eIm_179,-6.976465971410381,-4.703389054467412,0.06796646551547811,0.7011256164390076,-1.862234067198205,2.0267198870178653,0.15156549459812907,1.2480461946126733,1.6706331625499238,-0.38586289343820057,0.255207105443296,-0.9705869843698214,-0.25413155172580404,1.3991933503047482,2.0049146886481695,0.7688747459407961,-0.40373865423180466,0.6859521598571197,2.18288899057575,-0.8302372511082439,0.34185101563811715,-1.2931909871742895,1.9722688641100006,-1.2694391707959831,0.38038679357661875,-0.09018585392883294,-0.1793645714605398,0.4185081248545137,0.270432859194453,-0.002963103151071289,-0.7672597855378398,-1.7576843086549998,-1.0062127123344498,0.6522687812782386,0.08995208472955218,0.8547420982837466,0.13012265103044474,0.45112285555359527,-1.7569527135483214,2.1634904401429216,-0.9414496589478135,-0.17671370292577704,-0.4940781869957412,-0.6946353955976933,1.3051012281666345,-0.38806013930665495,-0.04430744314304308,1.3792144969386642,0.5155857177426613,0.30142483886910754,0.9218872334982118,0.8937498482042853,1.7195346780688354,-1.4832592134714393,0.08375804409963461,0.7424675759520192,-1.135216594502248,1.210276672530989,-1.8462039942305006,1.250404841354354,-3.653894190941168,0.05169397609227788,-1.3552480531950493,0.4639456886635962,0.9757879220349763,0.9985615600802682,0.47373193156964416,-0.064645147073914,0.592332967892061,1.0687387512799436,-1.897163530557476,0.41774244073749656,-2.1043479810578134,1.174705654460601,1.2463510607737454,-2.436861031648096,0.41044381942152247,1.44103204039794,-0.9803352731437769,0.6244420078316263,0.7711239565470792,-1.3816810183718706,-0.45790855018045556,-0.42337266183597966,-0.3942729637392932,0.58452734919005,1.1636879934016946,-0.43532879419302617,-0.26094619916481865,1.5067512267007597,0.09946497625426765,-1.0290657063889506,-0.8944518879431234,-1.9472068045652609,-1.5304669320559838,0.0807345914790365,-1.182353997575224,1.1779876856496518,-1.5992934380824517,-0.6448460142389094,-0.08724960342050116,1.4019841069819334,0.9027583846077916,1.0508670769879191,0.7746410216166882,0.5159883161670903,1.149329406753148,0.2043774440861015,0.4883722453977948,1.4153009082253873,-0.10889340530895097,0.0350220720433716,0.45605133378446694,0.959637340512511,2.30905801779939,0.03153720312749364,-0.19949724762794435,-0.4240055869484882,-0.2278958629424841,-0.6076285776613357,0.24534265987537862,0.30144691625726683,0.49537521174698423,-0.6789805559555462,0.6992720526173242,1.3888381141209059,0.0799716883091266,0.2506768055512214,-1.5016578361149135,-0.4393478835094906,-3.827302648163811,-0.4198958589989725,0.09769349949074144,0.7061578512938471,-1.2717790200193084,-0.27724378888353063,-0.5901715742881904,-0.8156901659513491,-1.2864554205038419,0.5748831194236882,-2.4493907577624254,-0.8850274883797794,0.004200498863920488,0.9936475087357541,1.4553068745820565,0.008210298391707394,-0.19207539226135734,1.7978157549822074,1.64154760153688,-1.8065506015662829,0.778570882578129,-1.34344230578849,0.771941352768615,-0.32694875207844526,-0.02412707891217533,-0.07167783129093996,-0.4410949505432964,-0.4871802164030814,0.5324660490313304,-0.35559939810135166,0.1599812268280394,-0.10970066709490223,0.03894993757176955,0.11363683204077138,-0.0025382300789162926,-0.15683744399799632,0.1750656468096432,0.05776112522543192,-0.004470961579267685,0.025273480096537515,-0.00662243745021196,-0.06727766839749,-0.04158255902201691,-0.13544423141383577,0.0698987945685926,0.12058539238181465,0.08403686087828344,1.7763568394002505e-15
eIm_180,-7.612757601230761,-4.623230406957838,0.027791327123616788,0.4106274895465267,-1.4421093363265163,2.317315752007141,-0.0932896622604722,-0.1539119502177677,0.20335808115742138,0.1452154384536991,-0.08694237176053382,-0.5469604655825202,-0.11237259420405876,-0.44801987103752333,0.4848419788541093,-0.13439839299919898,-0.6813999225163551,0.0656581832422114,0.4963311257933284,-0.07723240637187337,0.4394077464994069,0.03599716323042568,0.06973072523775858,-1.009091765769655,1.2803003991101833,-0.6108419698358731,0.31336348659214425,0.5067493572605918,0.6780274971830282,-0.8012856054389073,-0.525770707703212,-1.0685208557743,-0.2573425570515817,0.5807605198697257,0.5790537715202402,-0.22112630971253622,-0.07016977291809401,-1.1950494536204732,-0.40484171011828257,0.27954802762654674,-1.8955208959178182,-0.6508898323683265,0.2633037568295967,-0.3589019526837586,1.4403767583229057,-0.6830733068793772,-0.098691468790095,-0.06720231338024107,2.294850487880691,1.3012224135718276,-0.17938530574867934,-0.5633746600583285,0.5649012046300819,1.2655929457460269,-1.8331918790555308,0.9992482250709596,1.2255290273295274,-0.1877799457749928,0.5807779839529628,1.6193001231095303,-0.7545275716836911,0.10801972453781394,0.7335051492683029,1.1684010707043841,1.8227964818070097,0.4463452010453855,-1.483395482018727,-2.603546196900904,0.3131559842465297,-1.2697471336837165,-0.2991031828387589,-0.7874366812538431,-1.4468759746027082,-0.7229175920011937,-0.9405724405076141,0.04737747864365849,0.5010605027687351,-1.3724159108914697,0.7325235964179202,0.6200934858728425,0.5435379710536882,1.6021211774248547,2.054511720583552,0.11897213669898521,-1.3776708115783523,-2.1018892136461833,-0.08319874813771999,0.3921095298759535,-0.46770352612135413,-0.7697538947992458,-0.04627669151981481,-1.2448106169780693,0.47314003107151925,1.5574573765185507,-0.682726540736204,0.8993591843542255,1.1810812029381328,1.7461916018321113,-0.8180969633414497,0.13177214898984546,-0.2055886799185258,0.9777126312892575,1.2574039424091428,0.8770292880180142,-0.007616795713235813,-0.986641906013944,-0.21453506239667955,-2.029218440863781,0.08849324871887687,-0.059318828768285814,0.23370194662960275,-2.5170578351135138,0.07641120960633005,1.7167496227611105,1.2477874085956229,0.8088658078453788,-0.3946967367703607,0.4692230697526325,0.2680229393003421,-0.6291796965354266,-0.9618770237897077,2.0202944848903064,-0.665588943372768,-0.12413526990223533,-0.29457352307614104,-1.3933757030385823,-0.8503647747164549,0.691356510916788,1.050740100126544,-0.04061218026085278,0.3553914266202932,0.509840438959275,0.3338714279100812,2.041139405942009,-0.8665906559872955,-1.1253560577584925,-1.5980177017782666,-1.0684908867873082,-0.07876557539146872,-0.9019960313394484,1.820133102422009,-1.1546658458732493,-0.39965427556094385,2.398497720570057,0.19098843387798045,1.934319335471043,2.032149960954632,-1.695679441570848,0.7408267339047625,0.3283142808615327,-0.7244854730946442,1.2104515438774213,-1.2118481757198765,-1.1081532360194095,-1.0688742021955253,-0.8230838104089306,-0.12307936299089439,0.06732607771150412,0.6470821969111491,-0.5450091844225516,-0.04211695581712327,0.3199092408681462,-0.02573523422092705,-0.12347018362617154,0.02132618966100419,0.2203464719483843,0.05155849919303124,-0.06150565003595021,0.13797841512370795,-0.06519427753278828,-0.031351657095912255,0.048011129969689426,-0.026222408639499983,0.13849916172309573,-0.013789155214700033,0.044325906816993,-0.07901316215529286,3.1086244689504383e-15
eIm_181,-6.9983859520677,-4.2972993588223725,-0.4021936401098012,0.9734951534903438,-1.1855769963762697,1.833574193919927,-0.28334320577606864,0.7635380615110239,1.1230877301745328,-0.884683180869816,0.8145500705912655,-1.482106208238328,0.04127569480698656,0.7784556521034287,1.1983985202681826,-0.47567583692841175,0.2809412189409705,-0.056885237464916694,0.4307375664047649,0.20423827759428761,0.7103611498732647,1.065344913107785,0.22556097080484117,-0.5510080439941727,1.0694018957324685,0.3396811373463806,-1.2609422324507915,-0.19112457874100133,-0.20576021834502078,0.09398407277120291,-0.8071704372756451,0.03284853699263657,-0.5742654195784782,1.1712782939298614,0.6761790317917797,-0.24963178886139703,0.2707289925697811,-0.2860834743766198,0.9750218306061604,-0.9027514280236792,-1.6708787258410054,1.5354506435992439,0.6686212105858205,0.7131989350383728,0.2371897049049974,0.7887779966079237,-1.9392811682690094,0.8107536488555549,2.1929958452179803,0.23891077023688234,0.23734387142786423,0.942331959631388,1.6306876470614715,1.2030485945375902,-0.7976316452965362,0.4894764236266893,1.683596459776643,-0.06509819376649162,-0.7050835855820499,1.0926156691444044,0.6074678792817645,-1.7626398924148856,1.152706551111912,1.6439275277294585,2.3665334223026346,-0.6247342027639294,0.5936485419169981,1.0424888682980316,0.9998305897309281,-2.863466060438279,-0.18728565720585766,-0.011190205605228883,0.8936158412093016,-1.028295833401165,0.36270985156959357,1.4288485672874622,2.2812341018894697,-0.8980723423075887,0.8216320296827306,-3.098186660198863,0.26089729168552633,1.3238532269639731,0.9619888593449031,-1.3646116343796664,-0.22287456555145368,-0.11233997718441183,0.306147263607854,0.3995598383915506,-1.0551853168066732,-0.12774930165357912,0.9942054354696633,1.398732779223565,0.9110707378988955,0.13897362921904605,-0.012802328301968258,0.7728773923379586,0.6779552390612962,2.9167309156807146,-0.8038463064263763,-0.6402332742169057,0.580183637491268,0.36064284877738617,0.03946951931964243,1.2817785150171308,-1.5639777440058724,-0.3383288337423589,0.3315511784836658,-0.8096232502664055,-0.7459784443479052,1.7783811886898366,-0.13245630439485612,0.10181849123026487,-1.4712477303236124,1.3999910819487547,1.5921929773002859,1.4773486519645687,0.9722454480327731,1.1798149289870343,1.1173056516626372,-0.8798428558200648,-1.9960280724520842,-2.2827447852868525,-0.12393209258804827,0.9022404199998134,-1.2551934593770409,2.7679675153132424,0.2639556323660226,-0.675804474491471,-0.9918812256535969,0.7566222816780874,0.9380582869762759,-0.7857220665834976,-0.8049906422081337,-1.7542091232166659,-0.052350685387725915,1.2499111551662805,1.0008516390276918,-0.04378708827327399,-1.4906413524684379,-1.1879281422031611,1.1568633502703587,1.0171958578584532,-0.04514372090815988,-0.8044491172779275,-0.3376213751967718,-0.8812605995742804,-0.45964442573434217,2.3134241702688887,-0.30875198065038706,1.2981989576834663,0.27690640467014305,-0.857541269883443,-0.6349580833930311,-1.2169635040585933,-0.3736013269515018,0.32675697895834976,-0.2529129552239744,0.3638654426729182,-0.3912732183063561,0.27999502709091884,0.20942547452624694,0.06552067954465768,-0.3660055475848006,0.18811800528032688,0.1217541072205841,-0.10256428535834189,-0.04408459894080696,0.16493797684327427,0.05994185725047471,-0.13993165249037376,0.13845416802640087,-0.10275962328118116,-0.04776982015672071,0.15859429930382096,-0.004501468924943519,0.18268300796425208,0.03586021126140859,1.7763568394002505e-15
eIm_182,-6.594839193028591,-4.37093885108044,-1.1041181740544959,0.47629305425250745,-2.3070710799524177,2.839111475257458,-0.03136987063103491,1.4028426964788012,0.8062183220721401,1.2069743447567673,-4.771500134462157,0.5590875481115352,-0.9736263607435393,1.4699846087921236,0.17019360500722225,1.5219073770438096,0.7590463136152189,0.2995292249155823,3.323916403966806,-0.5937568540461767,-2.5943216122915547,-0.6507931937540444,1.0606017591786259,-0.6400561536580747,2.6985567356966627,-1.7148336389894727,-0.34248994150957446,0.756400927415886,-1.0687788442348145,1.9787048607136635,0.4930438896323991,2.5639316466273034,-1.3544679778759114,-0.03619544864094687,-1.997550059167191,3.2037492996495214,-3.5021988113564255,-1.1797581691550458,0.30053204424208224,-2.4899055327559543,1.6247729719354922,0.06940565027711432,-1.9214051502959528,0.022048699983100994,-1.6218620073093222,0.5599467031504632,1.2818216487395375,1.0836561564546496,-0.7896747142910543,-0.10611365148072083,-1.000893535231853,-0.6787315172748913,-0.07755138630112224,1.7376420430016906,0.27454445974343367,-0.5897272935438713,1.6711425198247785,0.20284819381091446,0.4010713596723925,-2.2535118861168177,-0.6619599671137605,-0.4438945938084654,-1.039963549555246,-0.6840885220696342,-1.0926737082990283,-0.46343622568019704,-0.14199648306881973,-0.17201076342586585,1.6211734745715287,0.5746967807422045,-0.041953502642981366,0.6504021659741782,0.3812139649906551,-0.8348174051461235,0.7505569868441933,0.3379369297722822,0.33986736099596804,0.9349059528928338,0.20180484017907785,0.023671126485189098,0.6341842749501293,0.08599625445817655,0.23882147781905788,0.45647834941565135,-1.0649895386938715,-0.6093719518853344,-0.20295848671881317,0.014470799275780877,-0.1973921966994303,0.4812107069806756,0.17351152157582014,-0.33451101920242354,-0.43752156702437717,-0.08813311391297118,0.5407639698209786,0.21647531845746837,-0.13444828717642965,0.31061156378751736,0.012940410388160073,0.8142753256638604,-0.901649268626878,-0.27187353703310535,0.8540246575339432,-0.013720023915653135,-0.2878589450810508,-0.7946637537671204,-0.17743676464856575,0.2084349468047287,-0.35771811166883916,0.05309956829119028,-0.026765002092580592,0.11466729836416323,0.37652297902789333,-0.8146750576900591,-0.43886600925253905,-0.36685973810805295,-0.056524064747013936,0.22589539199607467,0.39859270993576845,-0.41590379067207245,0.1758093959560344,-0.07354581251097247,0.3875517951558598,0.14859333694632615,-0.5000417693491477,0.10305079387646121,-0.29077040369697404,0.6009874123355573,0.07384154633367412,-0.2500072528877295,-0.40315700578135494,-0.4744180424319765,-0.16257611228501376,-0.03863010034865243,0.1546790239593011,-0.08368626360515541,0.48657280427687166,0.39486213983160867,-0.600678281592256,-0.29227281855040754,0.046989850092019614,0.0008577592234264575,-0.4267276983441798,-0.2149139381476891,-0.04572565189618186,-0.020320264651032427,0.09840751951127968,-0.07637957262039119,-0.01795211174762329,0.042576155292305407,-0.28159349702509245,0.3926815496611944,0.05107097962350604,0.1097844186250694,-0.6947108037198605,0.026472602853226945,-0.41494539164931643,0.41242723980085905,-0.1875874495327291,-0.6236405488818898,-0.46716047403529015,-0.2939722125060806,1.031365431912959,0.022895424642023016,1.5106883052501603,-0.7944550412109357,-0.21444878658637312,2.1701986304018335,-0.36417996527935265,-1.0172824928169046,-1.3007425207915946,0.935224037687173,0.17998892228527086,-0.2017332380081085,1.5074960344211772,-0.4036348789523253,-0.691780333241056,3.9968028886505635e-15
eIm_183,-6.965719341026453,-4.665976941104945,-0.8816530933666422,0.4138006095667661,-2.217596955175492,2.620567019266777,-0.17250753960476384,1.140351829952302,1.1461381331187277,1.3605268223843185,-4.751546936994568,0.9212512982897496,-0.7707653402179043,1.7034426808813108,0.3485518188835911,1.112363892377592,1.076732620364923,-0.0032590300683734696,3.2975934486186094,-0.18609091514349216,-2.0217131629592946,-0.5502212523190338,1.1693179614040714,-0.6115915813410321,2.1952458532790864,-1.4579557723310737,-0.0753454435205484,0.5197759855137294,-0.9308495295622076,2.3189455487604507,0.46424284392579973,2.8661312051621612,-0.9642785214892673,-0.12453318481387038,-1.911029865140113,3.451933243628625,-3.577986130216285,-0.6197116794022111,0.32593841094765397,-2.7277923265405013,1.3028742061533178,0.23025473682012287,-1.2983644481840895,-0.14636401465955584,-1.6804341309310011,0.6008964809803845,1.5931164989630817,1.1703842224414949,-0.46196218658749844,0.16161886134978054,-1.09527157210381,-0.38025735577424813,-0.3278363695591118,1.4308098328205527,0.3284279835512194,-0.26678783192931066,1.4003987077421183,0.44719321316602656,-0.014686244690732209,-2.393285435027831,-0.9544038058949619,-0.17839813875354604,-0.5681412921429363,-1.0018642134845108,-1.0277338057124576,-0.47481090926624925,-0.0011416293127460841,-0.16506546268917788,1.4183682867929839,0.40955550333961643,-0.01884590961735455,0.24427420387650256,0.1055241084555471,-0.9254472519681696,0.8222512013520866,0.7550754378041703,0.11095872564373688,0.6737769648871097,0.4524498885991546,0.15692511023309225,0.9616979081303484,-0.30775342021446345,0.3667408794489853,0.6299511871248631,-0.9193939412083516,-0.6102687670082094,0.2592377249712686,-0.22365769334264485,0.11251736727769313,0.4486980917180703,-0.3931302777181057,-0.07469616270225765,-0.524565474397223,-0.7692505985410663,0.3790703170742663,0.21240086007994652,0.1311973185045412,0.2897096734831076,-0.01873618183057868,0.4803715304442413,-0.8260652957417949,-0.24505765343287356,0.7343898595562363,-0.13858041748807348,0.002243286544780454,-0.4477350099524503,-0.4145997186434729,-0.2741353354185587,-0.442965794868726,0.39717349572591854,-0.4942314512388176,-0.06746805437525705,0.07760852938649415,-0.36679177853258277,0.03449434272219054,-0.10635921252843028,-0.32131157230849156,0.1380673137484525,0.301083509087121,0.23585582456585644,-0.012447739266601032,-0.06235809403998216,-0.0644359505453278,0.3572455443514941,-0.0013554176871461987,-0.1521472653002615,0.1884260773630635,0.3748285513745303,-0.0699643031039281,-0.4289823188119566,-0.6437413142993078,-0.10733730310571421,-0.07348425456574206,-0.03802438306155341,0.06040880685105188,0.33911446197617034,0.4461745524848001,0.01787874590702876,0.20992129411388644,0.35917475560081624,0.20268006213580914,-0.07783750195223693,-0.30627012677266174,-0.27234181916316047,-0.27512768070859017,-0.006273619239052564,0.2659429960985409,-0.3184570307956838,-0.46040428165515623,-0.1883819101503652,-0.11552188559771986,0.03231890814406002,-0.13631587438566872,-0.3700065699761341,-0.06947572364068352,0.041382455678964924,0.3068304314047632,-0.10998314448370827,0.3235391683511546,0.0963346302124366,-0.07538595281909322,0.5154426697628729,-1.0660911043876666,0.2344521860400565,-0.8765847023830333,-0.23013944048340612,-0.42623763611880783,-0.6011716509749883,0.5525685670845641,0.15345845119998258,0.4309758687041789,0.15631248252793545,-0.24333526693108376,1.0624280181097556,-0.8669958789176423,-0.8875297826363098,2.422557684928597,2.6645352591003757e-15
eIm_184,-6.985346246837437,-1.7486054643967452,0.04288798993455631,1.60444236597393,0.1223318085777283,3.59238540053829,-1.0041628876730146,-0.7901238397717003,1.9099512208667826,1.5895085194817353,-1.3392943226037808,-1.7013208195720886,1.387942425745913,-1.3601098684218442,1.186433556254126,-0.5099561648437276,0.5051281136087348,2.363947156619555,-0.687548419086857,-2.8052007093724463,-2.5440018302571232,0.7834551939552513,-0.1335616644002422,-0.21970016258823089,-2.185166919327314,-1.4361423889178992,-0.5502599026286996,-0.08220791064243951,-0.8175580848547314,-2.094992752504023,-1.4868256282892724,-2.8060587675256823,-0.33902325293243396,-1.8445987625674924,0.8765196791963581,-1.0536667451258215,0.690107058296638,2.056163858357873,1.2359103028280642,0.5196541678091705,-1.8890569004243514,-1.4068565243608815,-1.57899975240195,-0.692923466340397,-0.39237626975133777,-0.5916857719472716,-2.017528301296111,0.245291443809188,0.10144113422436368,-0.6050040532917188,-0.15715474496924986,-0.3308338477552413,-0.8054936227640059,-1.4118791711742213,-0.3665478183096729,-2.0900885766678403,2.130212010161864,-2.3568701837130006,0.20074781871074787,-0.7876682896263573,2.046756843330052,-1.2744150338441083,2.0868929590446226,-1.498367848170206,1.555132204087585,-0.27950319684615665,-2.540628447386583,1.340549419300388,0.8758497069586062,-0.5227065100013026,-0.21915815469059718,1.1921222975177925,0.026355364264995712,-0.9790364099404174,0.5579023747146202,0.9972702426920602,0.6006662841885844,1.4798980284054615,-2.569365505529618,-0.19042541324114537,0.6528815215491642,0.4533077653705093,-0.5561678788257249,0.24677881099693266,-1.929072391095072,0.8733465332262605,-1.6743702894550003,0.15691518893058065,-0.8409904062240359,-0.3802957593323798,0.787615339710252,0.5383051292572946,-0.5465334062661256,0.23882673976388624,-0.40977594984920285,-1.498486398565036,-0.21401307959029625,-2.09189430290926,0.8875373041600758,-0.39721616886919353,-0.967696960549459,0.23718921001558663,0.8008664408598383,0.2606669223901308,-0.28848312919550223,-0.7470936626053927,0.6768836528014008,0.20944293429093905,0.2799641150467308,-1.0270502470902523,-0.6719177324254487,-1.0308442229682597,-0.38738155949190156,-0.562497450510367,-0.2433586154514411,0.37791668657920297,0.6877311785416462,-0.34120064245772164,0.5094130100429544,0.08453113735316314,0.7831687806310378,0.2757789949103957,-0.09933417077652251,-0.4436092599507744,0.11053722235767371,0.40217485642947914,-0.02867321233823117,-0.08442861739018614,-0.272335731060273,0.329536401615361,-0.4473551591932776,-0.4012465624368397,0.04348789559749733,0.48801324023840037,-0.31973565485255506,-0.268000987252184,0.2005435493295935,0.03650272563061374,0.3490008244967017,0.3924649754383431,0.6551462890202011,0.025805653873699264,-0.46048498162011886,0.18989823301534214,-0.0701529108149315,-0.09174569669609228,0.6793080679288631,0.3553551304199457,-0.19621073972734684,-0.3568588228472318,-0.14516011679466878,0.445923286723938,-0.14413296355880134,-0.1266632904096996,0.024562614207130656,0.05329523446299933,-0.5125560892082301,-0.05372670845997285,-0.24527387237690812,-0.26602381786570295,0.4021493767018891,-1.0979743451298627,-0.48646165817335096,0.34243841821155907,1.1976508830858221,-0.8209605328859759,-0.9190593470175472,0.46465031126386974,0.06598901758145115,0.8644340233223036,-0.1999304980667591,-1.0427319410119982,-0.04122003947843811,-2.0731807439927943,-0.7374439957858275,0.0003307850262551648,0.6236182572599142,1.7763568394002505e-15
eIm_185,-7.814249702482453,-5.441333668534187,1.2580291516915973,0.7519674286854992,-2.3989634725261135,3.992626170942901,1.161977297587265,-2.0469547672778017,0.8696232291011855,3.4203814921387736,-2.801811117049282,1.7398115798152203,2.828562263505987,0.6695712215302647,-3.652950345663007,-1.1494506705058793,-2.7880394141403473,-0.10436618175614587,-0.9676887067471007,1.8366508547733145,1.4305743840763234,-0.4134189899620354,-0.5434848195944071,0.8003495997833103,0.7061472870964318,-0.7682992907850588,1.6560749701918631,0.21035938434955023,0.000428895174346855,0.29499610045643254,-1.0835630407742336,0.2641889834784943,-0.010220099269857563,0.21951659501096893,0.9076902001888434,-0.7594123013646525,0.5984868544756774,-1.0371005004941116,-1.1055918377444045,-1.7276613057751058,0.046363701179353435,-0.541898403994727,0.9639478110794466,0.4492882262677257,1.2234213448891085,0.09484004862047739,-0.49193142517335847,-0.19639211180442584,0.9920487282449476,-0.4887825121865893,1.3178200570564484,0.1753891725060381,-0.845384087295513,-0.0507105671141722,0.16005455716913053,-0.7045521516636684,-0.7996749309540503,-1.99406931243206,-0.9790297864538844,0.30711974995636365,-0.8240507394508992,-1.1694888310219254,-0.16414077211558298,0.1784564689749415,0.5819735978686983,-1.5579975762257812,0.3855090725435049,0.014681651024298081,0.9486597711790485,-0.6965374411800653,-0.4971320869985887,0.5791885322040088,-0.7814787164811663,1.4470842502370183,-0.8145481558026734,0.3020761853380627,-0.23002892323766183,1.061169483323839,-0.2307165826315552,-0.46721205225068885,-0.8334508048133831,-0.799596673016228,0.1537003635859014,-0.17256620073461426,-0.18750955256905977,-0.151503249238235,-0.7519288092838514,1.2396005464757078,0.23471766040219594,0.8602830017830687,-0.6277778133218412,-0.03674562103507251,0.02445476124948759,0.35024197064541296,-0.38351746154971944,0.9223994227244015,0.8347645894475442,-0.8295134472156092,-0.828195746657526,0.8360014227452353,0.5062441651443792,0.04666887469071221,-0.6731471901689765,0.5359407363451905,0.2093809755970505,-0.16010913412113167,-0.5281999268838801,0.5813140758013653,-0.18221771714400042,-0.46261891490141593,0.20382674802743284,0.5303439858297658,0.7174382992336142,0.4287072757163632,-1.0807019459103202,0.3380593848486593,0.14198490391202784,0.953551048986105,-0.6521442772900475,0.28192078059113085,-0.20477861221404614,0.33258912628075255,-0.4749547246860777,0.8473382250026987,0.5960701185384129,-0.3643827262352105,-0.044255045131764925,0.28425099169043966,0.39188289797198184,0.4710730415781338,-0.7929718854292545,-0.9659652459685785,0.9141306207889904,0.1323100153792479,-0.003552364998442914,-0.20309256118707597,-0.8163203274625465,0.46971102015086597,-0.18896190175876498,-1.3176584379844356,0.44378095285874664,-0.7677952631800825,0.9376534911696218,-0.3059663943983858,0.09985472516560409,0.10241132093134275,1.3969041128959323,0.2991388882992848,0.19827559374039494,-0.006615006366767817,-1.640838534644089,-0.5030640571166576,1.9297535241807287,1.1087810641792177,-1.260933072792279,2.7218179881454603,-2.248044406883803,-0.3526892378661306,-3.0361790753105007,0.40675285474201095,-0.6670625942692425,-0.14709402416121053,-0.17776648243149615,0.18435160414126825,-1.1506051859999575,0.2839737401951946,-0.12149930938636078,-0.14533813670116014,0.2488075730950265,-0.03342520141089378,0.15738812463389418,0.08021869407095045,0.04688186601643407,-0.13858460776219794,0.15579462867296667,-0.13391294442068125,-0.04808455163152059,8.881784197001252e-16
eIm_186,-6.330613739824447,-0.9845921235854699,-1.2901428306851388,0.3514609643235804,-0.627819257304294,3.751149624903003,-0.4054874282279829,-0.1703529918399136,1.4512367481525166,0.6967141786261424,-0.1460000273652961,-0.9403652280882542,0.40870370654509336,-1.081815141274232,0.7548905107083008,1.6803540207743715,1.7743830715120084,0.8194440020296911,-1.2884863274982665,-4.788069452661221,-1.0352223029931062,1.3481877103134354,-0.5157449059740011,-0.7949347172507146,-1.7376414224485732,-0.1271158285193159,0.874230798812767,0.637943002153498,-0.25065690665188856,0.08076641206608293,-0.020041192768161964,-0.7102277544840236,0.30326495166497436,0.28962754582365685,-1.842521947460662,-2.080675487370142,-0.21276939343640072,2.053374056462073,1.8212872292471471,-1.0015888176358287,-0.6285073972006647,-1.1307111149109117,-1.7275679465584777,-1.475140382708191,-0.7085578446403179,2.4210424526051764,-0.06502293492201378,1.1395882770770154,-0.9811880811658087,0.48910351692908405,1.9458126970730165,0.889749750530627,-0.9000430568166369,0.7618008735762772,1.767979140831801,1.6531377538181415,-2.4973861627024045,-2.472248472988384,2.978614597197605,0.2139419705671503,0.32717419136218606,0.32961059168714657,-0.459659503476076,0.056822696321503496,-1.46363207490498,-2.0960948617907897,2.0051804711507466,-1.082671737794786,-1.233171796995051,-1.324114872566088,-0.8637050831986053,0.35592477294016156,-0.08451932711950094,-0.6612751640922521,-0.12083293815729274,-0.761280821297541,-0.90877126372315,-0.1220593161929413,2.001428744678958,1.7091244850871996,2.114581909143598,0.10859216002992,-0.9593473322544184,0.02835107157472816,-0.6472078124253391,0.619082775212529,-0.18719282709507445,0.3069730868759015,-0.29149246461582223,-1.3139588447699877,-0.3530610323988622,-0.09892493111654488,0.7643531368657558,-0.8587320866267574,0.005163808955519933,0.6881261428000351,0.2869234639762636,0.19511314653237533,-0.12769828301636799,-0.16565564700292712,1.0972997192591327,0.08197385525493311,-1.4684161899117016,-0.20127197560657578,-1.1850472335236213,-0.5601627438620085,-0.5007000817073654,-0.689525594544433,0.20542789907150472,0.2408994608543893,0.2797520551501472,0.2665233312013715,-0.2832529480258279,0.10798619984686868,0.939589422286526,-0.21514117605690797,-0.3246977347706325,0.9927823924327885,0.32598127439895586,-0.43154443345567844,0.2743977444306709,0.5962858325327187,0.5403831828492851,0.34887517991807415,0.04193874091781469,0.6632295231652652,0.4201468447867114,-0.39710868515345815,0.0024488783385958612,0.8612927589614257,-0.4413313921191149,0.8890225579836624,0.495382138871738,-0.07553137940285175,-0.03321318498474135,-0.09837618568191675,-0.15135013966376404,-0.633649526946376,-0.44483967835503063,0.1254575947777402,0.07292024205892678,-0.016676243130785307,0.0023692223565044968,0.789046989245282,0.1820364518227839,0.018739469730874314,-0.1208403688005455,-0.9688861954496031,-0.7160542574797724,-0.33658453589307546,-0.15914020577192495,-0.12596413939656004,0.5414008564724078,0.9729575882815803,0.5547823677577325,-0.23860856175138384,-0.07095995415703982,1.977319731296393,-0.2447297947970941,0.4584106862674977,3.157704851723582,-0.4987764596952683,0.3627929156475406,2.228184751868623,-0.8024975988069338,-0.016068074808734734,-0.059702167964306496,0.2295983974602813,0.03188107154358816,-0.2268904237928121,-0.20972092427223754,0.05423688669350851,0.19959720479442145,0.3145786983201895,0.12359960893008093,0.1068244009127588,-0.05874852003603581,1.7763568394002505e-15
eIm_187,-0.8402493463941951,9.672593756298125,-0.8361548392428613,1.2215892926741487,7.618407757274941,2.1090224108559594,1.467939316430161,0.691543035345032,7.298949260018815,-0.6750143496698368,0.2432977027576623,-1.4810257939526303,1.1279198914603132,0.2090912815466437,1.3175660725582798,-2.1649524601215644,1.2843907022555523,-1.4635433253061332,3.6154931956667493,0.5447472156342436,0.2340742432063529,-0.38258570933517355,-1.2957166089595546,-0.44375098476496405,1.2640731942614376,1.122145847418747,0.24555124407442466,0.01617040430161501,0.5115256170917296,1.7476932976692514,0.056926261531720534,0.13993426645245965,-1.0827918032272037,0.9823681514658944,1.4277823871957533,-0.9830082670409588,-1.1561702739616921,-0.9969010283732056,0.5298128747144799,1.2140750844718737,0.44279930222544317,0.2301839706891553,0.30567015441441464,-0.5955519179057981,1.7149179495883762,-1.9465941806011453,-1.0678708605460212,-0.006297846156316789,0.15270145797834533,-0.07797419731092847,-0.28541814237362,-0.6432498227441441,0.1397168327301444,-0.6600115685071023,2.3886653167899183,0.8393844823154948,1.1434071608099994,0.005370849062715122,2.0793844494534373,-0.4027307319750641,0.5076496756330044,-0.09308601356962198,0.7318401070225755,-0.08248804556732048,-0.8238996290444986,-0.534155395659688,-0.31835979308954765,0.6034048681087139,-1.2081731674924057,0.23494798892208563,-0.3966837695315484,-0.15187274884190866,-0.38706845381016874,0.1869297925212825,-0.5565990004161783,0.7167670157916098,-0.40425564947927556,-0.2951676468609914,0.5737255849276615,-0.5019481798137851,-0.971345234833059,0.12910555870675028,0.22305309258428546,0.08584073112079005,-0.17413458821574124,-0.7466986844172332,-1.876162364836848,1.1920378355850842,-0.5073518433989969,1.557431463196615,1.3004759861961384,-0.5132687384855364,0.5366026367186706,0.8784711391953792,0.25915173277149667,0.3455111009179823,-0.9100197797134462,0.34494647576053755,0.2989651520253682,0.6818376337295593,-1.4150829139885543,-0.27737586988558743,-0.19241864751317236,0.270280960200859,0.20380356550137602,0.8434732339407258,-0.8115253647960274,-0.10537549185270956,-0.3016098442989896,1.1188528539308487,-0.6277630963441432,0.5426216674331554,-0.11292988079106472,-0.002382222647396362,1.4085460448529492,0.08224509195268681,0.7977539201185315,0.6976283549300488,-0.17976001447847234,-0.3177039004756505,-0.26405618739643744,2.006744189129992,-0.22064799970355797,-0.2803744421026194,0.5323478546138595,-0.42675047421356915,0.7835565838967515,1.032486136524915,-0.5582999110441607,-0.3172785783508987,0.5527521530592565,-0.687618407791998,-0.5025783697639793,-0.47413746110260474,-0.26077574430461536,0.09130576513559796,-1.7108373777396904,-0.20015394773282597,-0.2360551479730097,1.9113331057781222,-1.0443172975831037,-0.3962760147738503,0.035995882356235576,0.8146022903562301,0.607191813485353,-1.4107355170623799,0.4440127485265214,0.6308827645092853,-1.296724349329937,1.5367710489210935,-3.1036738484119017,0.0884887249906916,1.3876511796587214,-0.7299367267837035,2.5084601866243705,-1.867259879370266,0.08572038947063687,-0.32273124265087283,-0.9932741407941525,0.4343664445471743,-0.38023280515322644,-0.18896863535211728,-0.07450631501181552,-0.21233465814464544,0.06665913915030308,0.02065051490477937,-0.0004849392027763688,0.2784668756170231,-0.18767973684181857,-0.2930587420960178,0.03717120684912145,-0.12124363422720247,0.005703301824457441,0.18216210078801875,0.021166057263418248,0.07225819130879962,0.06756575770721274,2.6645352591003757e-15
eIm_190,-6.946593985358838,-3.8256110481548533,-0.6064169171439651,0.9197385872883439,-2.8408398927272134,3.5525169214352257,-0.4751006365739191,0.7079430152875756,-0.5132350764713342,-6.218855478368167,4.732103832498368,0.7722215674449171,-3.3113205651161883,-2.1254463325561956,1.1691969063746488,-1.687298163590624,-1.4448870904516418,-1.4805612129094081,0.4730855489488355,2.2451161283129593,0.9672803181426493,0.8849528262344284,-1.0681823414046823,-2.8585514936100673,0.6797305999508929,0.0914526959458275,1.2567815800008746,0.5405622250320367,-0.7209454932487246,-1.1520826766844723,-0.8647699201575061,2.5933195399920135,-0.9570166981627521,0.1956950363631595,0.00674828346090478,-0.3939028200725969,1.133258434673183,1.4272116748630153,-0.17200581956575856,-0.9945314270585349,0.5905632749972725,-0.14783321099297098,-0.015426546406125341,1.0723743220321915,-0.5624787424533216,-0.17171638682941137,0.6604556772849481,0.8988813227632318,0.46670742213033223,-0.3745182548453686,-0.16182127928252094,-0.7458033881784131,-0.7539698756497355,-1.0943995881781825,0.35173153539913193,-0.16161589344099148,0.6075057701020353,-0.29351436969793643,0.4706995239298084,0.4498349403517807,0.7379651501704234,-0.3057539911334404,0.5617239020249549,-0.010977357680622246,0.008945998101329788,-1.1593424619128303,0.8057096447756873,0.5684181236420791,0.3043022789252763,0.20869675085107245,-0.2006875279184499,0.27357444118125873,0.06176514895850338,-0.7621187794034916,0.7628236879217436,-0.2596795086018906,-0.32974222210587417,0.49122235068968695,0.3639770385883751,-1.4259732784355208,-0.494567564507284,0.10074465299663526,-0.6745095072268543,0.16980105951176117,-0.12805783924609138,-0.6036957340916068,-0.8327550690563676,0.6734288847085973,0.9128756380429992,-0.7897135016551657,1.1218340285530182,-0.9731835825406455,0.19522607886215781,0.8065820047052339,-0.319588915694764,-0.6948956761674856,-0.7034103705138264,-0.967621969181951,-1.2767269627915578,0.4775401484699364,0.1329850275015989,-0.13468753094233749,-0.010213452673045936,-0.6832762205554963,-0.4247418822570541,0.9332982354746997,0.513411058146604,-0.027199596298799866,0.09483534668454996,1.3243442840201471,0.5712748187121283,0.12228303630294168,0.8194595433249977,-0.5461273771980245,-0.8297496291966721,0.2772998973249443,-0.901327750291977,-0.32660642931981454,-0.04819778650765938,-0.7705693286476787,0.20845701625129542,-0.0018995636696677032,0.13866599204281793,0.0074922209721646205,0.8767304325913777,0.6336772565420097,0.45492371980327273,-0.5370264865342306,0.14365827569254241,-0.23638653286779054,0.25256277126405213,0.22447761169882507,-0.07139001972200451,-0.09623395362314217,0.6659039122349919,-0.462160750422431,0.13759680472195246,0.17678150149053523,-0.5108518515114708,-0.0843828904014301,0.029306473633452068,-0.6014614674287054,0.46324655005330295,0.10697051197065832,-0.15343731711837258,0.7601990909743085,0.23263145886738035,-0.11116750130522368,-0.15500013004925262,-0.4603311904678409,0.34660324286533706,0.2751895364840664,0.16228133258555943,-0.5996806132705964,-0.1674111597059175,-0.362852433065756,-0.9367151258085644,0.028829469299534116,-0.11103184793130527,0.41951669335353503,-0.08991997369405502,-0.92002395798811,1.222037226837287,0.4975606138525148,1.3923403226165534,-0.3931237237621167,-0.013626589518721755,-2.3903189756407084,-1.4984194761071021,-1.6914284116809224,0.6142602024601551,0.4772153601545372,0.13528460422245359,-0.24961968915801225,-0.3868113951842461,-0.8872138204156976,0.0941410816112001,8.881784197001252e-16
eIm_191,-7.005654336529318,-3.6377367165885066,-0.7288112643851254,0.7383741609663872,-2.7315615932733706,3.827567209298709,0.1098579996044749,0.8911849685224185,-0.613830170313639,-6.3876026141386655,4.737948073672649,0.7230274021208332,-3.2075590638350477,-2.218501858194311,0.70701235026202,-1.92483733803858,-1.6893599464629665,-1.3251862339350893,0.7155389702137398,2.066662155143816,1.0838715070584064,0.8536931966003831,-1.1074577245805395,-2.895789372222112,0.6423968598314505,0.14062137603209157,0.6150617738405779,0.5855076829416536,-0.7391341166841282,-0.8408138043720406,-0.8889916333714528,2.3850976890069515,-1.0411158155444706,-0.11565542449152241,-0.4223216444018953,-0.07098986122145012,1.0186218062734462,1.1704831836464802,-0.39045036191298654,-1.1212737903891206,1.1256813274147792,-0.0433370435843361,0.07474460963340507,0.8154323170157878,-0.6603611272500652,-0.17562516179630697,0.9038596729471062,0.7262656943669951,0.6917005886093808,-0.19396773930456795,0.24778403417470313,-1.2280892294136236,-0.8536060580299369,-0.651936375830444,0.29418559797880084,-0.2935248489345871,0.7656375888547068,-0.4323288578124982,0.2955382486072804,0.019899924993093964,0.4159235510504127,-0.14548979778663818,0.9650082522827792,0.21996003875962944,0.3121904632616235,-0.5968878884687835,0.4706954822565315,0.3705221682868156,0.4385154337789776,0.31476900978401556,0.10466653098405665,0.0643077617027294,-0.2985636914263361,0.030079992470380512,0.5792403513824489,-0.5066449915830957,0.32904603527547643,0.30757561725603405,0.08255438819985378,-1.6055245457466272,-0.671952711798985,-0.26520285166835206,-0.3931157230153303,0.16354306543610375,-0.18416671325744738,-0.5113566998199097,-0.4201589304551151,0.5953403283703201,0.708794682627541,-1.061689289390483,1.0572006397725462,-1.4167332959603067,0.2864435583948789,0.44007685799849344,-0.43292793899580206,-0.1966226116109604,-0.8529106011084608,-0.5816901145274205,-0.6602355972944245,0.2804449320245306,-0.2043002728298144,0.020157084225678135,-0.3539013261919066,0.04826477805831131,-0.5857824623236589,-0.05943463284986325,0.0272144275003052,-0.1348531831823244,0.8020110452901568,0.608697000961808,0.5930914036249494,0.014212282245015029,0.6297485247051103,-1.0989342061625855,-0.9484626663185644,0.40800453407342646,-0.41741328710375997,0.058080237760343545,-0.3026908382899026,-0.15613413531121362,0.4202944073573938,0.4501892269913328,-0.657296645341356,0.12543551465974723,0.0935502452832142,0.05413191323921787,1.6884104071513064,-0.08786483109628851,-0.0029419914672628167,0.027555774714095316,0.6734981778406399,0.05690087994432924,0.41502422743900924,0.22672390872910195,0.1933615031913477,-0.2531244117089113,0.1149227550703038,0.28164401767887404,-0.0592763297391497,-0.09015719597044836,-0.6301638333673971,-0.366293778393599,-0.1719129016891715,-0.13823881439381192,0.18276060637954702,0.061365189579907,-0.14071001719349685,-0.3626035790735367,0.026134011823261916,-0.1447386972027631,0.3365805608630762,-0.7112896569472672,-0.23968800885090058,0.4583113345311263,-0.16418217779283747,-0.19567580275641672,0.1285534624124698,0.20536127464623077,-0.24356518598678245,-0.05051534544998837,0.2232038000700547,0.6227866024261542,-0.9875629957750123,-0.823050336514895,-0.3127373988644684,0.40784121916394434,0.4338601284107152,0.22904677438159496,0.7212194186356278,0.3074032310223651,-2.3322973024140135,0.35649450493465357,1.3088708645229195,0.008012555356258666,-0.28051894545094835,1.855668527330471,0.6399373971659785,2.220446049250313e-15
eIm_192,-7.339549874674027,-4.375848685146373,-0.904232726100052,-0.13962086831193687,-2.6717532089881857,1.2752726958660772,-1.904034474112064,1.3290335989841464,-0.9820198243828723,-0.8551597134298065,3.0170003600651247,0.16189571314382323,1.2338657618402988,0.0455717342704961,0.07925531216400505,0.26315545425682796,2.959543029583752,-0.3196135059250249,0.7025465683138643,1.378881820136549,1.883836711345489,0.09253987558739363,-2.2870105638531104,1.4719663725817462,-0.3216956535458857,0.28349023532749174,2.0158403322274068,-0.753811902037802,0.9619732669676397,2.611606799900688,0.3993441747084241,-0.8481245048162369,1.3828443414134997,-0.6283757254114997,-0.5691679727560908,-0.9507942195451207,-1.40617433222795,-1.8971390495519698,0.9736949490094216,-0.6271561552468711,0.11848530231606638,0.6648277137819376,1.672841315482684,-1.820317495485023,0.08024522511607013,-1.384559495731627,1.2924497616235615,-1.3673166801133354,-2.267617987046983,0.8370460098818783,-0.010400681976132586,-0.3895924283643736,0.043051029211746694,1.7926684366016707,1.274796735918229,-0.68644797440585,-1.1634920532854083,0.7738903610227181,-0.6111070127226463,-0.7222655295612396,0.23104659790769144,0.7322499262097649,-0.1541386299168882,-0.33004827215036725,0.08500856557511449,-0.028222479847535342,-1.8929589027458238,0.20087434017252004,-0.38287891421103115,-0.34138990153485854,-0.19978934791754677,0.47566248281224016,0.3811992232890873,-0.9360250974711057,-0.2798829068916955,0.0002547053565671309,-0.7995866706396635,0.6748562470089723,-0.8500754058512441,-0.1285676102244322,0.267173917503024,1.7620547746508506,0.10382291836885721,-0.6578056574051498,-0.5637317429658142,0.7834959777663002,0.0075445534373104195,-0.6898814211204853,-0.8217072673956074,1.0983959015561227,0.19575454056019412,-0.4676146464223928,0.6283784417470353,-0.5146377665003311,2.224079373850433,0.26805047739659194,-0.35103407070797954,-0.7539648054583332,0.9785410143639142,-0.9332657212844295,-0.32140887241719,-2.155363454655493,-0.04957939766787131,1.5396493640482567,0.3117976594252486,0.8484758468049729,-0.48762065016107736,-0.9712799441282524,1.8234718747761516,-0.8055931355217891,0.7270014520108726,-0.4259291584356546,0.06889311583974286,1.0589529096183676,-0.48170700590390403,0.4040409477548874,-1.4655624559821476,-1.7398328021468579,-0.9296626313900532,0.39015776924212847,-0.003945712712817073,1.0189279399889308,-0.533669730319657,0.36148033618794534,0.28566302217298156,-0.8774301707874576,1.6256854292732699,0.6263376857072637,-1.584396150663959,-1.7498776849345394,0.724929644057234,-0.009502166506862308,1.6235537043329409,0.012933985860800929,-0.6303097934534586,0.6398084859100044,0.5648038569694777,-0.12302113062328018,1.116784696892549,-1.0049220361602682,2.0084646131020385,-0.5589487302916037,1.7552223203555677,1.449697928958165,-0.9310466062273711,0.9338256731509049,-1.138216275358056,2.1004820835097915,1.0941611827851132,-0.01166062882618113,-1.4137450484648688,-2.803851916847946,-0.32623305356288657,0.1198343567933995,0.6412481896086786,1.037402949518076,1.0009663418002654,0.3899857026334372,0.7791137946744355,-0.10127069388200927,0.12871524049148841,-0.042260536621113724,0.05209099225449873,0.3889782468934062,0.23263124330809304,-0.30538247612048464,-0.14672636791234717,0.07519273348735145,-0.013480772264377022,-0.2745897796271122,-0.043595072487442765,0.002367864668687547,0.13162607862627262,-0.09408485320243165,-0.0610518962937302,-0.1674650632333332,-0.07626625014984101,2.220446049250313e-15
eIm_193,-1.5763267273711055,8.664774871623623,-0.814887925688784,1.794135993481591,5.979116929852556,2.4841728634610174,1.8297467348068173,-0.47664498268647737,3.8824298942018247,-0.7345248437201747,0.39086259553071956,-1.136939593413355,0.45941977398528155,0.4989846693846598,-0.5578569548059894,-0.49585333173864754,-0.6456438674320076,0.07740989774432006,-0.3447262359040386,-0.006600839299860467,-0.7717998229837861,0.24510921023436405,0.4656227565757698,-0.8503069239734209,-0.25188211312061437,-0.9647190601328999,1.0312591287743547,0.6247165178681877,-1.2276033264662218,0.6043548279481263,-0.45515213254904574,-1.0699095447812235,1.8807291711350786,0.1865830798674945,1.8266916442034478,0.5090224606422771,1.5139338669198434,-0.6387522381478676,0.7522569132840495,0.002809527742499915,0.41407669829586186,-0.5575745480740397,0.5130299742313684,1.6328140838186962,-0.5695653500950321,0.36308842236352357,0.12374203304529957,0.23842452136190095,0.11409302882364059,0.07431163341308361,-0.3359088287929673,-1.1890843005887803,0.36214177717045265,2.1524757935586023,-0.8648650748859524,0.18497068405419226,-0.9086935868185926,1.6016381435055322,-1.15614951133385,1.349197386933855,-0.8013850430434405,-0.6248935179519602,0.8388853575221633,-1.8571181906974616,0.4911147951132119,-0.7061815717369163,0.22542916265619134,-0.17849428275771184,0.45196531963316633,0.7723377125359241,0.7013882513747529,-0.6147298201184991,-0.6599573802895998,-1.1260271078917476,-1.9870324781200974,1.0260418478600366,-1.2265526144016512,-0.460280500388792,0.1295013622435456,-0.7034900872388113,0.48109670412137695,2.3052339053975732,0.7006673422756065,-1.6947797439801453,-0.6386894751521843,-0.10254852261987782,2.9673323895009247,-1.1433346471994623,1.35489057090254,-0.3661503850709122,-1.869148317794688,-0.3643907165571386,-0.9421265096351047,-1.8851095011607202,0.3569479137807108,-0.8783258536511149,2.07771947463584,0.07208628205554217,3.0881433515013637,1.6431297267799574,-1.534654924967378,2.015957508193275,-0.21998740404494724,1.4834693351507136,0.2621002206385178,1.774263950428799,0.14883616321961055,0.2283388143840042,-1.3056550937638398,3.1431061877710316,2.0293764406341235,-2.6206338512276055,1.071658102276484,1.326235436027281,-0.7646122207758442,-0.2562614670924548,-0.8726303767690506,-1.3494271405790514,-0.08975815252743502,1.2069108148952221,2.340335130839096,0.6675652587315759,-0.9972478389696637,-1.3655798757284874,0.003804394502753272,1.65231757238712,-0.028127677907605397,-0.46037537856903965,0.8738722583674634,0.6668163885734266,-1.5168234180762625,-0.24903422079760057,-0.0715348354971175,-0.8791155470551654,1.948166305054015,0.1681555797939751,-0.3127484723812648,0.29565036093913144,0.940856876722256,-1.3268739789545623,0.42181662174843026,-0.8649645688806028,-0.32468595943156503,-1.8660714874616189,-0.2599727640786071,0.6803494996161679,-0.3442331426466346,-0.12436736861819131,-1.0364063649794608,-0.6327351626586374,-0.4561168621263542,-0.29831565317630093,0.3496349416956057,-0.25445253232825965,0.1723449056670401,-0.5428155313517338,-0.10735660804513225,0.019027404098038048,0.004545634724117675,0.01131612841181684,0.3600242608854798,-0.12679621164513288,-0.2819598059631284,0.05492583169006407,0.02048710262887843,-0.023848411076014597,0.07170714658743038,0.07494802374033732,0.029713508218086382,0.0721648117470064,-0.05044673557935808,0.0838557254926871,0.07342710656452578,-0.04614628389908182,0.15873385883434854,0.03997203424988327,-0.08950440450162045,8.881784197001252e-16
eIm_194,14.900529407254105,-3.625372303244881,-7.99323523679928,-1.1606534531803092,1.22217048494031,1.4016696792300782,0.5750887976420921,-0.45741944680648516,1.5819198865165793,0.7974824112384938,0.850389614848818,1.539410862628701,-0.8281575987484454,0.28024067530172414,0.22830137924886018,1.2862710746042523,0.16693343544537625,0.7757610262416967,-1.1959773402187226,-2.4804265825732483,-0.7244381986301371,-2.8357541214859987,0.20044367132976937,-0.7386905826358883,-0.8159787620473736,-1.57530568172718,-1.1342782614004112,0.0804822159222682,-1.3949246355089793,1.947562574670361,2.8245338217188207,-1.085364628009365,-1.513218840671615,-2.069124720226582,-2.026040050333499,1.0907368927406056,0.29171693539221,-0.34144414461526723,-4.583795846650817,-1.4166636079831598,-8.10701473095678,-0.5126868815579535,-0.03378656149330056,7.075505785003788,-1.1794451844098615,-2.960216875651594,0.32099096006564126,-2.622956868976062,0.9651401154399133,4.841222445713161,2.58320453606397,-0.7632181730817716,-5.708550874235353,5.187487084396915,0.7110548092863276,-0.23243424149907943,2.127871855333712,1.0981071502368338,0.6882931175073246,0.8750938312942402,1.4045271405002406,-0.33300255770740605,-0.557734323022526,2.120614457864102,0.97477969035603,2.3148741789424587,0.6877375950150875,1.296437045290758,-3.4116198475346495,2.4258848034718272,-1.1884884460987055,-1.5660257763708871,0.9083943914372389,-1.1358876047256277,0.66437452264709,-1.5701558969049372,0.5478412659476779,1.722558195813484,-0.435172324959557,-0.6895271177456008,-0.36861289070731995,-1.4397317571277535,-0.43482856039834744,-0.3030715499533161,-0.11584886445594145,2.166314503494551,0.43781530825351545,1.3517738444901668,1.00758638898939,1.5242170284662941,0.15551236983527442,0.11613241991832168,0.2110040093450497,0.4230154032189099,-0.5549851306961451,-0.5087135062518162,-0.4643566048347858,-0.039345728302095886,-0.7129332279822429,0.505039721634914,0.2032988221043126,0.3492094463543325,-0.40766577692056016,0.19273640834337563,-1.052473106715603,0.08922910921058472,0.005696235333510574,-0.3298341965751189,-0.6394592669982384,-0.585428459629384,-0.5225828101035913,0.3817397500605062,-0.18116168303821675,-0.08387178035658678,0.09838997013434214,0.23870064265371815,-0.07543142794460894,-0.3646001187033019,0.6588860506128087,0.3659609441784543,0.15988587613678262,0.5490889063622881,-0.24691043578432725,-0.42010293768827833,-0.4851343062222402,-0.14654134400735497,-0.0026123429556588196,0.1580736751874997,0.34365783995736265,-0.1184345352948184,-0.14576091547274084,-0.24855220948396878,0.045705912525192266,-0.4834961349963209,-0.17153185804259619,-0.014231603586684294,-0.029037133989099906,-0.143838258515185,0.2548742057911954,-0.07617387125746689,0.35809753267288236,-0.4166523749340483,0.16297837635187662,-0.13083787614657905,-0.09672446774131863,-0.05825754879227091,-0.19337390014662337,-0.09028375463209848,-0.4098452170119326,0.06969887284794463,-0.034832743071447736,-0.19532126049233645,-0.0499670208734988,-0.10726779070524729,0.13582135264399778,0.07830968912107394,-0.12536521772933495,-0.0890119372601923,0.0575537547412594,-0.04198258621718931,0.16871033108050915,-0.014969516777628027,-0.015040841432925556,0.05008120922034129,-0.09483895428670985,0.11639224069729592,-0.023736823075917846,-0.07582978350641223,-0.10503997772936768,0.012404349051488905,-0.037629466457290706,0.11732452534697618,0.05783408480286756,0.04486156144141962,0.030978220903436493,-0.05547265559162362,-0.03304283180536072,8.881784197001252e-16
eIm_195,15.660121222053794,-5.8266246717308405,-12.327221328721807,-1.1368070340441978,1.489058803852968,0.1943603220343122,1.4758186606178456,-0.5579327687838447,1.6257082019850024,-0.2298155946036725,0.6231190197342326,2.77052369719477,-0.06794961997267679,-1.377161738189478,-1.3108969047972696,2.8172765334773495,2.68237282697013,0.4626068067889082,-0.6509452153254902,1.2972776052689277,-0.852436256661204,2.0708649102317795,-0.7693638951283852,-0.45699020603011153,-0.5338561273872955,-1.5018752140882399,0.47320862683000875,0.20939857217820254,0.7826827081961502,1.3823451017241317,-1.1798381474927704,-0.10521670915342995,1.5339579669185341,1.1460341994706684,-0.0698776255330052,-1.6458962694080508,0.33125386916639843,3.148282754280467,1.3879003164573642,1.6933646249061798,1.979986053568769,-2.222365719781802,-0.2793177669268329,0.08188034252090559,3.712733278475765,-0.03115574853992449,3.721184131112079,0.9929365098958782,0.5540443287201502,3.143822883471594,-1.3638248840803358,3.100076679376215,-1.1589637696688881,-1.0404201315212298,-0.8285216459883313,-1.1890110984650635,0.030810520912735284,-0.724839461261708,-2.1030950858825794,-2.1054443047650127,-1.331079335351533,1.0129921426552388,-0.7372487821936142,1.2816294981858802,0.19482941581844804,0.28746949484330353,1.4181314403698815,-0.4552771915692495,1.312816400400244,1.3068630827253476,-0.8851448103239752,0.498282782587947,1.245111857153594,-0.26278908130278134,-0.9428082557963552,1.4435903429021562,1.3465564007451802,-1.0139411285406525,0.32716682502813377,-1.7490823352426292,-0.2630939301979235,-0.4185404187303395,-0.6769164086357484,-0.4013099056857754,-0.371631753546106,0.28399978320051733,-0.5541734459345254,1.4135174026041426,0.20896574749264718,0.5234506572725932,-0.772402523220749,-0.20367496593387424,-0.39359513197418716,-0.7357982672251331,-0.9544747171930559,-0.4955771309536672,0.0017640232126725497,-0.22739262951320677,0.06022106789002302,-0.045039502871356496,0.43916616781189544,-0.6204986928418332,1.3917077869694912,-0.05879652382031009,0.4604368195098022,-0.22006161604444505,-0.2771363462849096,-0.7274230341402775,0.08178480901411678,0.046222824027756515,0.599475759611425,0.06021974591601542,-0.4607721016598816,0.1533891077719513,0.2121547323216294,-0.3015083953788711,0.19363940206046315,-0.7894982279865883,-0.5320139324992529,-0.6250586873394459,-0.015907516929723475,-0.006441113464331849,1.1504507100105985,-0.5310047308461847,0.2872653081697586,0.3766610829020488,-0.050955667378327574,0.2254095928629848,0.12102295895332182,-0.20085172859507594,0.23034093809253298,0.07461293751812648,-0.36440132497906175,0.5170999298640575,0.6763436656954906,-0.9491503565471044,-0.29948474813668774,-0.1474844381913401,0.3555245942251069,-0.2364709840340773,0.0060390744080709435,0.013673973790302107,0.119729623741267,0.19377344770668647,0.08646395646797386,0.4447814282169767,0.31825512251797405,-0.18012803745333938,0.5477250687021018,0.3792786602871525,0.4313152136147004,0.03789465970002581,-0.06720804946377545,-0.1613108750983282,-0.14122762518176754,0.058235357078725514,0.3680746679680986,0.4026218711783527,0.2855210756521786,3.2875281254881714,-0.45526427082799725,-1.6893878914466947,-1.4490536537507068,-0.1298338458050153,0.6006595737940152,0.6577488686130225,-0.7177917929065141,0.5260407449251108,-0.06766120709780488,0.13707777652550024,0.17521643286811073,-0.07150576198513459,0.12974144287089362,0.4891144332195101,0.4133555259273568,0.08239068289725582,-0.05220766903619578,1.7763568394002505e-15
eIm_196,12.09678579491728,-3.9017359811474805,-12.46573622378493,-2.8085180735383215,1.929423824760317,1.2113188756743558,-1.6977947372639801,1.6381441421623977,-3.2711634748870866,-6.3304156414338175,-6.101244974932101,-6.728596119152933,2.560930121342573,0.6950731941195192,0.7679345116402168,-1.808845347181379,-2.786183753411872,-0.36301130399994874,-0.8172470621562615,-1.1585093327211853,1.9319456919763607,-0.6877376650945134,-1.4211266191464633,-0.41389080070391643,-0.16501569939260174,-0.2863165504488856,0.4783404280152104,0.2671395202518849,1.0424142805530712,-1.5473147308195305,2.7396783923232473,-0.060241706142686535,-0.2062699024310377,-0.541829627846508,0.7045881296671501,-1.1070875811747751,0.2863393560307579,-2.5814790890124515,1.1381038853421879,-0.6473967799580957,0.04222238593978981,-0.9097448692827073,0.1992413744666615,-0.476232604583667,-0.11597962417051011,0.5754866625661156,0.21220336688566663,0.2773966004187973,-0.21538934491008244,-0.9963339531161756,0.16349612087465443,0.8241721881912295,0.5956567573201588,0.46556658395986567,0.5781256386009985,-0.8954427229377975,-0.9901062447694488,0.028067812673163273,0.1077144426443084,-0.9577832231912866,0.06397642620629418,-0.2912209500990902,-0.5087972029986745,0.3033514187043205,0.16974196462182345,0.5437205633123937,0.33902865809841004,0.4649516279518815,0.7190203136729225,-0.06459225302810018,-0.49931525850295533,0.06014202355914027,0.2721823358002825,0.0364641667486838,-0.11363153657345493,-0.48509666448820243,0.3383828944773278,0.38103831048718984,0.52389600084881,0.18902416868009164,-0.03541988796897333,0.4434741087984514,-0.3457385767729601,-0.10670614377484422,-0.324869462045712,-0.29895601853100273,-0.06357780793989704,0.060644819110072135,0.0549983112053003,-0.3169111940601725,0.1444892449415607,0.18750744374240924,-0.40101051598261506,0.008160013302767333,-0.26420305536186894,0.25138039373854837,-0.102917706788211,-0.133944330371582,0.3451976087514429,0.31693734223200637,-0.27877728294416626,0.265911778434193,-0.13270278876803945,-0.2371403478965199,0.1154332283768933,-0.09480376569432866,-0.3706357877970926,0.29748801115036017,-0.1325113351347692,-0.12364827888736857,-0.1945381166535447,-0.08654808116072399,-0.056123005831650336,-0.17974303752992987,-0.052807617227469184,-0.21641450654315175,0.021959434578711357,-0.2518441239247986,-0.4162810064719681,0.00535632274413167,-0.2311443627924178,-0.2592410755299275,-0.21629752380466494,0.33355121853542996,0.35400444417856924,-0.33400992275393493,-0.6220849563089397,-0.24355858053266283,-0.17486794703412212,0.3768647078901528,0.475485054098423,0.1954080956892944,0.0562995067705869,-0.26939061109018075,0.08724582547308513,0.42998803999230395,0.09371387553654797,0.21274690950172648,0.16888552883011637,0.32229522969344987,-0.1367561580447625,0.2636515651682264,0.3113250004287233,0.07027570392066551,-0.14012721257532565,-0.28444567821560374,0.10087816113381476,-0.07997262976254926,0.21634766665777933,0.47092939325253114,-0.09477123221014444,-0.4275382361781339,-0.5163349561086215,-0.5379373975955446,0.255098342460154,-0.0957647377452917,-0.6723375418829916,-0.6807522209442367,0.5060237253882605,-2.5254894450534646,0.09735541919862789,-3.9261446963204776,-0.5126831915979314,-0.28017459165965686,-0.6592554529502606,0.48928127571456625,0.26171681203634256,-0.32653516465904164,0.5234693464458082,0.20077515244022304,0.07193661392422634,0.6660145691907204,0.20258483402872707,0.45084669903002306,0.23337307923527406,0.08431612894755591,0.0069108699505585625,1.3322676295501878e-15
eIm_197,17.65525132429788,-3.733975347322182,2.7375110704210472,21.915289573571172,-1.785194485477556,-3.35296152756524,1.582735525326509,-1.520449657172175,0.3783100771922331,-0.44003580091007677,0.2313205032565145,-1.0026378196613848,-0.13548291543454238,0.4715174309816006,1.4377045424942916,-2.27717755991221,0.2731530637484248,-1.8506033742516865,0.4602537219471601,-0.8098181532651548,-0.17062772949593905,-0.4466361356529872,1.0908444332737475,-1.4370781151604064,-0.5495777915127882,-0.8334706088991551,0.604553871446848,0.07113466565135876,-0.01823019752010213,-0.6049301322019527,-0.4973217739324033,-1.2817317115019284,1.128539738899947,-1.5537690405233475,0.21324060769174147,0.29160392848581473,0.41147238833406097,0.16422034534357588,-1.2414531273925347,1.0874893034610071,-0.5132981196456786,1.0771246609429508,-0.2879004157752462,-1.2672456041719307,-0.8206250072196849,0.6157956717158896,0.36664769973620776,0.45752302841294545,1.8293445090470999,-0.18883284135109096,1.5071100836978277,-3.3074199679662026,0.5957622446073365,-1.3911537953643982,0.9958062917363784,0.015609411401484197,-0.18100072785998295,1.5139826354363461,-1.0985082036986906,1.1022209209050076,0.5158398317331641,3.6531855821003503,-0.37500640394727447,-1.154574919911997,-0.17284550939944365,0.7536784797554669,-1.100002799080796,1.011726265344016,0.15522961013570646,-2.690066389234773,-0.8425283235664637,-1.591434285666201,1.3051830091174468,-0.7683380839485761,-1.5627153345816056,1.619607819322891,-0.6348241100344167,-1.5682966751142853,1.9749104072707646,0.6121023702265068,0.8759411343391509,-1.86490428922226,-0.0074947774473954065,1.3134240083854742,0.8486240698181584,-0.3090176994820499,0.30291664791305756,0.19216841701182075,2.4707029399610074,1.2400610862640766,-0.4830182505492938,-0.14405922049869646,0.6517432306799059,-2.4387649707954786,-0.9250133930971085,-1.3437490685201179,0.5200336959593473,0.2000295006064311,-1.128373184675992,0.7166802641267964,1.6549017554671275,-0.3857483838626104,2.2421072441075935,-1.4249892537910316,-0.44819207903633157,-0.2693794066574725,-0.08329557361098075,-1.3318529616843506,-0.6866350408121797,-0.877838402119854,-1.127877792159138,-1.6280337407616339,0.8349380333560291,-1.0433010899912314,0.005615893790728355,-1.209516296757893,0.7509115516576481,1.2912730882813523,0.8874301423367691,-0.20318258112784887,1.0099204717022514,-0.9710728354099851,-1.2302652938282448,0.9957637051263886,-0.6622053784216122,-0.7814527400010637,0.4196328080938614,0.2987453552263959,-2.2346924138409436,-0.972277101385894,-0.07345214818502765,0.5345042371508015,-0.18149780996838108,-0.08966216683465326,0.3626881268472282,0.24028412887710915,-0.1646685069166438,0.3707131937214839,0.5628347685048098,-0.29348505908642997,0.24356090371475925,-0.46144640772955425,0.31303784648822774,0.27567878691216274,-0.10949427602174247,-0.17999948837325602,-0.39364996851541234,-0.16037822996237178,-0.20820411768645486,0.4532246250390093,-0.2809083093309954,-0.4886647801472346,0.4196955174996593,-0.0463349792141791,-0.45660678581893527,0.03723513821338109,-0.007464870692508008,-0.2880498831966687,-0.14906349964978816,0.07745033583904626,0.15149241195632146,-0.37767326500691845,-0.007704111725557905,0.018398225600976398,0.0267079106149386,-0.1215608584960545,-0.11592003762076164,0.016460414978100968,0.017538422777393925,-0.09337360353359647,-0.06996262074356085,0.007481926357266466,-0.06077173742631281,-0.08329644685309079,0.16422164612553425,0.055989467644751656,0.01352872483730605,1.7763568394002505e-15
eIm_199,0.9169227393298982,6.1355105531455,-3.4423518169978458,-0.7499722967459004,-4.767385131088655,-2.283707641043621,-2.0858412456599233,3.00241754579913,-2.310321165268161,1.24526072680352,-0.3850325986366647,-0.16008210462974248,0.20690464053888313,-4.728649701254771,-1.7631419025383714,-4.204220707577781,0.39314215601336666,1.0986284072406616,1.513571141713893,0.01057336978815418,-3.6734842419764,-0.44689772760990165,2.0874396212606516,-3.996134006613343,2.4319372027566644,-2.5932238560066554,1.5335427603660512,0.2979350251411015,0.8618843884334514,-3.8123337148205456,-1.8103584243534108,-0.27009349215901657,0.8349004692480264,-1.3162722255103614,-1.402850498163437,-0.3835788297779852,-3.5194934349297666,-1.442908957928822,0.7009837551675928,3.864946232603798,0.2430779221679266,0.2860857981926246,0.13692978528924915,-1.8283887055287082,-0.15219401435663216,3.044760793777518,-1.3682665271930594,-3.0251348454515155,1.4621958262729462,1.713523325931611,0.3232342939398733,0.7228429798206524,-1.0915483636648344,0.7318081203868078,-0.7067800952809848,0.7568800962544071,-3.2643602496977113,0.612126297578536,0.9546690246491676,-0.5202604561503652,-1.6528970558081548,0.3878755879409684,-0.39635922497805187,-0.4158694225146189,0.7240114338698455,0.8375854230732639,-0.03689506629090661,1.4563649704399675,-1.151294395337347,0.19981025098429847,0.7932527417431288,0.10051020634478705,-0.40368532930837964,0.21287403723874365,1.0635837137740118,0.8810841353971449,-0.07215297789615338,-0.3959229321727742,-0.5519038912342484,-0.45317459900130763,-1.0551878635441896,-0.15841514703140425,1.0342966654742156,0.6178649906650666,-0.18093711324327932,0.578955290027783,-0.31590094367998917,0.6699139571230963,-0.5012779744158441,0.2707789773002742,0.43027847094157745,0.7260473591623594,-0.5469629782339299,0.5037999345910988,-0.37789191271349143,0.009851198463827648,0.6985370257414287,0.1414999206497446,0.43250936035178844,0.2083161691483461,-0.34223309752069,0.011652459587748326,-0.4014069322181597,-0.2408010047355899,-0.43307775459311554,-0.009594543274936557,0.8427667897537529,-0.2402565071721328,-0.04873167354760788,0.3700896607397869,-0.13966680151919464,-0.38727557609037877,0.6162110914462435,-0.09272411778741323,-0.3630946599953079,0.06112511363073192,-0.010052391734808153,-0.3569984087867464,-0.4702466721638435,0.11808085730101597,-0.19372031264722944,-0.4918744088400695,-0.07819438833110415,-0.6028647533834337,-0.45862209345368243,0.34324358255869936,0.1455983206167255,-0.5623258888786192,-0.323243245154587,0.19048606541668267,0.38138841784578537,0.13331494562175494,-0.3482235179622237,-0.22343809115921734,-0.10802887767378833,-0.2093795219268617,-0.5234726886942032,-0.45965227313605556,-0.15680375558861265,-0.10406887769805273,0.30525671790884545,-0.4024013907321726,0.3157403221064513,-0.14161636252507293,0.10241755818390005,0.20700641512815848,-0.2788167260914195,0.1900858413884461,-0.18465176971126485,0.23126191968812204,0.018430453655282175,-0.19158918076771392,0.19552533679993345,0.25294689259352626,0.3723952448364822,0.5106868660247095,-0.517095422515089,0.08752685756384715,0.10985192856480197,-0.662851343930799,-0.04047855461164995,0.1427272783257783,0.7891351922028869,-0.3317009427125003,-0.2346576519207384,1.7313764317489522,-0.7744615907653474,0.7781467258982819,-2.380515649570838,0.6245140515709968,-0.29030541864027093,-0.7635645260588866,0.7754088557732499,0.6048468479962166,-0.18422130673586856,-0.28140202812978526,0.3788074610859025,1.3322676295501878e-15
eIm_200,-0.2821583536930934,6.445519424639378,-2.6108715386308172,-1.0532699059004553,-3.304535894970227,-1.4029050538644672,-0.0401399108952486,1.0500057025334637,-0.5597982988460256,0.6061560606584727,-0.4823172694045148,-0.854531018332932,0.23488623595424007,-1.607384637201684,-0.06857989715393964,1.1609051643408308,-0.13868913339574887,0.4068206926589657,0.1525589320013998,-0.4844511958073823,-0.3685051331064695,3.2089443339793386,0.9721558807915389,-0.7842568336204927,-0.22752951093112972,1.2324530225897061,0.6462934666639703,-1.4421062255032293,-0.3978034922200836,-1.6050986279566224,-2.1502440714690767,0.8805438555459634,1.427051217934304,1.870224268159799,0.5370618323202216,-0.24313568668037577,3.4975086542083265,0.5401068369367026,-1.138208898051748,-1.7804924126528006,0.6242138119303466,3.1532394075241923,0.18570981888395793,0.4850598842619598,-0.42899362663180185,1.4182613083463245,-0.6446878161326053,0.6365767415007403,0.02995419790802989,-0.25289652857507927,1.251193569602507,1.7831375237664064,0.5915277069756826,0.6193801460987207,0.9291442001378105,1.5505911491411315,-0.07807325488724903,0.9785585448572303,0.8744402458492506,-0.44250327003825557,0.8716812507674288,-1.3469822488880174,-1.316788349377735,-3.3151232512074578,-2.5417537997326103,2.607197767029927,2.339182837519556,-1.182249056309137,1.180621750620017,-0.390316484347979,-2.592708340933747,-0.4536689395189011,-1.8900526955442263,-2.1412398179094025,-0.07246381193911511,-1.215653223186556,-0.36621892329052924,-1.4014099070344808,0.3768898835220711,-1.2150848595743169,-1.8820371613871831,-1.5334242767075885,1.486923751007067,-2.328853334164073,-0.44609567114922966,2.1279129422973693,-1.7778143544943976,3.4735866590653797,0.5468593641511679,1.1203879988419994,1.6983931264221528,-0.4852330846291232,-0.19276913916941874,-1.6516705494373352,1.8125474293128059,-0.21332768924008194,-0.3489472802482618,-1.9010446280513396,1.8969373376428196,-1.9314853774590441,0.8314967808233108,-0.8171128911709276,0.66149865119751,-0.022181590705931564,1.2777348107193132,-1.4593552237732625,0.9695259278340014,1.4233894188271325,-2.1321229983348875,0.5892546902756145,-2.7167062236753523,0.22641228618578713,0.9614273194870843,1.387224792378557,-0.2773380534162445,0.007790247957754626,-0.6874576466701601,-0.18177367746356765,0.5009468072090337,1.4100050535351114,-0.3267860313108927,-1.0070586847610827,-1.4535301504690936,-0.1295488070156442,-0.29838123633360514,0.00034467735607646155,-1.3682204286478634,1.1894656985775054,1.2695079283032753,-0.6863783687611775,0.5493604270562386,-0.06987627422750486,-0.5468285144976912,1.3163861736554665,-0.17147483596300495,0.46954319790920795,-0.4019820115629697,0.38578823633524856,-0.5551056810492643,0.04430893396909319,0.5728077110425225,-1.0790969229545073,0.16656487220880695,-0.7889321880753223,0.8127481762345701,0.10477409051270764,0.4813838494632289,-0.19144667015864458,1.504768383274195,0.6674566608971106,0.00040330635308868934,-0.5142591295662522,-0.40324435991914065,-0.06892809784421229,0.18395810466364457,-0.4376052360246824,0.45933539659094214,0.31151007432351424,-0.101354086365957,-0.29160475786305795,-0.03360027519730413,0.17141519663946492,-0.35191983255465664,0.4543128624724587,2.9811754767017362e-06,-0.15664451351290232,0.015568479316623529,-0.0456860772636305,0.06661659514339147,-0.29571258217217833,-0.10105240368846902,0.0030355967242571835,-0.10564403093617214,-0.1462373113974058,-0.007085965831579277,0.08423804398933621,0.019610128034766583,3.1086244689504383e-15
